제품명,이미지 링크,가격(원),에너지 소비효율등급,냉방 소비전력(W),냉방능력(W),정격전압(V),실외기 크기(mm),실내기 크기(mm),냉방면적(㎡),바람세기,제습,색상,제품사용설명서
LG 휘센 오브제컬렉션 타워II 에어컨 2in1 (4시리즈),https://www.lge.co.kr/kr/images/air-conditioners/md10302855/gallery/medium-interior01.jpg,,2등급,"1,830 / 310","6,500 / 1,600","220, 60",870 x 650 x 330,"380 x 1,915 x 295",71.5(52.8+18.7),5단계,O 있음,크림 화이트,https://gscs-b2c.lge.com/open/downloadFile?fileId=CSr78KtELvOMwqG5DMlLw
LG 휘센 AI 오브제컬렉션 뷰I 프로 에어컨 2in1 (6시리즈),https://www.lge.co.kr/kr/images/air-conditioners/md10495867/gallery/medium-interior01.jpg,"4,107,000원",2등급,"2,100 / 310","7,200 / 1,600","220, 60",870x650x330,"350 x 1,840 x 295",71.5(52.8+18.7),5단계,O 있음,에센스 화이트,https://gscs-b2c.lge.com/open/downloadFile?fileId=CtIk6J6F6mXmEPYS6XYVZA
LG 휘센 오브제컬렉션 타워II 에어컨 2in1 (1시리즈),https://www.lge.co.kr/kr/images/air-conditioners/md10302862/gallery/medium-interior01.jpg,,2등급,"2,070 / 310","7,000 / 1,600","220, 60",870 x 650 x 330,"380 x 1,915 x 295",75.6(56.9+18.7),5단계,O 있음,카밍 베이지,https://gscs-b2c.lge.com/open/downloadFile?fileId=CSr78KtELvOMwqG5DMlLw
LG 휘센 오브제컬렉션 타워II 에어컨 2in1 (1시리즈),https://www.lge.co.kr/kr/images/air-conditioners/md10397832/gallery/medium-interior01.jpg,,2등급,"2,070 / 310","7,000 / 1,600","220, 60",870 x 650 x 330,"380 x 1,915 x 295",75.6(56.9+18.7),5단계,O 있음,카밍 베이지,https://gscs-b2c.lge.com/open/downloadFile?fileId=CSr78KtELvOMwqG5DMlLw
LG 휘센 오브제컬렉션 타워II 에어컨 2in1 (1시리즈),https://www.lge.co.kr/kr/images/air-conditioners/md10396871/gallery/medium-interior01.jpg,,2등급,"2,070 / 310","7,000 / 1,600","220, 60",870 x 650 x 330,"380 x 1,915 x 295",75.6(56.9+18.7),5단계,O 있음,크림 화이트,https://gscs-b2c.lge.com/open/downloadFile?fileId=CSr78KtELvOMwqG5DMlLw
LG 휘센 오브제컬렉션 타워II 에어컨 2in1 (2시리즈),https://www.lge.co.kr/kr/images/air-conditioners/md10396863/gallery/medium-interior01.jpg,,2등급,"2,070 / 310","7,000 / 1,600","220, 60",870 x 650 x 330,"380 x 1,915 x 295",75.6(56.9+18.7),5단계,O 있음,카밍 베이지,https://gscs-b2c.lge.com/open/downloadFile?fileId=CSr78KtELvOMwqG5DMlLw
LG 휘센 오브제컬렉션 뷰II 에어컨 싱글 (1시리즈),https://www.lge.co.kr/kr/images/air-conditioners/md10382826/gallery/medium-interior01.jpg,,3등급,"2,080 / 320","7,000 / 1,600","220, 60",870x650x330,"350 x 1,840 x 295",56.9,5단계,O 있음,에센스 화이트,https://gscs-b2c.lge.com/open/downloadFile?fileId=ditrBeCvVWBXk8ETocZrQ
LG 휘센 오브제컬렉션 뷰II 에어컨 2in1 (1시리즈),https://www.lge.co.kr/kr/images/air-conditioners/md10462826/gallery/medium-interior01.jpg,,3등급,"2,080 / 320","7,000 / 1,600","220, 60",870x650x330,"350 x 1,840 x 295",75.6(56.9+18.7),5단계,O 있음,에센스 화이트,https://gscs-b2c.lge.com/open/downloadFile?fileId=ditrBeCvVWBXk8ETocZrQ
LG 휘센 오브제컬렉션 뷰II 에어컨 2in1 (1시리즈) + 뷰케이스,https://www.lge.co.kr/kr/images/air-conditioners/md10436850/gallery/medium-interior01.jpg,,3등급,"2,080 / 320","7,000 / 1,600","220, 60",870x650x330,"350 x 1,840 x 295",75.6(56.9+18.7),5단계,O 있음,에센스 화이트,https://gscs-b2c.lge.com/open/downloadFile?fileId=ditrBeCvVWBXk8ETocZrQ
LG 휘센 오브제컬렉션 뷰II 에어컨 2in1 (1시리즈),https://www.lge.co.kr/kr/images/air-conditioners/md10462826/gallery/medium-interior01.jpg,,3등급,"2,080 / 320","7,000 / 1,600","220, 60",870x650x330,"350 x 1,840 x 295",75.6(56.9+18.7),5단계,O 있음,에센스 화이트,https://gscs-b2c.lge.com/open/downloadFile?fileId=ditrBeCvVWBXk8ETocZrQ
LG 휘센 오브제컬렉션 쿨 에어컨 2in1 (1시리즈),https://www.lge.co.kr/kr/images/air-conditioners/md10560846/gallery/medium-interior02.jpg,"2,945,000원",3등급,"2,350 / 310","7,000 / 2,400","220, 60",870x650x330,"350 x 1,795 x 266",75.6(56.9+18.7),5단계,O 있음,에센스 화이트,https://gscs-b2c.lge.com/open/downloadFile?fileId=HZtfnmMP7cpxSJ5TcMtT3w
LG 휘센 오브제컬렉션 쿨 에어컨 2in1 (1시리즈),https://www.lge.co.kr/kr/images/air-conditioners/md10560847/gallery/medium-interior02.jpg,"2,650,000원",3등급,"2,350 / 310","7,000 / 2,400","220, 60",870x650x330,"350 x 1,795 x 266",75.6(56.9+18.7),5단계,O 있음,에센스 화이트,https://gscs-b2c.lge.com/open/downloadFile?fileId=HZtfnmMP7cpxSJ5TcMtT3w
LG 휘센 오브제컬렉션 쿨 에어컨 2in1 (1시리즈),https://www.lge.co.kr/kr/images/air-conditioners/md10560847/gallery/medium-interior02.jpg,,3등급,"2,350 / 310","7,000 / 2,400","220, 60",870x650x330,"350 x 1,795 x 266",75.6(56.9+18.7),5단계,O 있음,에센스 화이트,https://gscs-b2c.lge.com/open/downloadFile?fileId=HZtfnmMP7cpxSJ5TcMtT3w
LG 휘센 AI 오브제컬렉션 뷰II 에어컨 2in1 (1시리즈),https://www.lge.co.kr/kr/images/air-conditioners/md10558826/gallery/medium-interior02.jpg,"2,942,000원",3등급,"2,080 / 320","7,000 / 1,600","220, 60",870x650x330,"350 x 1,840 x 295",75.6(56.9+18.7),5단계,O 있음,에센스 화이트,https://gscs-b2c.lge.com/open/downloadFile?fileId=2Arpmb0HBJ4s18wvcKHcUQ
LG 휘센 AI 오브제컬렉션 뷰II 에어컨 2in1 (1시리즈),https://www.lge.co.kr/kr/images/air-conditioners/md10558826/gallery/medium-interior02.jpg,,3등급,"2,080 / 320","7,000 / 1,600","220, 60",870x650x330,"350 x 1,840 x 295",75.6(56.9+18.7),5단계,O 있음,에센스 화이트,https://gscs-b2c.lge.com/open/downloadFile?fileId=2Arpmb0HBJ4s18wvcKHcUQ
LG 휘센 AI 오브제컬렉션 뷰II 에어컨 2in1 (1시리즈) + 뷰케이스,https://www.lge.co.kr/kr/images/air-conditioners/md10664833/gallery/medium-interior01.jpg,"3,042,000원",3등급,"2,080 / 320","7,000 / 1,600","220, 60",870x650x330,"350 x 1,840 x 295",75.6(56.9+18.7),5단계,O 있음,에센스 화이트,https://gscs-b2c.lge.com/open/downloadFile?fileId=2Arpmb0HBJ4s18wvcKHcUQ
LG 휘센 AI 오브제컬렉션 뷰II 에어컨 2in1 (2시리즈),https://www.lge.co.kr/kr/images/air-conditioners/md10558877/gallery/medium-interior01.jpg,,3등급,"2,080 / 320","7,000 / 1,600","220, 60",870x650x330,"350 x 1,840 x 295",75.6(56.9+18.7),5단계,O 있음,카밍 베이지,https://gscs-b2c.lge.com/open/downloadFile?fileId=2Arpmb0HBJ4s18wvcKHcUQ
LG 휘센 AI 오브제컬렉션 뷰II 에어컨 2in1 (2시리즈),https://www.lge.co.kr/kr/images/air-conditioners/md10597864/gallery/medium-interior01.jpg,,3등급,"2,080 / 320","7,000 / 1,600","220, 60",870x650x330,"350 x 1,840 x 295",75.6(56.9+18.7),5단계,O 있음,카밍 베이지,https://gscs-b2c.lge.com/open/downloadFile?fileId=2Arpmb0HBJ4s18wvcKHcUQ
LG 휘센 AI 오브제컬렉션 뷰II 에어컨 2in1 (2시리즈),https://www.lge.co.kr/kr/images/air-conditioners/md10558866/gallery/medium-interior02.jpg,"3,108,000원",3등급,"2,080 / 320","7,000 / 1,600","220, 60",870x650x330,"350 x 1,840 x 295",75.6(56.9+18.7),5단계,O 있음,에센스 화이트,https://gscs-b2c.lge.com/open/downloadFile?fileId=2Arpmb0HBJ4s18wvcKHcUQ
LG 휘센 AI 오브제컬렉션 뷰II 에어컨 2in1 (2시리즈),https://www.lge.co.kr/kr/images/air-conditioners/md10558866/gallery/medium-interior02.jpg,,3등급,"2,080 / 320","7,000 / 1,600","220, 60",870x650x330,"350 x 1,840 x 295",75.6(56.9+18.7),5단계,O 있음,에센스 화이트,https://gscs-b2c.lge.com/open/downloadFile?fileId=2Arpmb0HBJ4s18wvcKHcUQ
LG 휘센 AI 오브제컬렉션 뷰I 에어컨 2in1 (3시리즈),https://www.lge.co.kr/kr/images/air-conditioners/md10576884/gallery/medium-interior01.jpg,"3,663,000원",2등급,"2,070 / 310","7,000 / 1,600","220, 60",870x650x330,"350 x 1,840 x 295",75.6(56.9+18.7),5단계,O 있음,에센스 화이트,https://gscs-b2c.lge.com/open/downloadFile?fileId=vCJ2j1ZpB3CUaXNv5tGqw
LG 휘센 AI 오브제컬렉션 뷰I 에어컨 싱글 (3시리즈),https://www.lge.co.kr/kr/images/air-conditioners/md10576878/gallery/medium-interior01.jpg,"3,131,000원",2등급,"2,070 / 310","7,000 / 1,600","220, 60",870x650x330,"350 x 1,840 x 295",56.9,5단계,O 있음,에센스 화이트,https://gscs-b2c.lge.com/open/downloadFile?fileId=vCJ2j1ZpB3CUaXNv5tGqw
LG 휘센 AI 오브제컬렉션 뷰I 에어컨 2in1 (3시리즈),https://www.lge.co.kr/kr/images/air-conditioners/md10576880/gallery/medium-interior01.jpg,"3,663,000원",2등급,"2,070 / 310","7,000 / 1,600","220, 60",870x650x330,"350 x 1,840 x 295",75.6(56.9+18.7),5단계,O 있음,에센스 화이트,https://gscs-b2c.lge.com/open/downloadFile?fileId=vCJ2j1ZpB3CUaXNv5tGqw
LG 휘센 AI 오브제컬렉션 뷰I 에어컨 2in1 (3시리즈),https://www.lge.co.kr/kr/images/air-conditioners/md10576857/gallery/medium-interior01.jpg,,2등급,"2,070 / 310","7,000 / 1,600","220, 60",870x650x330,"350 x 1,840 x 295",75.6(56.9+18.7),5단계,O 있음,에센스 화이트,https://gscs-b2c.lge.com/open/downloadFile?fileId=vCJ2j1ZpB3CUaXNv5tGqw
LG 휘센 AI 오브제컬렉션 뷰I 프로 에어컨 2in1 (4시리즈),https://www.lge.co.kr/kr/images/air-conditioners/md10495856/gallery/medium-interior01.jpg,,2등급,"2,070 / 310","7,000 / 1,600","220, 60",870x650x330,"350 x 1,840 x 295",75.6(56.9+18.7),5단계,O 있음,에센스 화이트,https://gscs-b2c.lge.com/open/downloadFile?fileId=iBCaXvBMzrwPCIqgUftGXw
LG 휘센 AI 오브제컬렉션 뷰I 프로 에어컨 2in1 (4시리즈),https://www.lge.co.kr/kr/images/air-conditioners/md10547837/gallery/medium-interior01.jpg,,2등급,"2,070 / 310","7,000 / 1,600","220, 60",870x650x330,"350 x 1,840 x 295",75.6(56.9+18.7),5단계,O 있음,에센스 화이트,https://gscs-b2c.lge.com/open/downloadFile?fileId=bz6kRHDfY6kvueXPQ6q3Fg
LG 휘센 AI 오브제컬렉션 뷰I 프로 에어컨 2in1 (6시리즈),https://www.lge.co.kr/kr/images/air-conditioners/md10495867/gallery/medium-interior01.jpg,,2등급,"2,070 / 310","7,000 / 1,600","220, 60",870x650x330,"350 x 1,840 x 295",75.6(56.9+18.7),5단계,O 있음,에센스 화이트,https://gscs-b2c.lge.com/open/downloadFile?fileId=iBCaXvBMzrwPCIqgUftGXw
LG 휘센 AI 오브제컬렉션 뷰I 프로 에어컨 2in1 (6시리즈)매립배관형,https://www.lge.co.kr/kr/images/air-conditioners/md10598851/gallery/medium-interior01.jpg,,2등급,"2,070 / 310","7,000 / 1,600","220, 60",870x650x330,"350 x 1,840 x 295",75.6(56.9+18.7),5단계,O 있음,에센스 화이트,https://gscs-b2c.lge.com/open/downloadFile?fileId=iBCaXvBMzrwPCIqgUftGXw
LG 휘센 AI 오브제컬렉션 뷰I 프로 에어컨 2in1 (6시리즈),https://www.lge.co.kr/kr/images/air-conditioners/md10495862/gallery/medium-interior01.jpg,,2등급,"2,070 / 310","7,000 / 1,600","220, 60",870x650x330,"350 x 1,840 x 295",75.6(56.9+18.7),5단계,O 있음,에센스 화이트,https://gscs-b2c.lge.com/open/downloadFile?fileId=iBCaXvBMzrwPCIqgUftGXw
LG 휘센 AI 오브제컬렉션 뷰I 프로 에어컨 2in1 (6시리즈),https://www.lge.co.kr/kr/images/air-conditioners/md10495866/gallery/medium-interior02.jpg,,2등급,"2,070 / 310","7,000 / 1,600","220, 60",870x650x330,"350 x 1,840 x 295",75.6(56.9+18.7),5단계,O 있음,에센스 화이트,https://gscs-b2c.lge.com/open/downloadFile?fileId=iBCaXvBMzrwPCIqgUftGXw
LG 휘센 AI 오브제컬렉션 쿨 에어컨 2in1 (1시리즈),https://www.lge.co.kr/kr/images/air-conditioners/md10781884/gallery/medium-interior01.jpg,,3등급,"2,350 / 320","7,000 / 1,600","220, 60",870x650x330,"350 x 1,795 x 288",56.9,5단계,O 있음,에센스 화이트,https://gscs-b2c.lge.com/open/downloadFile?fileId=Squ2mSleGrHJrdsdbqFfrQ
LG 휘센 AI 오브제컬렉션 쿨 에어컨 2in1 (1시리즈),https://www.lge.co.kr/kr/images/air-conditioners/md10781883/gallery/medium-interior01.jpg,"2,664,000원",3등급,"2,350 / 320","7,000 / 1,600","220, 60",870x650x330,"350 x 1,795 x 288",75.6(56.9+18.7),5단계,O 있음,에센스 화이트,https://gscs-b2c.lge.com/open/downloadFile?fileId=Squ2mSleGrHJrdsdbqFfrQ
LG 휘센 AI 오브제컬렉션 쿨 에어컨 2in1 (1시리즈),https://www.lge.co.kr/kr/images/air-conditioners/md10781883/gallery/medium-interior01.jpg,"2,775,000원",3등급,"2,350 / 310","7,000 / 2,400","220, 60",870x650x330,"350 x 1,795 x 288",56.9,5단계,O 있음,에센스 화이트,https://gscs-b2c.lge.com/open/downloadFile?fileId=Squ2mSleGrHJrdsdbqFfrQ
LG 휘센 AI 오브제컬렉션 쿨 에어컨 2in1 (2시리즈),https://www.lge.co.kr/kr/images/air-conditioners/md10781857/gallery/medium-interior01.jpg,"2,775,000원",3등급,"2,350 / 320","7,000 / 1,600","220, 60",870x650x330,"350 x 1,795 x 320",56.9,5단계,O 있음,에센스 화이트,https://gscs-b2c.lge.com/open/downloadFile?fileId=Squ2mSleGrHJrdsdbqFfrQ
LG 휘센 AI 오브제컬렉션 쿨 프로 에어컨 2in1 (3시리즈),https://www.lge.co.kr/kr/images/air-conditioners/md10781832/gallery/medium-interior01.jpg,"2,831,000원",3등급,"2,350 / 320","7,000 / 1,600","220, 60",870x650x330,"350 x 1,795 x 288",56.9,5단계,O 있음,에센스 화이트,https://gscs-b2c.lge.com/open/downloadFile?fileId=JmceXZIHbAnaVlg7p5W68A
LG 휘센 AI 오브제컬렉션 쿨 프로 에어컨 2in1 (3시리즈),https://www.lge.co.kr/kr/images/air-conditioners/md10781832/gallery/medium-interior01.jpg,"2,831,000원",3등급,"2,350 / 320","7,000 / 1,600","220, 60",870x650x330,"350 x 1,795 x 288",56.9,5단계,O 있음,에센스 화이트,https://gscs-b2c.lge.com/open/downloadFile?fileId=JmceXZIHbAnaVlg7p5W68A
LG 휘센 AI 오브제컬렉션 쿨 프로 에어컨 2in1 (4시리즈),https://www.lge.co.kr/kr/images/air-conditioners/md10780832/gallery/medium-interior01.jpg,"2,942,000원",3등급,"2,350 / 320","7,000 / 1,600","220, 60",870x650x330,"350 x 1,795 x 320",56.9,5단계,O 있음,에센스 화이트,https://gscs-b2c.lge.com/open/downloadFile?fileId=JmceXZIHbAnaVlg7p5W68A
LG 휘센 AI 오브제컬렉션 칸 에어컨 2in1 (1시리즈),https://www.lge.co.kr/kr/images/air-conditioners/md10807837/gallery/medium-interior01.jpg,,3등급,"2,350 / 320","7,000 / 1,600","220, 60",870 x 650 x 330,"350 x 1,820 x 300",56.9,3단계,O 있음,크림 화이트,https://gscs-b2c.lge.com/open/downloadFile?fileId=ARUQSiBEwDHMcqgkpCug
LG 휘센 AI 오브제컬렉션 뷰II 에어컨 2in1 (1시리즈),https://www.lge.co.kr/kr/images/air-conditioners/md10783854/gallery/medium-interior01.jpg,"2,997,000원",3등급,"2,080 / 320","7,000 / 1,600","220, 60",870x650x330,"350 x 1,840 x 295",56.9,5단계,O 있음,카밍 베이지,https://gscs-b2c.lge.com/open/downloadFile?fileId=SMm5qgJSPI1u0qUXwsNJnw
LG 휘센 AI 오브제컬렉션 뷰II 에어컨 2in1 (1시리즈),https://www.lge.co.kr/kr/images/air-conditioners/md10783852/gallery/medium-interior01.jpg,"3,053,000원",3등급,"2,080 / 320","7,000 / 1,600","220, 60",870x650x330,"350 x 1,840 x 295",75.6(56.9+18.7),5단계,O 있음,에센스 화이트,https://gscs-b2c.lge.com/open/downloadFile?fileId=SMm5qgJSPI1u0qUXwsNJnw
LG 휘센 AI 오브제컬렉션 뷰II 에어컨 2in1 (2시리즈),https://www.lge.co.kr/kr/images/air-conditioners/md10783834/gallery/medium-interior01.jpg,"3,219,000원",3등급,"2,080 / 320","7,000 / 1,600","220, 60",870x650x330,"350 x 1,840 x 295",75.6(56.9+18.7),5단계,O 있음,에센스 화이트,https://gscs-b2c.lge.com/open/downloadFile?fileId=SMm5qgJSPI1u0qUXwsNJnw
LG 휘센 AI 오브제컬렉션 뷰I 에어컨 2in1 (3시리즈),https://www.lge.co.kr/kr/images/air-conditioners/md10782858/gallery/medium-interior01.jpg,"3,719,000원",2등급,"2,070 / 310","7,000 / 1,600","220, 60",870x650x330,"350 x 1,840 x 295",56.9,5단계,O 있음,에센스 화이트,https://gscs-b2c.lge.com/open/downloadFile?fileId=1h2334ObrNW8ouyu4DCVbA
LG 휘센 AI 오브제컬렉션 뷰I 에어컨 2in1 (4시리즈),https://www.lge.co.kr/kr/images/air-conditioners/md10782832/gallery/medium-interior01.jpg,"3,941,000원",2등급,"2,070 / 310","7,000 / 1,600","220, 60",870x650x330,"350 x 1,840 x 295",56.9,5단계,O 있음,에센스 화이트,https://gscs-b2c.lge.com/open/downloadFile?fileId=1h2334ObrNW8ouyu4DCVbA
LG 휘센 AI 오브제컬렉션 뷰I 프로 에어컨 2in1 (5시리즈),https://www.lge.co.kr/kr/images/air-conditioners/md10742844/gallery/medium-interior01.jpg,"4,385,000원",2등급,"2,070 / 310","7,000 / 1,600","220, 60",870x650x330,"350 x 1,840 x 295",56.9,5단계,O 있음,에센스 화이트,https://gscs-b2c.lge.com/open/downloadFile?fileId=Gj6u0VM7mUI05PFMjFrvJA
LG 휘센 AI 오브제컬렉션 뷰I 프로 에어컨 2in1 (6시리즈),https://www.lge.co.kr/kr/images/air-conditioners/md10742836/gallery/medium-interior01.jpg,"4,551,000원",2등급,"2,070 / 310","7,000 / 1,600","220, 60",870x650x330,"350 x 1,840 x 295",56.9,5단계,O 있음,에센스 화이트,https://gscs-b2c.lge.com/open/downloadFile?fileId=Gj6u0VM7mUI05PFMjFrvJA
LG 휘센 AI 오브제컬렉션 위너 에어컨 2in1 (1시리즈),https://www.lge.co.kr/kr/images/air-conditioners/md10807833/gallery/medium-interior01.jpg,"2,686,000원",3등급,"2,350 / 320","7,000 / 1,600","220, 60",870 x 650 x 330,"350 x 1,820 x 300",56.9,3단계,O 있음,크림 화이트,https://gscs-b2c.lge.com/open/downloadFile?fileId=ARUQSiBEwDHMcqgkpCug
LG 휘센 오브제컬렉션 칸 에어컨,https://www.lge.co.kr/kr/images/air-conditioners/md09948858/gallery/medium-interior01.jpg,"2,145,000원",3등급,"2,080 / 320","7,000 / 1,600","220, 60",870 x 650 x 330,"350 x 1,820 x 300",56.9,3단계,O 있음,크림 화이트,https://gscs-b2c.lge.com/open/downloadFile?fileId=XNJ37mp9XDGEOMDTuHJbeg
LG 휘센 오브제컬렉션 칸 에어컨 2in1,https://www.lge.co.kr/kr/images/air-conditioners/md10278873/gallery/medium-interior01.jpg,"2,609,000원",3등급,"2,080 / 320","7,000 / 1,600","220, 60",870 x 650 x 330,"350 x 1,820 x 300",75.6(56.9+18.7),3단계,O 있음,크림 화이트,https://gscs-b2c.lge.com/open/downloadFile?fileId=XNJ37mp9XDGEOMDTuHJbeg
LG 휘센 오브제컬렉션 위너 에어컨 2in1,https://www.lge.co.kr/kr/images/air-conditioners/md10278875/gallery/medium-interior01.jpg,"2,609,000원",3등급,"2,080 / 320","7,000 / 1,600","220, 60",870 x 650 x 330,"350 x 1,820 x 300",75.6(56.9+18.7),3단계,O 있음,크림 화이트,https://gscs-b2c.lge.com/open/downloadFile?fileId=XNJ37mp9XDGEOMDTuHJbeg
LG 휘센 오브제컬렉션 위너 2in1,https://www.lge.co.kr/kr/images/air-conditioners/md10124829/gallery/medium-interior01.jpg,,3등급,"2,080 / 320","7,000 / 1,600","220, 60",870 x 650 x 330,"350 x 1,820 x 300",75.6(56.9+18.7),3단계,O 있음,크림 화이트,https://gscs-b2c.lge.com/open/downloadFile?fileId=XNJ37mp9XDGEOMDTuHJbeg
LG 휘센 오브제컬렉션 타워I 에어컨 2in1 (9시리즈),https://www.lge.co.kr/kr/images/air-conditioners/md10297832/gallery/medium-interior02.jpg,,1등급,"1,670 / 280","7,200 / 1,700","220, 60",870 x 800 x 320,"380 x 1,915 x 295",77.2(58.5+18.7),5단계,O 있음,카밍 베이지,https://gscs-b2c.lge.com/open/downloadFile?fileId=HmiMeCCB8wPNCBFSJICCPg
LG 휘센 오브제컬렉션 타워II 싱글 에어컨 (4시리즈),https://www.lge.co.kr/kr/images/air-conditioners/md10302833/gallery/medium-interior01.jpg,,2등급,"2,100 / 310","7,200 / 1,600","220, 60",870 x 650 x 330,"380 x 1,915 x 295",58.5,5단계,O 있음,카밍 베이지,https://gscs-b2c.lge.com/open/downloadFile?fileId=CSr78KtELvOMwqG5DMlLw
LG 휘센 오브제컬렉션 뷰II 에어컨 싱글 (1시리즈),https://www.lge.co.kr/kr/images/air-conditioners/md10472831/gallery/medium-interior01.jpg,,3등급,"2,200 / 320","7,200 / 1,600","220, 60",870x650x330,"350 x 1,840 x 295",58.5,5단계,O 있음,에센스 화이트,https://gscs-b2c.lge.com/open/downloadFile?fileId=ditrBeCvVWBXk8ETocZrQ
LG 휘센 오브제컬렉션 뷰II 에어컨 2in1 (2시리즈),https://www.lge.co.kr/kr/images/air-conditioners/md10359832/gallery/medium-interior01.jpg,,3등급,"2,200 / 320","7,200 / 1,600","220, 60",870x650x330,"350 x 1,840 x 295",77.2(58.5+18.7),5단계,O 있음,에센스 화이트,https://gscs-b2c.lge.com/open/downloadFile?fileId=ditrBeCvVWBXk8ETocZrQ
LG 휘센 오브제컬렉션 뷰 에어컨 2in1 (3시리즈),https://www.lge.co.kr/kr/images/air-conditioners/md10351842/gallery/medium-interior01.jpg,,2등급,"2,100 / 310","7,200 / 1,600","220, 60",870x650x330,"350 x 1,840 x 295",77.2(58.5+18.7),5단계,O 있음,에센스 화이트,https://gscs-b2c.lge.com/open/downloadFile?fileId=bVl0qzaIyepXmx9gDtUAQ
LG 휘센 오브제컬렉션 뷰 에어컨 2in1 (3시리즈) + 뷰케이스,https://www.lge.co.kr/kr/images/air-conditioners/md10420847/gallery/medium-interior01.jpg,,2등급,"2,100 / 310","7,200 / 1,600","220, 60",870x650x330,"350 x 1,840 x 295",77.2(58.5+18.7),5단계,O 있음,에센스 화이트,https://gscs-b2c.lge.com/open/downloadFile?fileId=bVl0qzaIyepXmx9gDtUAQ
LG 휘센 오브제컬렉션 뷰 에어컨 2in1 (3시리즈)매립배관형,https://www.lge.co.kr/kr/images/air-conditioners/md10396848/gallery/medium-interior01.jpg,,2등급,"2,100 / 310","7,200 / 1,600","220, 60",870x650x330,"350 x 1,840 x 295",77.2(58.5+18.7),5단계,O 있음,에센스 화이트,https://gscs-b2c.lge.com/open/downloadFile?fileId=bVl0qzaIyepXmx9gDtUAQ
LG 휘센 오브제컬렉션 뷰 에어컨 싱글 (4시리즈),https://www.lge.co.kr/kr/images/air-conditioners/md10344834/gallery/medium-interior01.jpg,,2등급,"2,100 / 310","7,200 / 1,600","220, 60",870x650x330,"350 x 1,840 x 295",58.5,5단계,O 있음,에센스 화이트,https://gscs-b2c.lge.com/open/downloadFile?fileId=pipZ3hkxZXhxiPY39teMwg
LG 휘센 오브제컬렉션 뷰 에어컨 2in1 (4시리즈),https://www.lge.co.kr/kr/images/air-conditioners/md10347832/gallery/medium-interior01.jpg,,1등급,"1,810 / 280","7,200 / 1,700","220, 60",870x800x320,"350 x 1,840 x 295",77.2(58.5+18.7),5단계,O 있음,에센스 화이트,https://gscs-b2c.lge.com/open/downloadFile?fileId=pipZ3hkxZXhxiPY39teMwg
LG 휘센 오브제컬렉션 쿨 에어컨 2in1 (1시리즈),https://www.lge.co.kr/kr/images/air-conditioners/md10561826/gallery/medium-interior01.jpg,"2,773,000원",3등급,"2,400 / 310","7,200 / 2,400","220, 60",870x650x330,"350 x 1,795 x 266",77.2(58.5+18.7),5단계,O 있음,에센스 화이트,https://gscs-b2c.lge.com/open/downloadFile?fileId=HZtfnmMP7cpxSJ5TcMtT3w
LG 휘센 오브제컬렉션 쿨 에어컨 싱글 (1시리즈),https://www.lge.co.kr/kr/images/air-conditioners/md10560846/gallery/medium-interior02.jpg,,3등급,"2,400 / 310","7,200 / 2,400","220, 60",870x650x330,"350 x 1,795 x 266",58.5,5단계,O 있음,에센스 화이트,https://gscs-b2c.lge.com/open/downloadFile?fileId=HZtfnmMP7cpxSJ5TcMtT3w
LG 휘센 오브제컬렉션 쿨 에어컨 싱글 (1시리즈)매립배관형,https://www.lge.co.kr/kr/images/air-conditioners/md10560846/gallery/medium-interior02.jpg,,3등급,"2,400 / 310","7,200 / 2,400","220, 60",870x650x330,"350 x 1,795 x 266",58.5,5단계,O 있음,에센스 화이트,https://gscs-b2c.lge.com/open/downloadFile?fileId=HZtfnmMP7cpxSJ5TcMtT3w
LG 휘센 오브제컬렉션 쿨 에어컨 2in1 (1시리즈),https://www.lge.co.kr/kr/images/air-conditioners/md10560846/gallery/medium-interior02.jpg,,3등급,"2,400 / 310","7,200 / 2,400","220, 60",870x650x330,"350 x 1,795 x 266",77.2(58.5+18.7),5단계,O 있음,에센스 화이트,https://gscs-b2c.lge.com/open/downloadFile?fileId=HZtfnmMP7cpxSJ5TcMtT3w
LG 휘센 오브제컬렉션 쿨 에어컨 2in1 (1시리즈)매립배관형,https://www.lge.co.kr/kr/images/air-conditioners/md10560846/gallery/medium-interior02.jpg,,3등급,"2,400 / 310","7,200 / 2,400","220, 60",870x650x330,"350 x 1,795 x 266",77.2(58.5+18.7),5단계,O 있음,에센스 화이트,https://gscs-b2c.lge.com/open/downloadFile?fileId=HZtfnmMP7cpxSJ5TcMtT3w
LG 휘센 오브제컬렉션 쿨 에어컨 2in1 (1시리즈),https://www.lge.co.kr/kr/images/air-conditioners/md10561826/gallery/medium-interior01.jpg,,3등급,"2,400 / 310","7,200 / 2,400","220, 60",870x650x330,"350 x 1,795 x 266",77.2(58.5+18.7),5단계,O 있음,에센스 화이트,https://gscs-b2c.lge.com/open/downloadFile?fileId=HZtfnmMP7cpxSJ5TcMtT3w
LG 휘센 오브제컬렉션 쿨 에어컨 2in1 (2시리즈),https://www.lge.co.kr/kr/images/air-conditioners/md10561826/gallery/medium-interior01.jpg,"2,896,000원",3등급,"2,400 / 310","7,200 / 2,400","220, 60",870x650x330,"350 x 1,795 x 266",77.2(58.5+18.7),5단계,O 있음,에센스 화이트,https://gscs-b2c.lge.com/open/downloadFile?fileId=HZtfnmMP7cpxSJ5TcMtT3w
LG 휘센 오브제컬렉션 쿨 에어컨 2in1 (2시리즈),https://www.lge.co.kr/kr/images/air-conditioners/md10561826/gallery/medium-interior01.jpg,,3등급,"2,400 / 310","7,200 / 2,400","220, 60",870x650x330,"350 x 1,795 x 266",77.2(58.5+18.7),5단계,O 있음,에센스 화이트,https://gscs-b2c.lge.com/open/downloadFile?fileId=HZtfnmMP7cpxSJ5TcMtT3w
LG 휘센 AI 오브제컬렉션 타워I 에어컨 2in1 (5시리즈),https://www.lge.co.kr/kr/images/air-conditioners/md10547829/gallery/medium-interior01.jpg,"4,773,000원",2등급,"1,830 / 310","7,200 / 1,700","220, 60",870 x 650 x 330,"380 x 1,915 x 295",77.2(58.5+18.7),5단계,O 있음,카밍 베이지,https://gscs-b2c.lge.com/open/downloadFile?fileId=Nfb8Zk3OveQ8W2a25HmiRQ
LG 휘센 AI 오브제컬렉션 타워I 에어컨 2in1 (5시리즈),https://www.lge.co.kr/kr/images/air-conditioners/md10495848/gallery/medium-interior01.jpg,,2등급,"1,830 / 310","7,200 / 1,700","220, 60",870 x 650 x 330,"380 x 1,915 x 295",77.2(58.5+18.7),5단계,O 있음,카밍 베이지,https://gscs-b2c.lge.com/open/downloadFile?fileId=Nfb8Zk3OveQ8W2a25HmiRQ
LG 휘센 AI 오브제컬렉션 타워I 에어컨 2in1 (5시리즈),https://www.lge.co.kr/kr/images/air-conditioners/md10547829/gallery/medium-interior01.jpg,,2등급,"1,830 / 310","7,200 / 1,700","220, 60",870 x 650 x 330,"380 x 1,915 x 295",77.2(58.5+18.7),5단계,O 있음,카밍 베이지,https://gscs-b2c.lge.com/open/downloadFile?fileId=Nfb8Zk3OveQ8W2a25HmiRQ
LG 휘센 AI 오브제컬렉션 타워I 에어컨 2in1 (5시리즈),https://www.lge.co.kr/kr/images/air-conditioners/md10547829/gallery/medium-interior01.jpg,,2등급,"1,830 / 310","7,200 / 1,700","220, 60",870 x 650 x 330,"380 x 1,915 x 295",77.2(58.5+18.7),5단계,O 있음,카밍 베이지,https://gscs-b2c.lge.com/open/downloadFile?fileId=Nfb8Zk3OveQ8W2a25HmiRQ
LG 휘센 AI 오브제컬렉션 타워I 에어컨 2in1 (5시리즈),https://www.lge.co.kr/kr/images/air-conditioners/md10495851/gallery/medium-interior01.jpg,,2등급,"1,830 / 310","7,200 / 1,700","220, 60",870 x 650 x 330,"380 x 1,915 x 295",77.2(58.5+18.7),5단계,O 있음,크림 화이트,https://gscs-b2c.lge.com/open/downloadFile?fileId=Nfb8Zk3OveQ8W2a25HmiRQ
LG 휘센 AI 오브제컬렉션 타워I 에어컨 2in1 (5시리즈),https://www.lge.co.kr/kr/images/air-conditioners/md10547831/gallery/medium-interior01.jpg,,2등급,"1,830 / 310","7,200 / 1,700","220, 60",870 x 650 x 330,"380 x 1,915 x 295",77.2(58.5+18.7),5단계,O 있음,크림 화이트,https://gscs-b2c.lge.com/open/downloadFile?fileId=Nfb8Zk3OveQ8W2a25HmiRQ
LG 휘센 AI 오브제컬렉션 타워I 에어컨 싱글 (5시리즈),https://www.lge.co.kr/kr/images/air-conditioners/md10495849/gallery/medium-interior01.jpg,,2등급,"1,830 / 310","7,200 / 1,700","220, 60",870 x 650 x 330,"380 x 1,915 x 295",58.5,5단계,O 있음,크림 화이트,https://gscs-b2c.lge.com/open/downloadFile?fileId=Nfb8Zk3OveQ8W2a25HmiRQ
LG 휘센 AI 오브제컬렉션 타워I 에어컨 2in1 (5시리즈),https://www.lge.co.kr/kr/images/air-conditioners/md10547831/gallery/medium-interior01.jpg,,2등급,"1,830 / 310","7,200 / 1,700","220, 60",870 x 650 x 330,"380 x 1,915 x 295",77.2(58.5+18.7),5단계,O 있음,크림 화이트,https://gscs-b2c.lge.com/open/downloadFile?fileId=Nfb8Zk3OveQ8W2a25HmiRQ
LG 휘센 AI 오브제컬렉션 타워I 에어컨 2in1 (5시리즈),https://www.lge.co.kr/kr/images/air-conditioners/md10547831/gallery/medium-interior01.jpg,,2등급,"1,830 / 310","7,200 / 1,700","220, 60",870 x 650 x 330,"380 x 1,915 x 295",77.2(58.5+18.7),5단계,O 있음,크림 화이트,https://gscs-b2c.lge.com/open/downloadFile?fileId=Nfb8Zk3OveQ8W2a25HmiRQ
LG 휘센 AI 오브제컬렉션 타워I 에어컨 2in1 (7시리즈),https://www.lge.co.kr/kr/images/air-conditioners/md10493839/gallery/medium-interior01.jpg,,2등급,"1,830 / 310","7,200 / 1,700","220, 60",870 x 650 x 330,"380 x 1,915 x 295",77.2(58.5+18.7),5단계,O 있음,카밍 베이지,https://gscs-b2c.lge.com/open/downloadFile?fileId=Nfb8Zk3OveQ8W2a25HmiRQ
LG 휘센 AI 오브제컬렉션 타워I 에어컨 2in1 (7시리즈),https://www.lge.co.kr/kr/images/air-conditioners/md10495848/gallery/medium-interior01.jpg,,2등급,"1,830 / 310","7,200 / 1,700","220, 60",870 x 650 x 330,"380 x 1,915 x 295",77.2(58.5+18.7),5단계,O 있음,카밍 베이지,https://gscs-b2c.lge.com/open/downloadFile?fileId=Nfb8Zk3OveQ8W2a25HmiRQ
LG 휘센 AI 오브제컬렉션 타워I 에어컨 싱글 (7시리즈),https://www.lge.co.kr/kr/images/air-conditioners/md10495838/gallery/medium-interior01.jpg,,2등급,"1,830 / 310","7,200 / 1,700","220, 60",870 x 650 x 330,"380 x 1,915 x 295",58.5,5단계,O 있음,크림 화이트,https://gscs-b2c.lge.com/open/downloadFile?fileId=Nfb8Zk3OveQ8W2a25HmiRQ
LG 휘센 AI 오브제컬렉션 타워I 에어컨 싱글 (7시리즈),https://www.lge.co.kr/kr/images/air-conditioners/md10495838/gallery/medium-interior01.jpg,,2등급,"1,830 / 310","7,200 / 1,700","220, 60",870 x 650 x 330,"380 x 1,915 x 295",58.5,5단계,O 있음,크림 화이트,https://gscs-b2c.lge.com/open/downloadFile?fileId=Nfb8Zk3OveQ8W2a25HmiRQ
LG 휘센 AI 오브제컬렉션 타워I 에어컨 2in1 (9시리즈),https://www.lge.co.kr/kr/images/air-conditioners/md10493835/gallery/medium-interior01.jpg,,2등급,"1,830 / 310","7,200 / 1,700","220, 60",870 x 650 x 330,"380 x 1,915 x 295",77.2(58.5+18.7),5단계,O 있음,카밍 베이지,https://gscs-b2c.lge.com/open/downloadFile?fileId=Nfb8Zk3OveQ8W2a25HmiRQ
LG 휘센 AI 오브제컬렉션 타워I 에어컨 싱글 (9시리즈),https://www.lge.co.kr/kr/images/air-conditioners/md10492847/gallery/medium-interior01.jpg,,2등급,"1,830 / 310","7,200 / 1,700","220, 60",870 x 650 x 330,"380 x 1,915 x 295",58.5,5단계,O 있음,카밍 베이지,https://gscs-b2c.lge.com/open/downloadFile?fileId=Nfb8Zk3OveQ8W2a25HmiRQ
LG 휘센 AI 오브제컬렉션 타워I 에어컨 싱글 (9시리즈),https://www.lge.co.kr/kr/images/air-conditioners/md10493831/gallery/medium-interior01.jpg,,1등급,"1,670 / 280","7,200 / 1,700","220, 60",870 x 800 x 320,"380 x 1,915 x 295",58.5,5단계,O 있음,크림 화이트,https://gscs-b2c.lge.com/open/downloadFile?fileId=Nfb8Zk3OveQ8W2a25HmiRQ
LG 휘센 AI 오브제컬렉션 뷰II 에어컨 2in1 (1시리즈),https://www.lge.co.kr/kr/images/air-conditioners/md10558826/gallery/medium-interior02.jpg,"2,997,000원",3등급,"2,200 / 320","7,200 / 1,600","220, 60",870x650x330,"350 x 1,840 x 295",77.2(58.5+18.7),5단계,O 있음,에센스 화이트,https://gscs-b2c.lge.com/open/downloadFile?fileId=2Arpmb0HBJ4s18wvcKHcUQ
LG 휘센 AI 오브제컬렉션 뷰II 에어컨 2in1 (1시리즈),https://www.lge.co.kr/kr/images/air-conditioners/md10558826/gallery/medium-interior02.jpg,,3등급,"2,200 / 320","7,200 / 1,600","220, 60",870x650x330,"350 x 1,840 x 295",77.2(58.5+18.7),5단계,O 있음,에센스 화이트,https://gscs-b2c.lge.com/open/downloadFile?fileId=2Arpmb0HBJ4s18wvcKHcUQ
LG 휘센 AI 오브제컬렉션 뷰II 에어컨 2in1 (2시리즈),https://www.lge.co.kr/kr/images/air-conditioners/md10558866/gallery/medium-interior02.jpg,"3,164,000원",3등급,"2,200 / 320","7,200 / 1,600","220, 60",870x650x330,"350 x 1,840 x 295",77.2(58.5+18.7),5단계,O 있음,에센스 화이트,https://gscs-b2c.lge.com/open/downloadFile?fileId=2Arpmb0HBJ4s18wvcKHcUQ
LG 휘센 AI 오브제컬렉션 뷰II 에어컨 2in1 (2시리즈),https://www.lge.co.kr/kr/images/air-conditioners/md10558866/gallery/medium-interior02.jpg,,3등급,"2,200 / 320","7,200 / 1,600","220, 60",870x650x330,"350 x 1,840 x 295",77.2(58.5+18.7),5단계,O 있음,에센스 화이트,https://gscs-b2c.lge.com/open/downloadFile?fileId=2Arpmb0HBJ4s18wvcKHcUQ
LG 휘센 AI 오브제컬렉션 뷰I 에어컨 2in1 (3시리즈),https://www.lge.co.kr/kr/images/air-conditioners/md10576861/gallery/medium-interior01.jpg,"3,719,000원",2등급,"2,100 / 310","7,200 / 1,600","220, 60",870x650x330,"350 x 1,840 x 295",77.2(58.5+18.7),5단계,O 있음,에센스 화이트,https://gscs-b2c.lge.com/open/downloadFile?fileId=vCJ2j1ZpB3CUaXNv5tGqw
LG 휘센 AI 오브제컬렉션 뷰I 에어컨 2in1 (3시리즈),https://www.lge.co.kr/kr/images/air-conditioners/md10576888/gallery/medium-interior01.jpg,"4,274,000원",1등급,"1,810 / 280","7,200 / 1,700","220, 60",870x800x320,"350 x 1,840 x 295",77.2(58.5+18.7),5단계,O 있음,에센스 화이트,https://gscs-b2c.lge.com/open/downloadFile?fileId=vCJ2j1ZpB3CUaXNv5tGqw
LG 휘센 AI 오브제컬렉션 뷰I 에어컨 2in1 (3시리즈),https://www.lge.co.kr/kr/images/air-conditioners/md10576853/gallery/medium-interior01.jpg,,2등급,"2,100 / 310","7,200 / 1,600","220, 60",870x650x330,"350 x 1,840 x 295",77.2(58.5+18.7),5단계,O 있음,에센스 화이트,https://gscs-b2c.lge.com/open/downloadFile?fileId=vCJ2j1ZpB3CUaXNv5tGqw
LG 휘센 AI 오브제컬렉션 뷰I 프로 에어컨 2in1 (4시리즈),https://www.lge.co.kr/kr/images/air-conditioners/md10493843/gallery/medium-interior01.jpg,,2등급,"2,100 / 310","7,200 / 1,600","220, 60",870x650x330,"350 x 1,840 x 295",77.2(58.5+18.7),5단계,O 있음,에센스 화이트,https://gscs-b2c.lge.com/open/downloadFile?fileId=iBCaXvBMzrwPCIqgUftGXw
LG 휘센 AI 오브제컬렉션 뷰I 프로 에어컨 2in1 (4시리즈),https://www.lge.co.kr/kr/images/air-conditioners/md10495862/gallery/medium-interior01.jpg,,2등급,"2,100 / 310","7,200 / 1,600","220, 60",870x650x330,"350 x 1,840 x 295",77.2(58.5+18.7),5단계,O 있음,에센스 화이트,https://gscs-b2c.lge.com/open/downloadFile?fileId=iBCaXvBMzrwPCIqgUftGXw
LG 휘센 AI 오브제컬렉션 뷰I 프로 에어컨 2in1 (4시리즈),https://www.lge.co.kr/kr/images/air-conditioners/md10495862/gallery/medium-interior01.jpg,,2등급,"2,100 / 310","7,200 / 1,600","220, 60",870x650x330,"350 x 1,840 x 295",77.2(58.5+18.7),5단계,O 있음,에센스 화이트,https://gscs-b2c.lge.com/open/downloadFile?fileId=iBCaXvBMzrwPCIqgUftGXw
LG 휘센 AI 오브제컬렉션 뷰I 프로 에어컨 2in1 (4시리즈),https://www.lge.co.kr/kr/images/air-conditioners/md10495868/gallery/medium-interior01.jpg,,2등급,"2,100 / 310","7,200 / 1,600","220, 60",870x650x330,"350 x 1,840 x 295",77.2(58.5+18.7),5단계,O 있음,에센스 화이트,https://gscs-b2c.lge.com/open/downloadFile?fileId=iBCaXvBMzrwPCIqgUftGXw
LG 휘센 AI 오브제컬렉션 뷰I 프로 에어컨 2in1 (6시리즈),https://www.lge.co.kr/kr/images/air-conditioners/md10495864/gallery/medium-interior01.jpg,,2등급,"2,100 / 310","7,200 / 1,600","220, 60",870x650x330,"350 x 1,840 x 295",77.2(58.5+18.7),5단계,O 있음,에센스 화이트,https://gscs-b2c.lge.com/open/downloadFile?fileId=iBCaXvBMzrwPCIqgUftGXw
LG 휘센 AI 오브제컬렉션 뷰I 프로 에어컨 2in1 (6시리즈),https://www.lge.co.kr/kr/images/air-conditioners/md10495858/gallery/medium-interior01.jpg,,1등급,"1,810 / 280","7,200 / 1,700","220, 60",870x800x320,"350 x 1,840 x 295",77.2(58.5+18.7),5단계,O 있음,에센스 화이트,https://gscs-b2c.lge.com/open/downloadFile?fileId=iBCaXvBMzrwPCIqgUftGXw
LG 휘센 AI 오브제컬렉션 뷰I 프로 에어컨 2in1 (6시리즈),https://www.lge.co.kr/kr/images/air-conditioners/md10495862/gallery/medium-interior01.jpg,,2등급,"2,100 / 310","7,200 / 1,600","220, 60",870x650x330,"350 x 1,840 x 295",77.2(58.5+18.7),5단계,O 있음,에센스 화이트,https://gscs-b2c.lge.com/open/downloadFile?fileId=iBCaXvBMzrwPCIqgUftGXw
LG 휘센 AI 오브제컬렉션 뷰I 프로 에어컨 2in1 (6시리즈),https://www.lge.co.kr/kr/images/air-conditioners/md10495862/gallery/medium-interior01.jpg,,2등급,"2,100 / 310","7,200 / 1,600","220, 60",870x650x330,"350 x 1,840 x 295",77.2(58.5+18.7),5단계,O 있음,에센스 화이트,https://gscs-b2c.lge.com/open/downloadFile?fileId=iBCaXvBMzrwPCIqgUftGXw
LG 휘센 AI 오브제컬렉션 뷰I 프로 에어컨 2in1 (6시리즈),https://www.lge.co.kr/kr/images/air-conditioners/md10495862/gallery/medium-interior01.jpg,"4,440,000원",2등급,"2,100 / 310","7,200 / 1,600","220, 60",870x650x330,"350 x 1,840 x 295",77.2(58.5+18.7),5단계,O 있음,에센스 화이트,https://gscs-b2c.lge.com/open/downloadFile?fileId=iBCaXvBMzrwPCIqgUftGXw
LG 휘센 AI 오브제컬렉션 쿨 에어컨 2in1 (1시리즈),https://www.lge.co.kr/kr/images/air-conditioners/md10781880/gallery/medium-interior01.jpg,"2,664,000원",3등급,"2,400 / 320","7,200 / 1,600","220, 60",870x650x330,"350 x 1,795 x 288",58.5,5단계,O 있음,에센스 화이트,https://gscs-b2c.lge.com/open/downloadFile?fileId=Squ2mSleGrHJrdsdbqFfrQ
LG 휘센 AI 오브제컬렉션 쿨 에어컨 2in1 (1시리즈),https://www.lge.co.kr/kr/images/air-conditioners/md10781880/gallery/medium-interior01.jpg,"2,775,000원",3등급,"2,400 / 320","7,200 / 1,600","220, 60",870x650x330,"350 x 1,795 x 288",58.5,5단계,O 있음,에센스 화이트,https://gscs-b2c.lge.com/open/downloadFile?fileId=Squ2mSleGrHJrdsdbqFfrQ
LG 휘센 AI 오브제컬렉션 쿨 에어컨 2in1 (2시리즈),https://www.lge.co.kr/kr/images/air-conditioners/md10781853/gallery/medium-interior01.jpg,"2,775,000원",3등급,"2,400 / 320","7,200 / 1,600","220, 60",870x650x330,"350 x 1,795 x 320",58.5,5단계,O 있음,에센스 화이트,https://gscs-b2c.lge.com/open/downloadFile?fileId=Squ2mSleGrHJrdsdbqFfrQ
LG 휘센 AI 오브제컬렉션 쿨 에어컨 2in1 (2시리즈),https://www.lge.co.kr/kr/images/air-conditioners/md10781853/gallery/medium-interior01.jpg,"2,886,000원",3등급,"2,400 / 320","7,200 / 1,600","220, 60",870x650x330,"350 x 1,795 x 320",58.5,5단계,O 있음,에센스 화이트,https://gscs-b2c.lge.com/open/downloadFile?fileId=Squ2mSleGrHJrdsdbqFfrQ
LG 휘센 AI 오브제컬렉션 쿨 프로 에어컨 2in1 (3시리즈),https://www.lge.co.kr/kr/images/air-conditioners/md10781832/gallery/medium-interior01.jpg,"2,831,000원",3등급,"2,400 / 320","7,200 / 1,600","220, 60",870x650x330,"350 x 1,795 x 288",58.5,5단계,O 있음,에센스 화이트,https://gscs-b2c.lge.com/open/downloadFile?fileId=JmceXZIHbAnaVlg7p5W68A
LG 휘센 AI 오브제컬렉션 쿨 프로 에어컨 2in1 (4시리즈),https://www.lge.co.kr/kr/images/air-conditioners/md10780832/gallery/medium-interior01.jpg,"2,942,000원",3등급,"2,400 / 320","7,200 / 1,600","220, 60",870x650x330,"350 x 1,795 x 320",58.5,5단계,O 있음,에센스 화이트,https://gscs-b2c.lge.com/open/downloadFile?fileId=JmceXZIHbAnaVlg7p5W68A
LG 휘센 AI 오브제컬렉션 칸 에어컨 2in1 (1시리즈),https://www.lge.co.kr/kr/images/air-conditioners/md10807835/gallery/medium-interior01.jpg,,3등급,"2,400 / 320","7,200 / 1,600","220, 60",870 x 650 x 330,"350 x 1,820 x 300",58.5,3단계,O 있음,크림 화이트,https://gscs-b2c.lge.com/open/downloadFile?fileId=ARUQSiBEwDHMcqgkpCug
LG 휘센 AI 오브제컬렉션 칸 에어컨 2in1 (1시리즈),https://www.lge.co.kr/kr/images/air-conditioners/md10807836/gallery/medium-interior01.jpg,,3등급,"2,400 / 320","7,200 / 1,600","220, 60",870 x 650 x 330,"350 x 1,820 x 300",58.5,3단계,O 있음,크림 화이트,https://gscs-b2c.lge.com/open/downloadFile?fileId=ARUQSiBEwDHMcqgkpCug
LG 휘센 AI 오브제컬렉션 타워I 에어컨 2in1 (5시리즈),https://www.lge.co.kr/kr/images/air-conditioners/md10738852/gallery/medium-interior01.jpg,"5,051,000원",2등급,"1,830 / 310","7,200 / 1,700","220, 60",870 x 650 x 330,"380 x 1,915 x 295",58.5,5단계,O 있음,카밍 베이지,https://gscs-b2c.lge.com/open/downloadFile?fileId=5SHQsiqHe1vu8UyHjoto9g
LG 휘센 AI 오브제컬렉션 타워I 에어컨 2in1 (5시리즈),https://www.lge.co.kr/kr/images/air-conditioners/md10738853/gallery/medium-interior01.jpg,"5,051,000원",2등급,"1,830 / 310","7,200 / 1,700","220, 60",870 x 650 x 330,"380 x 1,915 x 295",58.5,5단계,O 있음,크림 화이트,https://gscs-b2c.lge.com/open/downloadFile?fileId=5SHQsiqHe1vu8UyHjoto9g
LG 휘센 AI 오브제컬렉션 타워I 에어컨 2in1 (7시리즈),https://www.lge.co.kr/kr/images/air-conditioners/md10738850/gallery/medium-interior01.jpg,"5,550,000원",2등급,"1,830 / 350","7,200 / 2,800","220, 60",870 x 800 x 320,"380 x 1,915 x 295",58.5,5단계,O 있음,카밍 베이지,https://gscs-b2c.lge.com/open/downloadFile?fileId=VeBvxgsv9u6PPFuMrJQ
LG 휘센 AI 오브제컬렉션 타워I 에어컨 2in1 (7시리즈),https://www.lge.co.kr/kr/images/air-conditioners/md10738851/gallery/medium-interior01.jpg,"5,550,000원",2등급,"1,830 / 350","7,200 / 2,800","220, 60",870 x 800 x 320,"380 x 1,915 x 295",58.5,5단계,O 있음,크림 화이트,https://gscs-b2c.lge.com/open/downloadFile?fileId=VeBvxgsv9u6PPFuMrJQ
LG 휘센 AI 오브제컬렉션 타워I 에어컨 2in1 (9시리즈),https://www.lge.co.kr/kr/images/air-conditioners/md10738845/gallery/medium-interior01.jpg,"6,049,000원",2등급,"1,830 / 350","7,200 / 2,800","220, 60",870 x 800 x 320,"380 x 1,915 x 295",58.5,5단계,O 있음,카밍 베이지,https://gscs-b2c.lge.com/open/downloadFile?fileId=VeBvxgsv9u6PPFuMrJQ
LG 휘센 AI 오브제컬렉션 타워I 에어컨 2in1 (9시리즈),https://www.lge.co.kr/kr/images/air-conditioners/md10738841/gallery/medium-interior01.jpg,"6,627,000원",1등급,"2,050 / 290","7,200 / 2,800","220, 60",870 x 800 x 320,"380 x 1,915 x 295",58.5,5단계,O 있음,카밍 베이지,https://gscs-b2c.lge.com/open/downloadFile?fileId=VeBvxgsv9u6PPFuMrJQ
LG 휘센 AI 오브제컬렉션 타워I 에어컨 2in1 (9시리즈),https://www.lge.co.kr/kr/images/air-conditioners/md10738846/gallery/medium-interior01.jpg,"6,049,000원",2등급,"1,830 / 350","7,200 / 2,800","220, 60",870 x 800 x 320,"380 x 1,915 x 295",58.5,5단계,O 있음,크림 화이트,https://gscs-b2c.lge.com/open/downloadFile?fileId=VeBvxgsv9u6PPFuMrJQ
LG 휘센 AI 오브제컬렉션 타워I 에어컨 2in1 (9시리즈),https://www.lge.co.kr/kr/images/air-conditioners/md10738842/gallery/medium-interior01.jpg,"6,627,000원",1등급,"2,050 / 290","7,200 / 2,800","220, 60",870 x 800 x 320,"380 x 1,915 x 295",58.5,5단계,O 있음,크림 화이트,https://gscs-b2c.lge.com/open/downloadFile?fileId=VeBvxgsv9u6PPFuMrJQ
LG 휘센 AI 오브제컬렉션 뷰II 에어컨 2in1 (1시리즈),https://www.lge.co.kr/kr/images/air-conditioners/md10783852/gallery/medium-interior01.jpg,"3,053,000원",3등급,"2,200 / 320","7,200 / 1,600","220, 60",870x650x330,"350 x 1,840 x 295",58.5,5단계,O 있음,에센스 화이트,https://gscs-b2c.lge.com/open/downloadFile?fileId=SMm5qgJSPI1u0qUXwsNJnw
LG 휘센 AI 오브제컬렉션 뷰II 에어컨 2in1 (2시리즈),https://www.lge.co.kr/kr/images/air-conditioners/md10783834/gallery/medium-interior01.jpg,"3,219,000원",3등급,"2,200 / 320","7,200 / 1,600","220, 60",870x650x330,"350 x 1,840 x 295",58.5,5단계,O 있음,에센스 화이트,https://gscs-b2c.lge.com/open/downloadFile?fileId=SMm5qgJSPI1u0qUXwsNJnw
LG 휘센 AI 오브제컬렉션 뷰I 에어컨 2in1 (3시리즈),https://www.lge.co.kr/kr/images/air-conditioners/md10782860/gallery/medium-interior01.jpg,"3,885,000원",2등급,"2,100 / 310","7,200 / 1,600","220, 60",870x650x330,"350 x 1,840 x 295",58.5,5단계,O 있음,카밍 베이지,https://gscs-b2c.lge.com/open/downloadFile?fileId=1h2334ObrNW8ouyu4DCVbA
LG 휘센 AI 오브제컬렉션 뷰I 에어컨 2in1 (3시리즈),https://www.lge.co.kr/kr/images/air-conditioners/md10782858/gallery/medium-interior01.jpg,"3,774,000원",2등급,"2,100 / 310","7,200 / 1,600","220, 60",870x650x330,"350 x 1,840 x 295",58.5,5단계,O 있음,에센스 화이트,https://gscs-b2c.lge.com/open/downloadFile?fileId=1h2334ObrNW8ouyu4DCVbA
LG 휘센 AI 오브제컬렉션 뷰I 에어컨 2in1 (3시리즈),https://www.lge.co.kr/kr/images/air-conditioners/md10782857/gallery/medium-interior01.jpg,"4,351,000원",1등급,"1,810 / 280","7,200 / 1,700","220, 60",870x800x320,"350 x 1,840 x 295",58.5,5단계,O 있음,에센스 화이트,https://gscs-b2c.lge.com/open/downloadFile?fileId=1h2334ObrNW8ouyu4DCVbA
LG 휘센 AI 오브제컬렉션 뷰I 에어컨 2in1 (4시리즈),https://www.lge.co.kr/kr/images/air-conditioners/md10782832/gallery/medium-interior01.jpg,"3,941,000원",2등급,"2,100 / 310","7,200 / 1,600","220, 60",870x650x330,"350 x 1,840 x 295",58.5,5단계,O 있음,에센스 화이트,https://gscs-b2c.lge.com/open/downloadFile?fileId=1h2334ObrNW8ouyu4DCVbA
LG 휘센 AI 오브제컬렉션 뷰I 프로 에어컨 2in1 (5시리즈),https://www.lge.co.kr/kr/images/air-conditioners/md10742839/gallery/medium-interior01.jpg,"4,496,000원",2등급,"2,100 / 310","7,200 / 1,600","220, 60",870x650x330,"350 x 1,840 x 295",58.5,5단계,O 있음,카밍 베이지,https://gscs-b2c.lge.com/open/downloadFile?fileId=Gj6u0VM7mUI05PFMjFrvJA
LG 휘센 AI 오브제컬렉션 뷰I 프로 에어컨 2in1 (5시리즈),https://www.lge.co.kr/kr/images/air-conditioners/md10742844/gallery/medium-interior01.jpg,"4,385,000원",2등급,"2,100 / 310","7,200 / 1,600","220, 60",870x650x330,"350 x 1,840 x 295",58.5,5단계,O 있음,에센스 화이트,https://gscs-b2c.lge.com/open/downloadFile?fileId=Gj6u0VM7mUI05PFMjFrvJA
LG 휘센 AI 오브제컬렉션 뷰I 프로 에어컨 2in1 (6시리즈),https://www.lge.co.kr/kr/images/air-conditioners/md10742837/gallery/medium-interior01.jpg,"4,662,000원",2등급,"2,100 / 310","7,200 / 1,600","220, 60",870x650x330,"350 x 1,840 x 295",58.5,5단계,O 있음,카밍 베이지,https://gscs-b2c.lge.com/open/downloadFile?fileId=Gj6u0VM7mUI05PFMjFrvJA
LG 휘센 AI 오브제컬렉션 뷰I 프로 에어컨 2in1 (6시리즈),https://www.lge.co.kr/kr/images/air-conditioners/md10742836/gallery/medium-interior01.jpg,"4,551,000원",2등급,"2,100 / 310","7,200 / 1,600","220, 60",870x650x330,"350 x 1,840 x 295",58.5,5단계,O 있음,에센스 화이트,https://gscs-b2c.lge.com/open/downloadFile?fileId=Gj6u0VM7mUI05PFMjFrvJA
LG 휘센 AI 오브제컬렉션 뷰I 프로 에어컨 2in1 (6시리즈),https://www.lge.co.kr/kr/images/air-conditioners/md10742833/gallery/medium-interior01.jpg,"5,350,000원",1등급,"2,050 / 320","7,200 / 2,800","220, 60",870x800x320,"350 x 1,840 x 295",58.5,5단계,O 있음,에센스 화이트,https://gscs-b2c.lge.com/open/downloadFile?fileId=2T9LtZIbc7D5duR8qrISw
LG 휘센 AI 오브제컬렉션 위너 에어컨 2in1 (1시리즈),https://www.lge.co.kr/kr/images/air-conditioners/md10821833/gallery/medium-interior01.jpg,,3등급,"2,400 / 320","7,200 / 1,600","220, 60",870 x 650 x 330,"350 x 1,820 x 300",58.5,3단계,O 있음,크림 화이트,https://gscs-b2c.lge.com/open/downloadFile?fileId=ARUQSiBEwDHMcqgkpCug
LG 휘센 오브제컬렉션 위너 에어컨 2in1,https://www.lge.co.kr/kr/images/air-conditioners/md10278857/gallery/medium-interior01.jpg,,3등급,"2,200 / 320","7,200 / 1,600","220, 60",870 x 650 x 330,"350 x 1,820 x 300",77.2(58.5+18.7),3단계,O 있음,크림 화이트,https://gscs-b2c.lge.com/open/downloadFile?fileId=XNJ37mp9XDGEOMDTuHJbeg
LG 휘센 오브제컬렉션 위너 에어컨 2in1,https://www.lge.co.kr/kr/images/air-conditioners/md10278867/gallery/medium-interior01.jpg,"2,609,000원",3등급,"2,200 / 320","7,200 / 1,600","220, 60",870 x 650 x 330,"350 x 1,820 x 300",77.2(58.5+18.7),3단계,O 있음,크림 화이트,https://gscs-b2c.lge.com/open/downloadFile?fileId=XNJ37mp9XDGEOMDTuHJbeg
LG 휘센 오브제컬렉션 위너 에어컨,https://www.lge.co.kr/kr/images/air-conditioners/md10207830/gallery/medium-interior01.jpg,,3등급,"2,200 / 320","7,200 / 1,600","220, 60",870 x 650 x 330,"350 x 1,820 x 300",58.5,3단계,O 있음,크림 화이트,https://gscs-b2c.lge.com/open/downloadFile?fileId=XNJ37mp9XDGEOMDTuHJbeg
LG 휘센 오브제컬렉션 위너 에어컨 2in1,https://www.lge.co.kr/kr/images/air-conditioners/md10160840/gallery/medium-interior01.jpg,,3등급,"2,200 / 320","7,200 / 1,600","220, 60",870 x 650 x 330,"350 x 1,820 x 300",77.2(58.5+18.7),3단계,O 있음,크림 화이트,https://gscs-b2c.lge.com/open/downloadFile?fileId=XNJ37mp9XDGEOMDTuHJbeg
LG 휘센 오브제컬렉션 위너 에어컨 2in1,https://www.lge.co.kr/kr/images/air-conditioners/md10481830/gallery/medium-interior01.jpg,,3등급,"2,200 / 320","7,200 / 1,600","220, 60",870 x 650 x 330,"350 x 1,820 x 300",77.2(58.5+18.7),3단계,O 있음,크림 화이트,https://gscs-b2c.lge.com/open/downloadFile?fileId=XNJ37mp9XDGEOMDTuHJbeg
LG 휘센 오브제컬렉션 위너 에어컨 2in1 매립배관형,https://www.lge.co.kr/kr/images/air-conditioners/md10160841/gallery/medium-interior01.jpg,,3등급,"2,200 / 320","7,200 / 1,600","220, 60",870 x 650 x 330,"350 x 1,820 x 300",77.2(58.5+18.7),3단계,O 있음,크림 화이트,https://gscs-b2c.lge.com/open/downloadFile?fileId=XNJ37mp9XDGEOMDTuHJbeg
LG 휘센 AI 오브제컬렉션 뷰II 에어컨 2in1 (1시리즈),https://www.lge.co.kr/kr/images/air-conditioners/md10558826/gallery/medium-interior02.jpg,"3,108,000원",3등급,"2,300 / 325","7,700 / 1,700","220, 60",870x800x320,"350 x 1,840 x 295",81.3(62.6+18.7),5단계,O 있음,에센스 화이트,https://gscs-b2c.lge.com/open/downloadFile?fileId=2Arpmb0HBJ4s18wvcKHcUQ
LG 휘센 AI 오브제컬렉션 뷰II 에어컨 2in1 (2시리즈),https://www.lge.co.kr/kr/images/air-conditioners/md10558866/gallery/medium-interior02.jpg,,3등급,"2,300 / 325","7,700 / 1,700","220, 60",870x800x320,"350 x 1,840 x 295",81.3(62.6+18.7),5단계,O 있음,에센스 화이트,https://gscs-b2c.lge.com/open/downloadFile?fileId=2Arpmb0HBJ4s18wvcKHcUQ
LG 휘센 AI 오브제컬렉션 뷰I 에어컨 2in1 (3시리즈),https://www.lge.co.kr/kr/images/air-conditioners/md10576857/gallery/medium-interior01.jpg,,2등급,"2,300 / 310","7,700 / 1,700","220, 60",870x800x320,"350 x 1,840 x 295",81.3(62.6+18.7),5단계,O 있음,에센스 화이트,https://gscs-b2c.lge.com/open/downloadFile?fileId=vCJ2j1ZpB3CUaXNv5tGqw
LG 휘센 AI 오브제컬렉션 뷰II 에어컨 2in1 (1시리즈),https://www.lge.co.kr/kr/images/air-conditioners/md10783852/gallery/medium-interior01.jpg,"3,186,000원",3등급,"2,300 / 325","7,700 / 1,700","220, 60",870x800x320,"350 x 1,840 x 295",62.6,5단계,O 있음,에센스 화이트,https://gscs-b2c.lge.com/open/downloadFile?fileId=SMm5qgJSPI1u0qUXwsNJnw
LG 휘센 오브제컬렉션 타워II 에어컨 2in1 (2시리즈)매립배관형,https://www.lge.co.kr/kr/images/air-conditioners/md10324841/gallery/medium-interior01.jpg,,2등급,"2,350 / 310","8,100 / 1,700","220, 60",870 x 800 x 320,"380 x 1,915 x 295",84.6(65.9+18.7),5단계,O 있음,카밍 베이지,https://gscs-b2c.lge.com/open/downloadFile?fileId=CSr78KtELvOMwqG5DMlLw
LG 휘센 오브제컬렉션 쿨 에어컨 2in1 (2시리즈),https://www.lge.co.kr/kr/images/air-conditioners/md10561826/gallery/medium-interior01.jpg,"3,389,000원",3등급,"2,800 / 310","8,100 / 2,400","220, 60",870x800x320,"350 x 1,795 x 266",84.6(65.9+18.7),5단계,O 있음,에센스 화이트,https://gscs-b2c.lge.com/open/downloadFile?fileId=HZtfnmMP7cpxSJ5TcMtT3w
LG 휘센 오브제컬렉션 쿨 에어컨 2in1 (2시리즈),https://www.lge.co.kr/kr/images/air-conditioners/md10561826/gallery/medium-interior01.jpg,,3등급,"2,800 / 310","8,100 / 2,400","220, 60",870x800x320,"350 x 1,795 x 266",84.6(65.9+18.7),5단계,O 있음,에센스 화이트,https://gscs-b2c.lge.com/open/downloadFile?fileId=HZtfnmMP7cpxSJ5TcMtT3w
LG 휘센 AI 오브제컬렉션 뷰I 프로 에어컨 2in1 (6시리즈),https://www.lge.co.kr/kr/images/air-conditioners/md10495867/gallery/medium-interior01.jpg,"4,606,000원",2등급,"2,400 / 310","8,200 / 1,700","220, 60",870x800x320,"350 x 1,840 x 295",84.6(65.9+18.7),5단계,O 있음,에센스 화이트,https://gscs-b2c.lge.com/open/downloadFile?fileId=CtIk6J6F6mXmEPYS6XYVZA
LG 휘센 AI 오브제컬렉션 쿨 에어컨 2in1 (2시리즈),https://www.lge.co.kr/kr/images/air-conditioners/md10781853/gallery/medium-interior01.jpg,,3등급,"2,800 / 310","8,100 / 2,400","220, 60",870x800x320,"350 x 1,795 x 320",65.9,5단계,O 있음,에센스 화이트,https://gscs-b2c.lge.com/open/downloadFile?fileId=Squ2mSleGrHJrdsdbqFfrQ
LG 휘센 AI 오브제컬렉션 위너 에어컨 2in1 (2시리즈),https://www.lge.co.kr/kr/images/air-conditioners/md10807831/gallery/medium-interior01.jpg,,3등급,"2,530 / 320","8,100 / 1,600","220, 60",870 x 800 x 320,"350 x 1,820 x 300",65.9,3단계,O 있음,크림 화이트,https://gscs-b2c.lge.com/open/downloadFile?fileId=AI2yqWoSZESJ9tICDWVvA
LG 휘센 오브제컬렉션 타워II 에어컨 2in1 (4시리즈),https://www.lge.co.kr/kr/images/air-conditioners/md10301831/gallery/medium-interior01.jpg,,2등급,"2,400 / 310","8,200 / 1,700","220, 60",870 x 800 x 320,"380 x 1,915 x 295",93.2(74.5+18.7),5단계,O 있음,카밍 베이지,https://gscs-b2c.lge.com/open/downloadFile?fileId=CSr78KtELvOMwqG5DMlLw
LG 휘센 AI 오브제컬렉션 타워I 에어컨 2in1 (9시리즈),https://www.lge.co.kr/kr/images/air-conditioners/md10492861/gallery/medium-interior01.jpg,,1등급,"2,050 / 280","8,200 / 1,700","220, 60",870 x 800 x 320,"380 x 1,915 x 295",93.2(74.5+18.7),5단계,O 있음,크림 화이트,https://gscs-b2c.lge.com/open/downloadFile?fileId=Nfb8Zk3OveQ8W2a25HmiRQ
LG 휘센 AI 오브제컬렉션 뷰I 프로 에어컨 2in1 (6시리즈),https://www.lge.co.kr/kr/images/air-conditioners/md10495861/gallery/medium-interior01.jpg,,2등급,"2,400 / 310","8,200 / 1,700","220, 60",870x800x320,"350 x 1,840 x 295",93.2(74.5+18.7),5단계,O 있음,에센스 화이트,https://gscs-b2c.lge.com/open/downloadFile?fileId=iBCaXvBMzrwPCIqgUftGXw
LG 휘센 AI 오브제컬렉션 뷰I 프로 에어컨 2in1 (6시리즈),https://www.lge.co.kr/kr/images/air-conditioners/md10495860/gallery/medium-interior01.jpg,,2등급,"2,400 / 310","8,200 / 1,700","220, 60",870x800x320,"350 x 1,840 x 295",93.2(74.5+18.7),5단계,O 있음,에센스 화이트,https://gscs-b2c.lge.com/open/downloadFile?fileId=iBCaXvBMzrwPCIqgUftGXw
LG 휘센 AI 오브제컬렉션 타워I 에어컨 2in1 (9시리즈),https://www.lge.co.kr/kr/images/air-conditioners/md10738838/gallery/medium-interior01.jpg,"7,182,000원",1등급,"2,200 / 290","8,200 / 2,850","220, 60",870 x 800 x 320,"380 x 1,915 x 295",74.5,5단계,O 있음,카밍 베이지,https://gscs-b2c.lge.com/open/downloadFile?fileId=VeBvxgsv9u6PPFuMrJQ
LG 휘센 AI 오브제컬렉션 타워I 에어컨 2in1 (9시리즈),https://www.lge.co.kr/kr/images/air-conditioners/md10738840/gallery/medium-interior01.jpg,"7,182,000원",1등급,"2,200 / 290","8,200 / 2,850","220, 60",870 x 800 x 320,"380 x 1,915 x 295",74.5,5단계,O 있음,크림 화이트,https://gscs-b2c.lge.com/open/downloadFile?fileId=VeBvxgsv9u6PPFuMrJQ
LG 휘센 AI 오브제컬렉션 뷰II 에어컨 2in1 (2시리즈),https://www.lge.co.kr/kr/images/air-conditioners/md10783834/gallery/medium-interior01.jpg,"3,796,000원",,,,,,,,,,,https://gscs-b2c.lge.com/open/downloadFile?fileId=SMm5qgJSPI1u0qUXwsNJnw
LG 휘센 AI 오브제컬렉션 뷰I 에어컨 2in1 (3시리즈),https://www.lge.co.kr/kr/images/air-conditioners/md10782858/gallery/medium-interior01.jpg,"4,351,000원",2등급,"2,800 / 290","8,200 / 2,400","220, 60",870x800x320,"350 x 1,840 x 295",74.5,5단계,O 있음,에센스 화이트,https://gscs-b2c.lge.com/open/downloadFile?fileId=1h2334ObrNW8ouyu4DCVbA
LG 휘센 AI 오브제컬렉션 뷰I 프로 에어컨 2in1 (6시리즈),https://www.lge.co.kr/kr/images/air-conditioners/md10742835/gallery/medium-interior01.jpg,"5,350,000원",2등급,"2,500 / 360","8,200 / 2,850","220, 60",870x800x320,"350 x 1,840 x 295",74.5,5단계,O 있음,에센스 화이트,https://gscs-b2c.lge.com/open/downloadFile?fileId=2T9LtZIbc7D5duR8qrISw
LG 휘센 오브제컬렉션 타워I 에어컨 2in1 (6시리즈),https://www.lge.co.kr/kr/images/air-conditioners/md10333829/gallery/medium-interior01.jpg,,1등급,"2,350 / 280","9,000 / 1,700","220, 60",870 x 800 x 320,"380 x 1,915 x 295",100.5(81.8+18.7),5단계,O 있음,카밍 베이지,https://gscs-b2c.lge.com/open/downloadFile?fileId=cofEdVGrPuYpbwXPl49A
LG 휘센 AI 오브제컬렉션 타워I 에어컨 2in1 (5시리즈),https://www.lge.co.kr/kr/images/air-conditioners/md10733834/gallery/medium-interior01.jpg,"5,627,000원",2등급,"2,280 / 300","9,000 / 2,450","220, 60",870 x 800 x 320,"380 x 1,915 x 295",81.8,5단계,O 있음,카밍 베이지,https://gscs-b2c.lge.com/open/downloadFile?fileId=7PJedwHolVWDWBKsTN35g
LG 휘센 AI 오브제컬렉션 타워I 에어컨 2in1 (5시리즈),https://www.lge.co.kr/kr/images/air-conditioners/md10495851/gallery/medium-interior01.jpg,"5,627,000원",2등급,"2,280 / 300","9,000 / 2,450","220, 60",870 x 800 x 320,"380 x 1,915 x 295",81.8,5단계,O 있음,크림 화이트,https://gscs-b2c.lge.com/open/downloadFile?fileId=7PJedwHolVWDWBKsTN35g
LG 휘센 AI 오브제컬렉션 타워I 에어컨 2in1 (9시리즈),https://www.lge.co.kr/kr/images/air-conditioners/md10492853/gallery/medium-interior01.jpg,,1등급,"2,350 / 280","9,000 / 1,700","220, 60",870 x 800 x 320,"380 x 1,915 x 295",100.5(81.8+18.7),5단계,O 있음,크림 화이트,https://gscs-b2c.lge.com/open/downloadFile?fileId=Nfb8Zk3OveQ8W2a25HmiRQ
LG 휘센 AI 오브제컬렉션 타워I 에어컨 2in1 (9시리즈),https://www.lge.co.kr/kr/images/air-conditioners/md10738836/gallery/medium-interior01.jpg,"7,570,000원",1등급,"2,500 / 290","9,000 / 2,850","220, 60",870 x 800 x 320,"380 x 1,915 x 295",81.8,5단계,O 있음,카밍 베이지,https://gscs-b2c.lge.com/open/downloadFile?fileId=VeBvxgsv9u6PPFuMrJQ
LG 휘센 AI 오브제컬렉션 타워I 에어컨 2in1 (9시리즈),https://www.lge.co.kr/kr/images/air-conditioners/md10738837/gallery/medium-interior01.jpg,"7,570,000원",1등급,"2,500 / 290","9,000 / 2,850","220, 60",870 x 800 x 320,"380 x 1,915 x 295",81.8,5단계,O 있음,크림 화이트,https://gscs-b2c.lge.com/open/downloadFile?fileId=VeBvxgsv9u6PPFuMrJQ
LG 휘센 오브제컬렉션 쿨 사계절에어컨 2in1 (1시리즈),https://www.lge.co.kr/kr/images/air-conditioners/md10658826/gallery/medium-interior01.jpg,"3,608,000원",,"1,850 / 290","6,500 / 2,080","220, 60",870 x 800 x 320,"350 x 1,795 x 266",71.5(52.8+18.7),5단계,O 있음,에센스 화이트,https://gscs-b2c.lge.com/open/downloadFile?fileId=x9KwisOE2GEP6gjg2BV3A
LG 휘센 오브제컬렉션 쿨 사계절에어컨 2in1 (1시리즈),https://www.lge.co.kr/kr/images/air-conditioners/md10658826/gallery/medium-interior01.jpg,"3,719,000원",,"1,850 / 290","6,500 / 2,080","220, 60",870 x 800 x 320,"350 x 1,795 x 266",71.5(52.8+18.7),5단계,O 있음,에센스 화이트,https://gscs-b2c.lge.com/open/downloadFile?fileId=x9KwisOE2GEP6gjg2BV3A
LG 휘센 사계절에어컨 (위너),https://www.lge.co.kr/kr/images/air-conditioners/md09765838/gallery/medium-interior01.jpg,"2,775,000원",냉방4 / 난방5,"2,200 / 360","6,500 / 1,800","220, 60",870 x 800 x 320,"350 x 1,820 x 300",52.8,3단계,O 있음,웨딩 스노우,https://gscs-b2c.lge.com/open/downloadFile?fileId=6f2JtfbaFr0tUxdp8xKVUQ
LG 휘센 오브제컬렉션 뷰I 사계절에어컨(3시리즈),https://www.lge.co.kr/kr/images/air-conditioners/md10463831/gallery/medium-interior02.jpg,"3,719,000원",냉방 3등급/ 난방 5등급,"2,080 / 300","7,200 / 2,150","220, 60",870 x 800 x 320,"350 x 1,840 x 295",58.5,5단계,O 있음,에센스 화이트,https://gscs-b2c.lge.com/open/downloadFile?fileId=wW21X2ofjE877CwlzfjN5Q
LG 휘센 오브제컬렉션 사계절에어컨 2in1 (타워 히트),https://www.lge.co.kr/kr/images/air-conditioners/md10278853/gallery/medium-interior01.jpg,"4,329,000원",,"2,390 / 360","8,100 / 1,900","220, 60",870 x 800 x 320,"380 x 1,915 x 295",84.6(65.9+18.7),5단계,O 있음,카밍 베이지,https://gscs-b2c.lge.com/open/downloadFile?fileId=Uwmas4HUrmnZAQrvRJXg
LG 휘센 오브제컬렉션 타워I 사계절에어컨 (프리미엄),https://www.lge.co.kr/kr/images/air-conditioners/md10262833/gallery/medium-interior01.jpg,,,"2,390 / 360","8,100 / 1,900","220, 60",870 x 800 x 320,"380 x 1,915 x 295",84.6(65.9+18.7),5단계,O 있음,크림 화이트,https://gscs-b2c.lge.com/open/downloadFile?fileId=Ku2S1gA2eFa7oshT0BnNw
LG 휘센 오브제컬렉션 사계절에어컨 2in1 (타워 스페셜),https://www.lge.co.kr/kr/images/air-conditioners/md10278851/gallery/medium-interior01.jpg,,,"2,390 / 360","8,100 / 1,900","220, 60",870 x 800 x 320,"380 x 1,915 x 295",84.6(65.9+18.7),5단계,O 있음,카밍 베이지,https://gscs-b2c.lge.com/open/downloadFile?fileId=WXLRod5NkjG8XpAmwcg
LG 휘센 오브제컬렉션 이동식 에어컨 (듀얼호스),https://www.lge.co.kr/kr/images/air-conditioners/md10572830/gallery/medium-interior01.jpg,"1,166,000원",1등급,"1,260 / 521","2,800","220, 60",,,23.0,3단계,O 있음,화이트(로즈데코),https://gscs-b2c.lge.com/open/downloadFile?fileId=CN4m80sJ7KkqaVbxxWRQ
LG 휘센 오브제컬렉션 이동식 에어컨 (듀얼호스),https://www.lge.co.kr/kr/images/air-conditioners/md10572827/gallery/medium-interior01.jpg,"1,277,000원",1등급,"1,540 / 521","3,200","220, 60",,,26.0,3단계,O 있음,카밍 베이지(로즈데코),https://gscs-b2c.lge.com/open/downloadFile?fileId=CN4m80sJ7KkqaVbxxWRQ
LG 휘센 오브제컬렉션 이동식 에어컨 (듀얼호스),https://www.lge.co.kr/kr/images/air-conditioners/md10572832/gallery/medium-interior01.jpg,"1,221,000원",1등급,"1,540 / 521","3,200","220, 60",,,26.0,3단계,O 있음,화이트(로즈데코),https://gscs-b2c.lge.com/open/downloadFile?fileId=CN4m80sJ7KkqaVbxxWRQ
LG 휘센 오브제컬렉션 벽걸이에어컨 (2in1),https://www.lge.co.kr/kr/images/air-conditioners/md09107826/gallery/medium-interior01.jpg,,,,"2,300 W",220V / 60Hz,,857 x 348 x 192,18.7,O (6단계) 있음,O 있음,카밍 그린,https://gscs-b2c.lge.com/open/downloadFile?fileId=t8aUBxdbWHwXG4frd6bzg
LG 휘센 오브제컬렉션 벽걸이에어컨 (2in1),https://www.lge.co.kr/kr/images/air-conditioners/md09126826/gallery/medium-interior01.jpg,,,,"2,300 W",220V / 60Hz,,837 x 302 x 192 mm,18.7,O (6단계) 있음,O 있음,카밍 베이지,https://gscs-b2c.lge.com/open/downloadFile?fileId=XhXPqlqrq6lCqYGFMLP3PQ
LG 휘센 오브제컬렉션 벽걸이에어컨 (2in1),https://www.lge.co.kr/kr/images/air-conditioners/md09863828/gallery/medium-interior01.jpg,,,550,"2,300","220, 60",,774 x 348 x 192,18.7,6단계,O 있음,카밍 베이지,https://gscs-b2c.lge.com/open/downloadFile?fileId=Ewc3YNeBmqqLvKbZqAO8g
LG 휘센 오브제컬렉션 벽걸이에어컨 (2in1),https://www.lge.co.kr/kr/images/air-conditioners/md09863829/gallery/medium-interior01.jpg,,,550,"2,300","220, 60",,774 x 348 x 192,18.7,6단계,O 있음,크림 화이트,https://gscs-b2c.lge.com/open/downloadFile?fileId=Ewc3YNeBmqqLvKbZqAO8g
LG 휘센 오브제컬렉션 벽걸이에어컨 (2in1),https://www.lge.co.kr/kr/images/air-conditioners/md09863830/gallery/medium-interior01.jpg,,,550,"2,300","220, 60",,774 x 348 x 192,18.7,6단계,O 있음,크림 그레이,https://gscs-b2c.lge.com/open/downloadFile?fileId=Ewc3YNeBmqqLvKbZqAO8g
LG 휘센 오브제컬렉션 벽걸이에어컨 (2in1),https://www.lge.co.kr/kr/images/air-conditioners/md09853832/gallery/medium-interior01.jpg,,,530,"2,300","220, 60",,857 x 348 x 192,18.7,6단계,O 있음,카밍 베이지,https://gscs-b2c.lge.com/open/downloadFile?fileId=Ewc3YNeBmqqLvKbZqAO8g
LG 휘센 오브제컬렉션 벽걸이에어컨 (2in1),https://www.lge.co.kr/kr/images/air-conditioners/md09863826/gallery/medium-interior01.jpg,,,530,"2,300","220, 60",,857 x 348 x 192,18.7,6단계,O 있음,크림 화이트,https://gscs-b2c.lge.com/open/downloadFile?fileId=Ewc3YNeBmqqLvKbZqAO8g
LG 휘센 오브제컬렉션 벽걸이에어컨 (2in1),https://www.lge.co.kr/kr/images/air-conditioners/md09863827/gallery/medium-interior01.jpg,,,530,"2,300","220, 60",,857 x 348 x 192,18.7,6단계,O 있음,크림 그레이,https://gscs-b2c.lge.com/open/downloadFile?fileId=Ewc3YNeBmqqLvKbZqAO8g
LG 휘센 벽걸이에어컨 (2in1),https://www.lge.co.kr/kr/images/air-conditioners/md09151829/gallery/medium-interior01.jpg,,,,"2,300 W",220V / 60Hz,,754 x 308 x 189,18.7,O (6단계) 있음,O 있음,웨딩 스노우,https://gscs-b2c.lge.com/open/downloadFile?fileId=Z1rgvo56SG4OHtjNBdnwQ
LG 휘센 벽걸이에어컨 (2in1),https://www.lge.co.kr/kr/images/air-conditioners/md09126830/gallery/medium-interior01.jpg,,,,"2,300 W",220V / 60Hz,,837 x 302 x 189,18.7,O (6단계) 있음,O 있음,화이트,https://gscs-b2c.lge.com/open/downloadFile?fileId=tqPxb5Rgb4xZBDbkQ7V1Q
LG 휘센 벽걸이에어컨 (2in1),https://www.lge.co.kr/kr/images/air-conditioners/md09119854/gallery/medium-interior01.jpg,,,,"2,300 W",220V / 60Hz,,756 x 265 x 184 mm,18.7,O (6단계) 있음,O 있음,화이트,https://gscs-b2c.lge.com/open/downloadFile?fileId=MyPBS9yXD5mF1JcPuWTaw
LG 휘센 벽걸이에어컨 (2in1),https://www.lge.co.kr/kr/images/air-conditioners/md09119855/gallery/medium-interior01.jpg,,,,"2,300 W",220V / 60Hz,,756 x 265 x 184 mm,18.7,O (3단계) 있음,O 있음,화이트,https://gscs-b2c.lge.com/open/downloadFile?fileId=xiJbFQMaYOX9CospThuw
LG 휘센 벽걸이에어컨 (2in1),https://www.lge.co.kr/kr/images/air-conditioners/md09863831/gallery/medium-interior01.jpg,,,550,"2,300","220, 60",,754 x 308 x 189,18.7,6단계,O 있음,웨딩 스노우,https://gscs-b2c.lge.com/open/downloadFile?fileId=KWAqFaPEu3PovLp1nqC2Q
LG 휘센 벽걸이에어컨 (2in1),https://www.lge.co.kr/kr/images/air-conditioners/md09863832/gallery/medium-interior01.jpg,,,530,"2,300","220, 60",,837 x 302 x 189,18.7,6단계,O 있음,화이트,https://gscs-b2c.lge.com/open/downloadFile?fileId=KWAqFaPEu3PovLp1nqC2Q
LG 휘센 벽걸이에어컨,https://www.lge.co.kr/kr/images/air-conditioners/md10296826/gallery/medium-interior01.jpg,"743,000원",5등급,690 / 260,"2,300 / 1,100","220, 60",717 x 495 x 230,754 x 308 x 189,18.7,6단계,O 있음,웨딩 스노우,https://gscs-b2c.lge.com/open/downloadFile?fileId=SWV4EG3ihxtKuPigMTOiJQ
LG 휘센 벽걸이에어컨 (2in1),https://www.lge.co.kr/kr/images/air-conditioners/md10302869/gallery/medium-interior01.jpg,,,550,"2,300","220, 60",,754 x 308 x 189,18.7,6단계,O 있음,웨딩 스노우,https://gscs-b2c.lge.com/open/downloadFile?fileId=0nrQhSrjaoOhVEdSiUOMOw
LG 휘센 벽걸이에어컨,https://www.lge.co.kr/kr/images/air-conditioners/md10302868/gallery/medium-interior01.jpg,,,550,"2,300","220, 60",,754x348x192,18.7,6단계,O 있음,크림 화이트,https://gscs-b2c.lge.com/open/downloadFile?fileId=R4YNgpPA8M23gTcoWfl1w
LG 휘센 벽걸이에어컨 (2in1),https://www.lge.co.kr/kr/images/air-conditioners/md10333826/gallery/medium-interior01.jpg,,,530,"2,300","220, 60",,837 x 308 x 189,18.7,6단계,O 있음,웨딩 스노우,https://gscs-b2c.lge.com/open/downloadFile?fileId=yaIDB4SxCrgI60to8ybYkg
LG 휘센 벽걸이에어컨,https://www.lge.co.kr/kr/images/air-conditioners/md10269826/gallery/medium-interior01.jpg,"1,263,000원",냉방 1등급,510 / 123,"2,300 / 854","220, 60",770 x 545 x 288,837 x 308 x 189,18.7,6단계,O 있음,화이트,https://gscs-b2c.lge.com/open/downloadFile?fileId=7vIu6wPwkyhRWgROS1oUg
LG 휘센 벽걸이에어컨,https://www.lge.co.kr/kr/images/air-conditioners/md10302867/gallery/medium-interior01.jpg,,,530,"2,300","220, 60",,837x348x192,18.7,6단계,O 있음,크림 화이트,https://gscs-b2c.lge.com/open/downloadFile?fileId=R4YNgpPA8M23gTcoWfl1w
LG 휘센 벽걸이에어컨 (2in1),https://www.lge.co.kr/kr/images/air-conditioners/md10509827/gallery/medium-interior01.jpg,,,550,"2,300","220, 60",,754x308x189,18.7,6단계,O 있음,화이트,https://gscs-b2c.lge.com/open/downloadFile?fileId=Vf37tqBmi6gbxyS6rdnWA
LG 휘센 벽걸이에어컨 (2in1),https://www.lge.co.kr/kr/images/air-conditioners/md10509827/gallery/medium-interior01.jpg,,,550,"2,300","220, 60",,799x307x235,,6단계,,화이트,https://gscs-b2c.lge.com/open/downloadFile?fileId=Vf37tqBmi6gbxyS6rdnWA
LG 휘센 벽걸이에어컨 (2in1),https://www.lge.co.kr/kr/images/air-conditioners/md10768826/gallery/medium-interior01.jpg,,,550,"2,300","220, 60",,754x308x189,18.7,6단계,O 있음,화이트,https://gscs-b2c.lge.com/open/downloadFile?fileId=VBpnMlL0PR7Uw3qTnomvIA
LG 휘센 벽걸이에어컨,https://www.lge.co.kr/kr/images/air-conditioners/md10516827/gallery/medium-interior01.jpg,"743,000원",5등급,690 / 260,"2,300 / 1,100","220, 60",717 x 495 x 230,754 x 308 x 189,18.7,6단계,O 있음,화이트,https://gscs-b2c.lge.com/open/downloadFile?fileId=QQQ6Skcd6TTtFjJsip84QA
LG 휘센 벽걸이에어컨 (2in1),https://www.lge.co.kr/kr/images/air-conditioners/md10509826/gallery/medium-interior01.jpg,,,530,"2,300","220, 60",,837x308x189,,6단계,O 있음,화이트,https://gscs-b2c.lge.com/open/downloadFile?fileId=Vf37tqBmi6gbxyS6rdnWA
LG 휘센 AI 오브제컬렉션 듀얼쿨 벽걸이에어컨 (2in1),https://www.lge.co.kr/kr/images/air-conditioners/md10509828/gallery/medium-interior01.jpg,,,530,"2,300","220, 60",,799x307x235,,6단계,O 있음,화이트,https://gscs-b2c.lge.com/open/downloadFile?fileId=fR7WnJxuytLLtEhTkrHnuw
LG 휘센 벽걸이에어컨 (2in1),https://www.lge.co.kr/kr/images/air-conditioners/md10731834/gallery/medium-interior01.jpg,,,550,"2,300","220, 60",,754x308x189,18.7,6단계,O 있음,화이트,https://gscs-b2c.lge.com/open/downloadFile?fileId=H4SvJs7oZ3I6E1tReRig
LG 휘센 벽걸이에어컨 (2in1),https://www.lge.co.kr/kr/images/air-conditioners/md10738835/gallery/medium-interior01.jpg,,,530,"2,300","220, 60",,837x308x189,18.7,6단계,O 있음,화이트,https://gscs-b2c.lge.com/open/downloadFile?fileId=lOUz6f4aYelGLU6cdZ3YPw
LG 휘센 벽걸이에어컨,https://www.lge.co.kr/kr/images/air-conditioners/md10731831/gallery/medium-interior01.jpg,"1,199,000원",1등급,550 / 130,"2,300 / 873","220, 60",717x495x230,837x308x189,18.7,6단계,O 있음,화이트,https://gscs-b2c.lge.com/open/downloadFile?fileId=TxqsGo4xpEk7stzaD26Og
LG 휘센 벽걸이에어컨,https://www.lge.co.kr/kr/images/air-conditioners/md10766829/gallery/medium-interior01.jpg,"1,188,000원",1등급,550 / 130,"2,300 / 873","220, 60",717x495x230,837x308x189,18.7,6단계,O 있음,화이트,https://gscs-b2c.lge.com/open/downloadFile?fileId=6JhtyIhhl0vFqngujcRs8A
LG 휘센 오브제컬렉션 듀얼쿨 벽걸이에어컨 (2in1),https://www.lge.co.kr/kr/images/air-conditioners/md10731828/gallery/medium-interior01.jpg,,,530,"2,300","220, 60",,799x307x235,18.7,6단계,O 있음,화이트,https://gscs-b2c.lge.com/open/downloadFile?fileId=J7OckAbDsY3qEnYQvo6uw
LG 휘센 오브제컬렉션 듀얼쿨 벽걸이에어컨 (2in1),https://www.lge.co.kr/kr/images/air-conditioners/md10754846/gallery/medium-interior01.jpg,,,530,"2,300","220, 60",,799x307x235,18.7,6단계,O 있음,화이트,https://gscs-b2c.lge.com/open/downloadFile?fileId=c4bhajdq5xxQ3weIhPmg
LG 휘센 벽걸이에어컨,https://www.lge.co.kr/kr/images/air-conditioners/md10770842/gallery/medium-interior01.jpg,"722,000원",5등급,765 / 174,"2,300 / 789","220, 60",660x443x225,778x277x197,18.7,8단계,O 있음,화이트,https://gscs-b2c.lge.com/open/downloadFile?fileId=9vWpoRy7kdwgsdR9s9pA
LG 휘센 벽걸이에어컨 (2in1),https://www.lge.co.kr/kr/images/air-conditioners/md08043927/gallery/medium-interior01.jpg,,,,"2,800 W",220V / 60Hz,,837 x 302 x 189,22.8,O 있음,O 있음,화이트,https://gscs-b2c.lge.com/open/downloadFile?fileId=Ru0SfSHR36xKNL5iPs3Q
LG 휘센 벽걸이에어컨 (2in1),https://www.lge.co.kr/kr/images/air-conditioners/md08921863/gallery/medium-interior01.jpg,,,,"2,800 W",220V / 60Hz,,837 x 302 x 189,22.8,O 있음,O 있음,화이트,https://gscs-b2c.lge.com/open/downloadFile?fileId=A5mJSePS6cGgA5jYWMWA
LG 휘센 벽걸이에어컨,https://www.lge.co.kr/kr/images/air-conditioners/md10333832/gallery/medium-interior01.jpg,,냉방 5등급,930 / 265,"2,800 / 1,160","220, 60",717 x 495 x 230,754 x 308 x 189,22.8,6단계,O 있음,웨딩 스노우,https://gscs-b2c.lge.com/open/downloadFile?fileId=SWV4EG3ihxtKuPigMTOiJQ
LG 휘센 벽걸이에어컨,https://www.lge.co.kr/kr/images/air-conditioners/md10738835/gallery/medium-interior01.jpg,"1,321,000원",1등급,700 / 130,"2,800 / 971","220, 60",770x545x288,837x308x189,22.8,6단계,O 있음,화이트,https://gscs-b2c.lge.com/open/downloadFile?fileId=6JhtyIhhl0vFqngujcRs8A
LG 휘센 벽걸이에어컨,https://www.lge.co.kr/kr/images/air-conditioners/md10731831/gallery/medium-interior01.jpg,"1,332,000원",1등급,700 / 130,"2,800 / 971","220, 60",770x545x288,837x308x189,22.8,6단계,O 있음,화이트,https://gscs-b2c.lge.com/open/downloadFile?fileId=OON2jlqyEYltpbgNozFHtw
LG 휘센 오브제컬렉션 듀얼쿨 벽걸이에어컨,https://www.lge.co.kr/kr/images/air-conditioners/md10754846/gallery/medium-interior01.jpg,"1,221,000원",3등급,820 / 162,"2,800 / 975","220, 60",717x495x230,799x307x235,22.8,6단계,O 있음,에센스 화이트,https://gscs-b2c.lge.com/open/downloadFile?fileId=yfe5OtgweW0ThRDGf0j9jg
LG 휘센 오브제컬렉션 듀얼쿨 벽걸이에어컨,https://www.lge.co.kr/kr/images/air-conditioners/md10731828/gallery/medium-interior01.jpg,"1,399,000원",3등급,820 / 162,"2,800 / 975","220, 60",717x495x230,799x307x235,22.8,6단계,O 있음,에센스 화이트,https://gscs-b2c.lge.com/open/downloadFile?fileId=YRxFj8UhgYc08MP76ormA
LG 휘센 AI 오브제컬렉션 듀얼쿨 벽걸이에어컨,https://www.lge.co.kr/kr/images/air-conditioners/md10731828/gallery/medium-interior01.jpg,"1,716,000원",1등급,690 / 135,"2,800 / 965","220, 60",770x545x288,799x307x235,22.8,6단계,O 있음,에센스 화이트,https://gscs-b2c.lge.com/open/downloadFile?fileId=J7OckAbDsY3qEnYQvo6uw
LG 휘센 벽걸이에어컨,https://www.lge.co.kr/kr/images/air-conditioners/md10405827/gallery/medium-interior01.jpg,"1,188,000원",3등급,"1,150 / 150","3,600 / 984","220, 60",717x495x230,837x308x189,29.3,6단계,O 있음,화이트,https://gscs-b2c.lge.com/open/downloadFile?fileId=muchH3CbD8iRZie9GAEA
LG 휘센 벽걸이에어컨,https://www.lge.co.kr/kr/images/air-conditioners/md10333831/gallery/medium-interior01.jpg,"1,332,000원",냉방 1등급,870 / 156,"3,600 / 1,150","220, 60",870x650x330,998x330x210,29.3,6단계,O 있음,화이트,https://gscs-b2c.lge.com/open/downloadFile?fileId=SWV4EG3ihxtKuPigMTOiJQ
LG 휘센 벽걸이에어컨,https://www.lge.co.kr/kr/images/air-conditioners/md10731831/gallery/medium-interior01.jpg,"1,232,000원",3등급,"1,150 / 150","3,600 / 984","220, 60",717x495x230,837x308x189,29.3,6단계,O 있음,화이트,https://gscs-b2c.lge.com/open/downloadFile?fileId=68jGX37KZxRkmRZEphmZA
LG 휘센 벽걸이에어컨,https://www.lge.co.kr/kr/images/air-conditioners/md10778836/gallery/medium-interior01.jpg,"1,499,000원",1등급,870 / 156,"3,600 / 1,150","220, 60",870x650x330,998x330x210,29.3,6단계,O 있음,화이트,https://gscs-b2c.lge.com/open/downloadFile?fileId=oJrnvikqFVPxPFSg2BlJTQ
LG 휘센 벽걸이에어컨,https://www.lge.co.kr/kr/images/air-conditioners/md10766829/gallery/medium-interior01.jpg,"1,233,000원",4등급,"1,250 / 153","3,900 / 929","220, 60",717x495x230,837x308x189,31.7,6단계,O 있음,화이트,https://gscs-b2c.lge.com/open/downloadFile?fileId=JsfBhrGxS5USOFUlWOTKMQ
LG 휘센 벽걸이에어컨,https://www.lge.co.kr/kr/images/air-conditioners/md10269827/gallery/medium-interior01.jpg,"1,610,000원",냉방 1등급,"1,000 / 174","4,200 / 1,280","220, 60",870 x 650 x 330,998 x 330 x 210,34.1,6단계,O 있음,화이트,https://gscs-b2c.lge.com/open/downloadFile?fileId=7vIu6wPwkyhRWgROS1oUg
LG 휘센 벽걸이에어컨,https://www.lge.co.kr/kr/images/air-conditioners/md10778836/gallery/medium-interior01.jpg,"1,621,000원",1등급,"1,000 / 174","4,200 / 1,280","220, 60",870 x 650 x 330,998 x 330 x 210,34.1,6단계,O 있음,화이트,https://gscs-b2c.lge.com/open/downloadFile?fileId=oJrnvikqFVPxPFSg2BlJTQ
LG 휘센 벽걸이에어컨,https://www.lge.co.kr/kr/images/air-conditioners/md10269828/gallery/medium-interior01.jpg,"1,794,000원",냉방 2등급,"1,420 / 174","5,200 / 1,320","220, 60",870 x 650 x 330,998 x 330 x 210,42.3,6단계,O 있음,화이트,https://gscs-b2c.lge.com/open/downloadFile?fileId=7vIu6wPwkyhRWgROS1oUg
LG 휘센 벽걸이에어컨,https://www.lge.co.kr/kr/images/air-conditioners/md10778836/gallery/medium-interior01.jpg,"1,698,000원",2등급,"1,420 / 174","5,200 / 1,320","220, 60",870 x 650 x 330,998 x 330 x 210,42.3,6단계,O 있음,화이트,https://gscs-b2c.lge.com/open/downloadFile?fileId=IHN7k8C8xLQN1LkK0jVKOw
LG 휘센 벽걸이에어컨,https://www.lge.co.kr/kr/images/air-conditioners/md10296830/gallery/medium-interior01.jpg,"2,030,000원",냉방 3등급,"2,050 / 316","6,500 / 1,950","220, 60",870x650x330,998x330x210,52.8,6단계,O 있음,화이트,https://gscs-b2c.lge.com/open/downloadFile?fileId=muchH3CbD8iRZie9GAEA
LG 휘센 벽걸이에어컨,https://www.lge.co.kr/kr/images/air-conditioners/md10778836/gallery/medium-interior01.jpg,"1,920,000원",3등급,"2,050 / 316","6,500 / 1,950","220, 60",870x650x330,998x330x210,52.8,6단계,O 있음,화이트,https://gscs-b2c.lge.com/open/downloadFile?fileId=IHN7k8C8xLQN1LkK0jVKOw
LG 휘센 오브제컬렉션 사계절에어컨 (2in1),https://www.lge.co.kr/kr/images/air-conditioners/md09736826/gallery/medium-interior01.jpg,,,550,"2,300","220, 60",,774 x 348 x 190,18.7,6단계,O 있음,카밍 베이지,https://gscs-b2c.lge.com/open/downloadFile?fileId=pEaAtDXBE4OZW6oLqHn4VA
LG 휘센 사계절벽걸이에어컨 (2in1),https://www.lge.co.kr/kr/images/air-conditioners/md10664841/gallery/medium-interior01.jpg,,,550,"2,300","220, 60",,754x308x189,,6단계,O 있음,화이트,https://gscs-b2c.lge.com/open/downloadFile?fileId=eLoDu7c3mmPBKsouVezJw
LG 휘센 사계절에어컨 (벽걸이),https://www.lge.co.kr/kr/images/air-conditioners/md10662826/gallery/medium-interior01.jpg,"1,565,000원",냉방 2등급 / 난방 3등급,850 / 156,"3,000 / 1,090","220, 60",770x545x288,998x330x210,24.4,6단계,O 있음,화이트,https://gscs-b2c.lge.com/open/downloadFile?fileId=iGZ1qmtxAMSYwOXawnwpdw
LG 휘센 사계절에어컨 (벽걸이),https://www.lge.co.kr/kr/images/air-conditioners/md10778835/gallery/medium-interior01.jpg,"1,510,000원",냉방 4등급 / 난방 3등급,740 / 144,"2,800 / 808","220, 60",717x495x230,837x308x189,22.8,6단계,O 있음,화이트,https://gscs-b2c.lge.com/open/downloadFile?fileId=IpKKs9YuTZpnxPbVpprg
LG 휘센 사계절에어컨 (벽걸이),https://www.lge.co.kr/kr/images/air-conditioners/md10731832/gallery/medium-interior02.jpg,"1,991,000원",냉방 1등급 / 난방 1등급,590 / 200,"2,700 / 1,300","220, 60",870x650x330,998x330x210,22.0,6단계,O 있음,화이트,https://gscs-b2c.lge.com/open/downloadFile?fileId=qJK2zqdb6sC7dpYdBha02A
LG 휘센 사계절에어컨 (벽걸이),https://www.lge.co.kr/kr/images/air-conditioners/md10269830/gallery/medium-interior01.jpg,,냉방 4등급 / 난방 4등급,"1,100 / 160","3,600 / 1,000","220, 60",770 x 545 x 288,837 x 308 x 189,29.3,6단계,O 있음,화이트,https://gscs-b2c.lge.com/open/downloadFile?fileId=pVlSNVCIdvvMkWsloxC1QQ
LG 휘센 AI 오브제컬렉션 듀얼쿨 사계절에어컨 (벽걸이),https://www.lge.co.kr/kr/images/air-conditioners/md10640826/gallery/medium-interior01.jpg,"2,109,000원",냉방 1등급 / 난방 1등급,810 / 185,"3,600 / 1,300","220, 60",870x650x330,"1,050x307x235",29.3,6단계,O 있음,에센스 화이트,https://gscs-b2c.lge.com/open/downloadFile?fileId=SuBRU4YxDC5hqnZn6g8hQ
LG 휘센 사계절에어컨 (벽걸이),https://www.lge.co.kr/kr/images/air-conditioners/md10662826/gallery/medium-interior01.jpg,"1,677,000원",냉방 3등급 / 난방 3등급,"1,130 / 156","3,600 / 1,090","220, 60",770x545x288,998x330x210,29.3,6단계,O 있음,화이트,https://gscs-b2c.lge.com/open/downloadFile?fileId=iGZ1qmtxAMSYwOXawnwpdw
LG 휘센 사계절에어컨 (벽걸이),https://www.lge.co.kr/kr/images/air-conditioners/md10662826/gallery/medium-interior01.jpg,"1,788,000원",냉방 2등급 / 난방 3등급,"1,250 / 210","4,700 / 1,490","220, 60",870x650x330,998x330x210,38.2,6단계,O 있음,화이트,https://gscs-b2c.lge.com/open/downloadFile?fileId=qJK2zqdb6sC7dpYdBha02A
LG 휘센 사계절에어컨 (벽걸이),https://www.lge.co.kr/kr/images/air-conditioners/md10662826/gallery/medium-interior01.jpg,"1,954,000원",냉방 2등급 / 난방 4등급,"1,440 / 210","5,200 / 1,500","220, 60",870x650x330,998x330x210,42.3,6단계,O 있음,화이트,https://gscs-b2c.lge.com/open/downloadFile?fileId=qJK2zqdb6sC7dpYdBha02A
LG 휘센 사계절에어컨 (벽걸이),https://www.lge.co.kr/kr/images/air-conditioners/md10662826/gallery/medium-interior01.jpg,"2,343,000원",냉방 4등급 / 난방 5등급,"2,010 / 292","6,500 / 1,650","220, 60",870x800x320,998x330x210,52.8,6단계,O 있음,화이트,https://gscs-b2c.lge.com/open/downloadFile?fileId=hZ2cxey823bgWdslscVmrA
LG 휘센 오브제컬렉션 엣지 창호형 에어컨 마감키트,https://www.lge.co.kr/kr/images/air-conditioners/md10771829/gallery/medium-interior01.jpg,"1,554,000원",1등급,990 / 180,"2,150","220, 60",,,16.5,5단계,O 있음,크림 화이트,https://gscs-b2c.lge.com/open/downloadFile?fileId=kxNJkGGJ1u2cWsGoo2mMOQ
LG 휘센 오브제컬렉션 엣지 창호형 에어컨 마감키트,https://www.lge.co.kr/kr/images/air-conditioners/md10771841/gallery/medium-interior01.jpg,"1,499,000원",1등급,990 / 180,"2,150","220, 60",,,16.5,5단계,O 있음,크림 화이트,https://gscs-b2c.lge.com/open/downloadFile?fileId=FtRPP9Lwxg72ne5iIXC1ZA
LG 휘센 오브제컬렉션 엣지 창호형 에어컨 마감키트,https://www.lge.co.kr/kr/images/air-conditioners/md10771829/gallery/medium-interior01.jpg,"1,554,000원",1등급,990 / 180,"2,360","220, 60",,,19.4,5단계,O 있음,크림 화이트,https://gscs-b2c.lge.com/open/downloadFile?fileId=kxNJkGGJ1u2cWsGoo2mMOQ
