제품명,이미지 링크,가격(원),에너지 소비효율 등급,소비전력(W),화면사이즈(cm),해상도,디스플레이 종류,주사율(Hz),운영체제,스피커 출력(W),스탠드 제외 크기(mm),스탠드 제외 무게(kg),제품 사용 설명서
LG Micro RGB evo AI (스탠드형),https://www.lge.co.kr/kr/images/tvs/md10794841/gallery/medium-interior01.jpg,"16,500,000원",비대상 (8K / 화면대각선 216cm 초과 모델은 비대상임),0.5W↓,252 cm,"4K UHD (3,840 x 2,160)",Micro RGB,120Hz (VRR 최대 165Hz),webOS 26,40W,"2,230 x 1,277 x 49.9",67.3,https://gscs-b2c.lge.com/open/downloadFile?fileId=7g7LHiPnQ0ArCiR4LHqw
LG 일반 LED TV (스탠드형),https://www.lge.co.kr/kr/images/tvs/md10791858/gallery/medium-interior01.jpg,,1등급,0.5W↓,80 cm,"HD (1,366 x 768)",LED,60Hz,webOS 26,10W,719 x 430 x 71,3.5,https://gscs-b2c.lge.com/open/downloadFile?fileId=TjlDdINPPzfddamy19qPw
LG 일반 LED TV (스탠드형),https://www.lge.co.kr/kr/images/tvs/md10791858/gallery/medium-interior01.jpg,"450,000원",1등급,0.5W↓,80 cm,"HD (1,366 x 768)",LED,60Hz,webOS 26,10W,719 x 430 x 71,3.5,https://gscs-b2c.lge.com/open/downloadFile?fileId=0NoWMrt8yVoskJzWsA0PQ
LG 일반 LED TV (스탠드형),https://www.lge.co.kr/kr/images/tvs/md10791858/gallery/medium-interior01.jpg,"450,000원",1등급,0.5W↓,80 cm,"HD (1,366 x 768)",LED,60Hz,webOS 26,10W,719 x 430 x 71,3.5,https://gscs-b2c.lge.com/open/downloadFile?fileId=75XPYjWun9r8hRTu67XYZQ
LG 일반 LED TV (스탠드형),https://www.lge.co.kr/kr/images/tvs/md10272836/gallery/medium-interior01.jpg,"450,000원",1등급,35.4,80 cm,"HD (1,366 x 768)",LED,60Hz,,,736 x 437 x 82.9,4.65,https://gscs-b2c.lge.com/open/downloadFile?fileId=jytE7EazXXVwNlvD2gJNA
LG 일반 LED TV (스탠드형),https://www.lge.co.kr/kr/images/tvs/md09460826/gallery/medium-interior01.jpg,"450,000원",1등급,35.4,80 cm,"HD (1,366 x 768)",LED,60,,,736 x 437 x 82.9,4.65,https://gscs-b2c.lge.com/open/downloadFile?fileId=Ex9qS4JM4rw8JMiuAv1ag
LG 일반 LED TV (스탠드형),https://www.lge.co.kr/kr/images/tvs/md08989826/gallery/medium-interior01.jpg,"670,000원",1등급,68,107 cm,Full HD,LED,60,,,,,https://gscs-b2c.lge.com/open/downloadFile?fileId=uSOwcIc6Jp7AomqluWMnVA
LG 나노셀 AI (스탠드형),https://www.lge.co.kr/kr/images/tvs/md10543866/gallery/medium-interior01.jpg,,1등급,0.5W↓,107 cm,"4K UHD (3,840 x 2,160)",LED,60Hz,webOS 25,20W,968 x 565 x 29.7,9.3,https://gscs-b2c.lge.com/open/downloadFile?fileId=lseYPJquAt2IbefvmHmSfw
LG 나노셀 AI (스탠드형),https://www.lge.co.kr/kr/images/tvs/md10573857/gallery/medium-interior01.jpg,"1,040,000원",1등급,0.5W↓,107 cm,"4K UHD (3,840 x 2,160)",LED,60Hz,webOS 25,20W,967 x 564 x 57.1,8.8,https://gscs-b2c.lge.com/open/downloadFile?fileId=uJSS2X4KrryK1zI7kl9g
LG 나노셀 AI (벽걸이형),https://www.lge.co.kr/kr/images/tvs/md10543867/gallery/medium-interior01.jpg,"1,140,000원",1등급,0.5W↓,107 cm,"4K UHD (3,840 x 2,160)",LED,60Hz,webOS 25,20W,968 x 565 x 29.7,9.3,https://gscs-b2c.lge.com/open/downloadFile?fileId=SYXWGBoQGm0L68TTrL8woQ
LG NANO 4K UHD AI (스탠드형),https://www.lge.co.kr/kr/images/tvs/md10799857/gallery/medium-interior01.jpg,"1,040,000원",1등급,0.5W↓,107 cm,"4K UHD (3,840 x 2,160)",LED,60Hz,webOS 26,20W,959 x 563 x 70.8,6.4,https://gscs-b2c.lge.com/open/downloadFile?fileId=NjdrZ2NQbPWMNVhw9P6YQ
LG 울트라 HD TV AI (스탠드형),https://www.lge.co.kr/kr/images/tvs/md10610862/gallery/medium-interior01.jpg,"940,000원",1등급,0.5W↓,107 cm,"4K UHD (3,840 x 2,160)",LED,60Hz,webOS 25,20W,968 x 567 x 67.9,7.3,https://gscs-b2c.lge.com/open/downloadFile?fileId=ZtAQPFBMZffFmLYJgIvQ
LG 울트라 HD TV AI (스탠드형),https://www.lge.co.kr/kr/images/tvs/md10577832/gallery/medium-interior01.jpg,,1등급,0.5W↓,107 cm,"4K UHD (3,840 x 2,160)",LED,60Hz,webOS 25,20W,968 x 567 x 67.9,7.3,https://gscs-b2c.lge.com/open/downloadFile?fileId=skGB8N1U2pnmrDVRFScUpQ
LG 울트라 HD TV (스탠드형),https://www.lge.co.kr/kr/images/tvs/md10218827/gallery/medium-interior01.jpg,,1등급,0.5W↓,107 cm,"4K UHD (3,840 x 2,160)",LED,60Hz,webOS 23,20W,968 x 565 x 29.7,9.3,https://gscs-b2c.lge.com/open/downloadFile?fileId=jFyzkdugNJrON50A3b5bw
LG 울트라 HD TV (벽걸이형),https://www.lge.co.kr/kr/images/tvs/md10218829/gallery/medium-interior01.jpg,,1등급,0.5W↓,107 cm,"4K UHD (3,840 x 2,160)",LED,60Hz,webOS 23,20W,968 x 565 x 29.7,9.3,https://gscs-b2c.lge.com/open/downloadFile?fileId=jFyzkdugNJrON50A3b5bw
LG 울트라 HD TV (벽걸이형),https://www.lge.co.kr/kr/images/tvs/md10319874/gallery/medium-interior01.jpg,"1,170,000원",1등급,0.5W↓,107 cm,"4K UHD (3,840 x 2,160)",LED,60Hz,webOS 24,20W,968 x 565 x 29.7,9.3,https://gscs-b2c.lge.com/open/downloadFile?fileId=XRE2Ujx3hSCLzOPlFA47fw
LG 나노셀 AI (벽걸이형),https://www.lge.co.kr/kr/images/tvs/md10543865/gallery/medium-interior01.jpg,"1,440,000원",1등급,0.5W↓,125 cm,"4K UHD (3,840 x 2,160)",LED,60Hz,webOS 25,20W,"1,123 x 652 x 29.7",13.0,https://gscs-b2c.lge.com/open/downloadFile?fileId=z3iVlf9YEKinGvL95dg9Q
LG 울트라 HD TV AI (스탠드형),https://www.lge.co.kr/kr/images/tvs/md10610860/gallery/medium-interior01.jpg,"1,140,000원",1등급,0.5W↓,125 cm,"4K UHD (3,840 x 2,160)",LED,60Hz,webOS 25,20W,"1,122 x 654 x 67.9",9.4,https://gscs-b2c.lge.com/open/downloadFile?fileId=iVeMo1ncDP85qnI8xXUbLw
LG 울트라 HD TV AI (스탠드형),https://www.lge.co.kr/kr/images/tvs/md10577830/gallery/medium-interior01.jpg,,1등급,0.5W↓,125 cm,"4K UHD (3,840 x 2,160)",LED,60Hz,webOS 25,20W,"1,122 x 654 x 67.9",9.4,https://gscs-b2c.lge.com/open/downloadFile?fileId=ErByi96Pmx8TXevfY0agvw
LG 울트라 HD TV AI (스탠드형),https://www.lge.co.kr/kr/images/tvs/md10582833/gallery/medium-interior01.jpg,"1,090,000원",1등급,0.5W↓,125 cm,"4K UHD (3,840 x 2,160)",LED,60Hz,webOS 25,20W,"1,122 x 654 x 67.9",9.4,https://gscs-b2c.lge.com/open/downloadFile?fileId=nVh2e3POOuE9FdWN7P399w
LG 울트라 HD TV (벽걸이형-무타공),https://www.lge.co.kr/kr/images/tvs/md10440828/gallery/medium-interior01.jpg,,1등급,0.5W↓,125 cm,"4K UHD (3,840 x 2,160)",LED,60Hz,webOS 24,20W,"1,121 x 651 x 57.1",11.7,https://gscs-b2c.lge.com/open/downloadFile?fileId=8SRep24KlkjsfIIJta4rw
LG 울트라 HD TV (스탠드형),https://www.lge.co.kr/kr/images/tvs/md10530839/gallery/medium-interior01.jpg,,1등급,0.5W↓,125 cm,"4K UHD (3,840 x 2,160)",LED,60Hz,webOS 24,20W,"1,123 x 652 x 29.7",13.0,https://gscs-b2c.lge.com/open/downloadFile?fileId=bYQ3T5xxkPeVWCyVCeLvQ
LG 나노셀 AI (스탠드형),https://www.lge.co.kr/kr/images/tvs/md10543862/gallery/medium-interior01.jpg,,1등급,0.5W↓,138 cm,"4K UHD (3,840 x 2,160)",LED,60Hz,webOS 25,20W,"1,236 x 716 x 29.7",15.0,https://gscs-b2c.lge.com/open/downloadFile?fileId=ZmIsNYPyjd5nehdNENgVw
LG 나노셀 AI (스탠드형),https://www.lge.co.kr/kr/images/tvs/md10573849/gallery/medium-interior01.jpg,"1,340,000원",1등급,0.5W↓,138 cm,"4K UHD (3,840 x 2,160)",LED,60Hz,webOS 25,20W,"1,235 x 715 x 57.5",14,https://gscs-b2c.lge.com/open/downloadFile?fileId=haRmHmu8588mpNS3PM6ToA
LG 나노셀 AI (스탠드형),https://www.lge.co.kr/kr/images/tvs/md10543862/gallery/medium-interior01.jpg,,1등급,0.5W↓,138 cm,"4K UHD (3,840 x 2,160)",LED,60Hz,webOS 25,20W,"1,236 x 716 x 29.7",15.0,https://gscs-b2c.lge.com/open/downloadFile?fileId=SlZ9dfiLBV0UAqDhD7Ji8A
LG 나노셀 AI (벽걸이형),https://www.lge.co.kr/kr/images/tvs/md10543863/gallery/medium-interior01.jpg,,1등급,0.5W↓,138 cm,"4K UHD (3,840 x 2,160)",LED,60Hz,webOS 25,20W,"1,236 x 716 x 29.7",15.0,https://gscs-b2c.lge.com/open/downloadFile?fileId=SlZ9dfiLBV0UAqDhD7Ji8A
LG 나노셀 AI (스탠드형),https://www.lge.co.kr/kr/images/tvs/md10543862/gallery/medium-interior01.jpg,"1,890,000원",1등급,0.5W↓,138 cm,"4K UHD (3,840 x 2,160)",LED,60Hz,webOS 25,20W,"1,236 x 716 x 29.7",15.0,https://gscs-b2c.lge.com/open/downloadFile?fileId=c76K51RsBoqTUFlybow
LG NANO 4K UHD AI (스탠드형),https://www.lge.co.kr/kr/images/tvs/md10799851/gallery/medium-interior01.jpg,"1,290,000원",1등급,0.5W↓,138 cm,"4K UHD (3,840 x 2,160)",LED,60Hz,webOS 26,20W,"1,228 x 715 x 70.8",9.5,https://gscs-b2c.lge.com/open/downloadFile?fileId=zP4eA1CRn4gvuHzbDCrnfg
LG QNED AI (스탠드형),https://www.lge.co.kr/kr/images/tvs/md10654892/gallery/medium-interior01.jpg,"1,690,000원",1등급,0.5W↓,138 cm,"4K UHD (3,840 x 2,160)",LED,60Hz,webOS 25,20W,"1,236 x 718 x 67.9",11.5,https://gscs-b2c.lge.com/open/downloadFile?fileId=JQTqja22P3nqzGS0NwYvkg
LG QNED evo AI (스탠드형),https://www.lge.co.kr/kr/images/tvs/md10794838/gallery/medium-interior01.jpg,"1,490,000원",1등급,0.5W↓,138 cm,"4K UHD (3,840 x 2,160)",mini LED,60Hz,webOS 26,20W,"1,236 x 718 x 67.9",11.5,https://gscs-b2c.lge.com/open/downloadFile?fileId=KqDLdL4lwkRSV9t10R6tgg
LG 울트라 HD TV AI (스탠드형),https://www.lge.co.kr/kr/images/tvs/md10610858/gallery/medium-interior01.jpg,"1,240,000원",1등급,0.5W↓,138 cm,"4K UHD (3,840 x 2,160)",LED,60Hz,webOS 25,20W,"1,236 x 718 x 67.9",11.5,https://gscs-b2c.lge.com/open/downloadFile?fileId=3nynHm7Io5ZbVBvt09OFwg
LG 울트라 HD TV AI (스탠드형),https://www.lge.co.kr/kr/images/tvs/md10582831/gallery/medium-interior01.jpg,,1등급,0.5W↓,138 cm,"4K UHD (3,840 x 2,160)",LED,60Hz,webOS 25,20W,"1,236 x 718 x 67.9",11.5,https://gscs-b2c.lge.com/open/downloadFile?fileId=LIuurmpvdsmKbuT5q6WSCA
LG 울트라 HD TV (스탠드형),https://www.lge.co.kr/kr/images/tvs/md10219829/gallery/medium-interior01.jpg,,1등급,0.5W↓,138 cm,"4K UHD (3,840 x 2,160)",LED,60Hz,webOS 23,20W,"1,236 x 716 x 29.7",15.0,https://gscs-b2c.lge.com/open/downloadFile?fileId=jFyzkdugNJrON50A3b5bw
LG 울트라 HD TV (벽걸이형),https://www.lge.co.kr/kr/images/tvs/md10219830/gallery/medium-interior01.jpg,,1등급,0.5W↓,138 cm,"4K UHD (3,840 x 2,160)",LED,60Hz,webOS 23,20W,"1,236 x 716 x 29.7",15.0,https://gscs-b2c.lge.com/open/downloadFile?fileId=jFyzkdugNJrON50A3b5bw
LG 울트라 HD TV (스탠드형),https://www.lge.co.kr/kr/images/tvs/md10366852/gallery/medium-interior01.jpg,,1등급,0.5W↓,138 cm,"4K UHD (3,840 x 2,160)",LED,60Hz,webOS 23,20W,"1,236 x 716 x 29.7",15.0,https://gscs-b2c.lge.com/open/downloadFile?fileId=jFyzkdugNJrON50A3b5bw
LG 울트라 HD TV (스탠드형),https://www.lge.co.kr/kr/images/tvs/md10314859/gallery/medium-interior01.jpg,"1,490,000원",1등급,0.5W↓,138 cm,"4K UHD (3,840 x 2,160)",LED,60Hz,webOS 24,20W,"1,236 x 716 x 29.7",15.0,https://gscs-b2c.lge.com/open/downloadFile?fileId=4cw5G0RtRf80tQw8rDbIjg
LG 울트라 HD TV (스탠드형),https://www.lge.co.kr/kr/images/tvs/md10530837/gallery/medium-interior01.jpg,,1등급,0.5W↓,138 cm,"4K UHD (3,840 x 2,160)",LED,60Hz,webOS 24,20W,"1,236 x 716 x 29.7",15.0,https://gscs-b2c.lge.com/open/downloadFile?fileId=VUKTO8bVxsyUOT0dOc7Pg
LG 나노셀 AI (스탠드형),https://www.lge.co.kr/kr/images/tvs/md10573849/gallery/medium-interior01.jpg,"2,090,000원",1등급,0.5W↓,163 cm,"4K UHD (3,840 x 2,160)",LED,60Hz,webOS 25,20W,"1,454 x 838 x 57.7",21.5,https://gscs-b2c.lge.com/open/downloadFile?fileId=s711oju5nUqHKcdFgHmvA
LG 나노셀 AI (스탠드형),https://www.lge.co.kr/kr/images/tvs/md10543860/gallery/medium-interior01.jpg,,1등급,0.5W↓,163 cm,"4K UHD (3,840 x 2,160)",LED,60Hz,webOS 25,20W,"1,456 x 840 x 29.7",23.6,https://gscs-b2c.lge.com/open/downloadFile?fileId=WaNatfStB65ekb9nfgMQ
LG 나노셀 AI (벽걸이형),https://www.lge.co.kr/kr/images/tvs/md10543861/gallery/medium-interior01.jpg,,1등급,0.5W↓,163 cm,"4K UHD (3,840 x 2,160)",LED,60Hz,webOS 25,20W,"1,456 x 840 x 29.7",23.6,https://gscs-b2c.lge.com/open/downloadFile?fileId=WaNatfStB65ekb9nfgMQ
LG 나노셀 AI (벽걸이형),https://www.lge.co.kr/kr/images/tvs/md10543861/gallery/medium-interior01.jpg,"2,090,000원",1등급,0.5W↓,163 cm,"4K UHD (3,840 x 2,160)",LED,60Hz,webOS 25,20W,"1,456 x 840 x 29.7",23.6,https://gscs-b2c.lge.com/open/downloadFile?fileId=3wWNSLAt3fNiHQ4Q37HXxA
LG NANO 4K UHD AI (스탠드형),https://www.lge.co.kr/kr/images/tvs/md10799851/gallery/medium-interior01.jpg,"2,090,000원",1등급,0.5W↓,163 cm,"4K UHD (3,840 x 2,160)",LED,60Hz,webOS 26,20W,"1,447 x 838 x 70.8",13.9,https://gscs-b2c.lge.com/open/downloadFile?fileId=PbXaXqYmJeirOZZT5zt7GQ
LG QNED AI (스탠드형),https://www.lge.co.kr/kr/images/tvs/md10560833/gallery/medium-interior01.jpg,"2,390,000원",1등급,0.5W↓,163 cm,"4K UHD (3,840 x 2,160)",LED,60Hz,webOS 25,20W,"1,456 x 840 x 29.7",22.5,https://gscs-b2c.lge.com/open/downloadFile?fileId=hGI4mhUYJx1xQTMleF21GQ
LG QNED AI (스탠드형),https://www.lge.co.kr/kr/images/tvs/md10654892/gallery/medium-interior01.jpg,"2,490,000원",1등급,0.5W↓,163 cm,"4K UHD (3,840 x 2,160)",LED,60Hz,webOS 25,20W,"1,455 x 841 x 67.9",16.8,https://gscs-b2c.lge.com/open/downloadFile?fileId=t2TpV7EKLqDPncZ7fq2GA
LG QNED AI (벽걸이형),https://www.lge.co.kr/kr/images/tvs/md10560834/gallery/medium-interior01.jpg,"2,490,000원",1등급,0.5W↓,163 cm,"4K UHD (3,840 x 2,160)",LED,60Hz,webOS 25,20W,"1,456 x 840 x 29.7",22.5,https://gscs-b2c.lge.com/open/downloadFile?fileId=LP6Vo2eru3wGO4JIJpvOsw
LG QNED TV (스탠드형) + LG 사운드바,https://www.lge.co.kr/kr/images/tvs/md10402851/gallery/medium01.jpg,,1등급,0.5W↓,163 cm,"4K UHD (3,840 x 2,160)",LED,60Hz,webOS 23,20W,"1,452 x 839 x 44.3",24.5,https://gscs-b2c.lge.com/open/downloadFile?fileId=tCH3f9xLhYsg6B73MWBZpw
LG QNED evo AI (스탠드형),https://www.lge.co.kr/kr/images/tvs/md10794836/gallery/medium-interior01.jpg,"2,690,000원",1등급,0.5W↓,163 cm,"4K UHD (3,840 x 2,160)",mini LED,60Hz,webOS 26,20W,"1,455 x 841 x 67.9",16.5,https://gscs-b2c.lge.com/open/downloadFile?fileId=PMZOLHJtDITU9eLlbywKGw
LG QNED TV (스탠드형),https://www.lge.co.kr/kr/images/tvs/md10319857/gallery/medium-interior01.jpg,"2,770,000원",1등급,0.5W↓,163 cm,"4K UHD (3,840 x 2,160)",LED,60Hz,webOS 24,20W,"1,456 x 840 x 29.7",22.5,https://gscs-b2c.lge.com/open/downloadFile?fileId=1g5szewMrCwheI8wNWeg
LG QNED TV (벽걸이형),https://www.lge.co.kr/kr/images/tvs/md10319858/gallery/medium-interior01.jpg,"2,770,000원",1등급,0.5W↓,163 cm,"4K UHD (3,840 x 2,160)",LED,60Hz,webOS 24,20W,"1,456 x 840 x 29.7",22.5,https://gscs-b2c.lge.com/open/downloadFile?fileId=1g5szewMrCwheI8wNWeg
LG QNED evo AI (스탠드형),https://www.lge.co.kr/kr/images/tvs/md10543857/gallery/medium-interior01.jpg,,1등급,0.5W↓,163 cm,"4K UHD (3,840 x 2,160)",mini LED,120Hz (VRR 최대 144Hz),webOS 25,20W,"1,456 x 840 x 29.7",22.5,https://gscs-b2c.lge.com/open/downloadFile?fileId=QBwpE534cbgJDYo0nuFaA
LG QNED evo AI (벽걸이형),https://www.lge.co.kr/kr/images/tvs/md10543858/gallery/medium-interior01.jpg,,2등급,0.5W↓,163 cm,"4K UHD (3,840 x 2,160)",mini LED,120Hz (VRR 최대 144Hz),webOS 25,20W,"1,456 x 840 x 29.7",22.5,https://gscs-b2c.lge.com/open/downloadFile?fileId=HeUf4nzHFhty5ROTzaaIQ
LG Easy TV AI (스탠드형),https://www.lge.co.kr/kr/images/tvs/md10684833/gallery/medium-interior02.jpg,"2,640,000원",1등급,0.5W↓,163 cm,"4K UHD (3,840 x 2,160)",mini LED,120Hz (VRR 최대 144Hz),webOS 25,20W,"1,456 x 840 x 29.7",22.5,https://gscs-b2c.lge.com/open/downloadFile?fileId=MtEGNyt68Y0fn73xv5dBDQ
LG QNED evo AI (스탠드형),https://www.lge.co.kr/kr/images/tvs/md10543857/gallery/medium-interior01.jpg,"2,590,000원",2등급,0.5W↓,163 cm,"4K UHD (3,840 x 2,160)",mini LED,120Hz (VRR 최대 144Hz),webOS 25,20W,"1,456 x 840 x 29.7",22.5,https://gscs-b2c.lge.com/open/downloadFile?fileId=FgfyK3fryYYZxmFVPBoAzQ
LG QNED evo AI (스탠드형),https://www.lge.co.kr/kr/images/tvs/md10654837/gallery/medium-interior01.jpg,,1등급,0.5W↓,163 cm,"4K UHD (3,840 x 2,160)",mini LED,120Hz (VRR 최대 144Hz),webOS 25,40W,"1,445 x 830 x 58.5",18.5,https://gscs-b2c.lge.com/open/downloadFile?fileId=R1kY7q7FfYXjGem82uXIg
LG QNED evo AI (스탠드형),https://www.lge.co.kr/kr/images/tvs/md10648828/gallery/medium-interior01.jpg,"2,890,000원",1등급,0.5W↓,163 cm,"4K UHD (3,840 x 2,160)",mini LED,120Hz (VRR 최대 144Hz),webOS 25,40W,"1,445 x 830 x 58.5",18.6,https://gscs-b2c.lge.com/open/downloadFile?fileId=R1kY7q7FfYXjGem82uXIg
LG 울트라 HD TV AI (스탠드형),https://www.lge.co.kr/kr/images/tvs/md10610856/gallery/medium-interior01.jpg,"1,790,000원",1등급,0.5W↓,163 cm,"4K UHD (3,840 x 2,160)",LED,60Hz,webOS 25,20W,"1,455 x 841 x 67.9",16.5,https://gscs-b2c.lge.com/open/downloadFile?fileId=sO5EljZ0IYXc31JaN4xJJQ
LG 울트라 HD TV AI (스탠드형),https://www.lge.co.kr/kr/images/tvs/md10575830/gallery/medium-interior01.jpg,,1등급,0.5W↓,163 cm,"4K UHD (3,840 x 2,160)",LED,60Hz,webOS 25,20W,"1,455 x 841 x 67.9",16.5,https://gscs-b2c.lge.com/open/downloadFile?fileId=TN4odlru6xMWBpdIjMyRg
LG 울트라 HD TV (스탠드형),https://www.lge.co.kr/kr/images/tvs/md09689831/gallery/medium-interior01.jpg,,1등급,0.5W↓,163 cm,"4K UHD (3,840 x 2,160)",LED,60Hz,webOS 22,20W,"1,454 x 838 x 57.7",21.5,https://gscs-b2c.lge.com/open/downloadFile?fileId=FXTKh3UR0WBxP0d1qdP9HQ
LG 울트라 HD TV (스탠드형),https://www.lge.co.kr/kr/images/tvs/md10366855/gallery/medium-interior01.jpg,,1등급,0.5W↓,163 cm,"4K UHD (3,840 x 2,160)",LED,60Hz,webOS 23,20W,"1,456 x 840 x 29.7",23.6,https://gscs-b2c.lge.com/open/downloadFile?fileId=jFyzkdugNJrON50A3b5bw
LG 울트라 HD TV (스탠드형),https://www.lge.co.kr/kr/images/tvs/md10314857/gallery/medium-interior01.jpg,"2,090,000원",1등급,0.5W↓,163 cm,"4K UHD (3,840 x 2,160)",LED,60Hz,webOS 24,20W,"1,456 x 840 x 29.7",23.6,https://gscs-b2c.lge.com/open/downloadFile?fileId=JR4buumcUkOiPj7SaolA
LG 울트라 HD TV (스탠드형),https://www.lge.co.kr/kr/images/tvs/md10530835/gallery/medium-interior01.jpg,,1등급,0.5W↓,163 cm,"4K UHD (3,840 x 2,160)",LED,60Hz,webOS 24,20W,"1,456 x 840 x 29.7",23.6,https://gscs-b2c.lge.com/open/downloadFile?fileId=V8jEh4CE8cDRtXQBTQl8g
LG Micro RGB evo AI (스탠드형),https://www.lge.co.kr/kr/images/tvs/md10799835/gallery/medium-interior01.jpg,"9,020,000원",3등급,0.5W↓,189 cm,"4K UHD (3,840 x 2,160)",Micro RGB,120Hz (VRR 최대 165Hz),webOS 26,40W,"1,673 x 963 x 44.9",40.5,https://gscs-b2c.lge.com/open/downloadFile?fileId=8XILF4ldk7sqqT34dmsLnw
LG 나노셀 AI (스탠드형),https://www.lge.co.kr/kr/images/tvs/md10573847/gallery/medium-interior01.jpg,,1등급,0.5W↓,189 cm,"4K UHD (3,840 x 2,160)",LED,60Hz,webOS 25,20W,"1,678 x 964 x 59.9",31.4,https://gscs-b2c.lge.com/open/downloadFile?fileId=OIulWvkJPYXemXM3yKzElg
LG 나노셀 AI (스탠드형),https://www.lge.co.kr/kr/images/tvs/md10542835/gallery/medium-interior01.jpg,,1등급,0.5W↓,189 cm,"4K UHD (3,840 x 2,160)",LED,60Hz,webOS 25,20W,"1,677 x 965 x 30.9",33.0,https://gscs-b2c.lge.com/open/downloadFile?fileId=uQZeClago32Wu1pYmmZag
LG 나노셀 AI (스탠드형),https://www.lge.co.kr/kr/images/tvs/md10573847/gallery/medium-interior01.jpg,"2,790,000원",1등급,0.5W↓,189 cm,"4K UHD (3,840 x 2,160)",LED,60Hz,webOS 25,20W,"1,678 x 964 x 59.9",31.4,https://gscs-b2c.lge.com/open/downloadFile?fileId=4r0loTZ6CLIs1ieRdUrbFw
LG 나노셀 AI (스탠드형)+ LG 사운드바,https://www.lge.co.kr/kr/images/tvs/md10661857/gallery/medium01.jpg,"2,790,000원",1등급,0.5W↓,189 cm,"4K UHD (3,840 x 2,160)",LED,60Hz,webOS 25,20W,"1,678 x 964 x 59.9",31.4,https://gscs-b2c.lge.com/open/downloadFile?fileId=4r0loTZ6CLIs1ieRdUrbFw
LG 나노셀 AI (스탠드형)+ LG 사운드바,https://www.lge.co.kr/kr/images/tvs/md10661856/gallery/medium01.jpg,"2,790,000원",1등급,0.5W↓,189 cm,"4K UHD (3,840 x 2,160)",LED,60Hz,webOS 25,20W,"1,678 x 964 x 59.9",31.4,https://gscs-b2c.lge.com/open/downloadFile?fileId=4r0loTZ6CLIs1ieRdUrbFw
LG 나노셀 AI (스탠드형)+ LG 사운드바,https://www.lge.co.kr/kr/images/tvs/md10661855/gallery/medium01.jpg,"2,790,000원",1등급,0.5W↓,189 cm,"4K UHD (3,840 x 2,160)",LED,60Hz,webOS 25,20W,"1,678 x 964 x 59.9",31.4,https://gscs-b2c.lge.com/open/downloadFile?fileId=4r0loTZ6CLIs1ieRdUrbFw
LG 나노셀 AI (벽걸이형),https://www.lge.co.kr/kr/images/tvs/md10543859/gallery/medium-interior01.jpg,"2,890,000원",1등급,0.5W↓,189 cm,"4K UHD (3,840 x 2,160)",LED,60Hz,webOS 25,20W,"1,677 x 965 x 30.9",33.0,https://gscs-b2c.lge.com/open/downloadFile?fileId=NcZaW3PwnEk9MMBS5wU4w
LG NANO 4K UHD AI (스탠드형),https://www.lge.co.kr/kr/images/tvs/md10799849/gallery/medium-interior01.jpg,"2,790,000원",1등급,0.5W↓,189 cm,"4K UHD (3,840 x 2,160)",LED,60Hz,webOS 26,20W,"1,669 x 963 x 72.1",22.1,https://gscs-b2c.lge.com/open/downloadFile?fileId=ruOeMxkPfW2yrOH0G4Mvg
LG QNED AI (스탠드형),https://www.lge.co.kr/kr/images/tvs/md10560831/gallery/medium-interior01.jpg,"2,740,000원",1등급,0.5W↓,189 cm,"4K UHD (3,840 x 2,160)",LED,60Hz,webOS 25,20W,"1,677 x 965 x 30.9",33.0,https://gscs-b2c.lge.com/open/downloadFile?fileId=kO63Rnie7lHpmuJoTdwmUg
LG QNED AI (스탠드형) + LG 사운드바,https://www.lge.co.kr/kr/images/tvs/md10661841/gallery/medium01.jpg,"2,890,000원",1등급,0.5W↓,189 cm,"4K UHD (3,840 x 2,160)",LED,60Hz,webOS 25,20W,"1,677 x 965 x 30.9",33.0,https://gscs-b2c.lge.com/open/downloadFile?fileId=kO63Rnie7lHpmuJoTdwmUg
LG QNED AI (스탠드형) + LG 사운드바,https://www.lge.co.kr/kr/images/tvs/md10661840/gallery/medium01.jpg,"2,890,000원",1등급,0.5W↓,189 cm,"4K UHD (3,840 x 2,160)",LED,60Hz,webOS 25,20W,"1,677 x 965 x 30.9",33.0,https://gscs-b2c.lge.com/open/downloadFile?fileId=kO63Rnie7lHpmuJoTdwmUg
LG QNED AI (스탠드형) + LG 사운드바,https://www.lge.co.kr/kr/images/tvs/md10661839/gallery/medium01.jpg,"2,890,000원",1등급,0.5W↓,189 cm,"4K UHD (3,840 x 2,160)",LED,60Hz,webOS 25,20W,"1,677 x 965 x 30.9",33.0,https://gscs-b2c.lge.com/open/downloadFile?fileId=kO63Rnie7lHpmuJoTdwmUg
LG QNED TV (스탠드형) + LG 사운드바,https://www.lge.co.kr/kr/images/tvs/md10497857/gallery/medium01.jpg,,1등급,0.5W↓,189 cm,"4K UHD (3,840 x 2,160)",LED,60Hz,webOS 24,20W,"1,677 x 965 x 30.9",33.0,https://gscs-b2c.lge.com/open/downloadFile?fileId=5sK6FdF7ysL306b2Rq2oSQ
LG QNED TV (스탠드형) + LG 사운드바,https://www.lge.co.kr/kr/images/tvs/md10610868/gallery/medium01.jpg,,1등급,0.5W↓,189 cm,"4K UHD (3,840 x 2,160)",LED,60Hz,webOS 24,20W,"1,677 x 965 x 30.9",33.0,https://gscs-b2c.lge.com/open/downloadFile?fileId=5sK6FdF7ysL306b2Rq2oSQ
LG QNED AI (스탠드형),https://www.lge.co.kr/kr/images/tvs/md10654888/gallery/medium-interior01.jpg,"2,840,000원",1등급,0.5W↓,189 cm,"4K UHD (3,840 x 2,160)",LED,60Hz,webOS 25,20W,"1,678 x 964 x 59.9",31.4,https://gscs-b2c.lge.com/open/downloadFile?fileId=yRBSkFnodrxUGCB3MnpA
LG QNED TV (스탠드형) + LG 사운드바,https://www.lge.co.kr/kr/images/tvs/md10402829/gallery/medium01.jpg,,1등급,0.5W↓,189 cm,"4K UHD (3,840 x 2,160)",LED,60Hz,webOS 23,20W,"1,675 x 964 x 44.5",35.9,
LG QNED TV (스탠드형) + LG 사운드바,https://www.lge.co.kr/kr/images/tvs/md10402877/gallery/medium01.jpg,,1등급,0.5W↓,189 cm,"4K UHD (3,840 x 2,160)",LED,60Hz,webOS 23,20W,"1,675 x 964 x 44.5",35.9,https://gscs-b2c.lge.com/open/downloadFile?fileId=hFqy0SWGsiINnbkpXIJc2Q
LG QNED AI (스탠드형),https://www.lge.co.kr/kr/images/tvs/md10543875/gallery/medium-interior01.jpg,"2,890,000원",1등급,0.5W↓,189 cm,"4K UHD (3,840 x 2,160)",LED,60Hz,webOS 25,20W,"1,677 x 965 x 30.9",33.0,https://gscs-b2c.lge.com/open/downloadFile?fileId=XHyPinH12e0OTMmDGNBQtg
LG QNED TV (스탠드형) + LG 사운드바,https://www.lge.co.kr/kr/images/tvs/md10402875/gallery/medium01.jpg,,4등급,0.5W↓,189 cm,"4K UHD (3,840 x 2,160)",LED,60Hz,webOS 22,40W,"1,675 x 964 x 44.5",35.9,https://gscs-b2c.lge.com/open/downloadFile?fileId=n2SIJ37u0JmYG8k18UUSEw
LG QNED evo AI (스탠드형),https://www.lge.co.kr/kr/images/tvs/md10794834/gallery/medium-interior01.jpg,"3,090,000원",1등급,0.5W↓,189 cm,"4K UHD (3,840 x 2,160)",mini LED,60Hz,webOS 26,20W,"1,667 x 962 x 66.8",21.2,https://gscs-b2c.lge.com/open/downloadFile?fileId=jgElJqJrSB5rvxJWBwSlg
LG QNED AI (스탠드형),https://www.lge.co.kr/kr/images/tvs/md10654845/gallery/medium-interior01.jpg,,1등급,0.5W↓,189 cm,"4K UHD (3,840 x 2,160)",LED,60Hz,webOS 25,20W,"1,677 x 966 x 51.6",31.4,https://gscs-b2c.lge.com/open/downloadFile?fileId=fXtTlGZS3cAvP9L1w1fgg
LG QNED evo AI (벽걸이형),https://www.lge.co.kr/kr/images/tvs/md10543856/gallery/medium-interior01.jpg,"3,790,000원",2등급,0.5W↓,189 cm,"4K UHD (3,840 x 2,160)",mini LED,120Hz (VRR 최대 144Hz),webOS 25,20W,"1,677 x 965 x 30.9",33.0,https://gscs-b2c.lge.com/open/downloadFile?fileId=RI8d364V89BLfoc165PQ
LG Easy TV AI (스탠드형),https://www.lge.co.kr/kr/images/tvs/md10684835/gallery/medium-interior02.jpg,"3,740,000원",1등급,0.5W↓,189 cm,"4K UHD (3,840 x 2,160)",mini LED,120Hz (VRR 최대 144Hz),webOS 25,20W,"1,677 x 965 x 30.9",33.0,https://gscs-b2c.lge.com/open/downloadFile?fileId=6pr7NvkZLQyYMMizsUMQ
LG QNED evo AI (스탠드형),https://www.lge.co.kr/kr/images/tvs/md10588834/gallery/medium-interior01.jpg,"3,690,000원",1등급,0.5W↓,189 cm,"4K UHD (3,840 x 2,160)",mini LED,120Hz (VRR 최대 144Hz),webOS 25,20W,"1,677 x 965 x 30.9",33.3,https://gscs-b2c.lge.com/open/downloadFile?fileId=mknrKkIgPTmE6Y05ufgBQ
LG QNED evo (스탠드형),https://www.lge.co.kr/kr/images/tvs/md10396902/gallery/medium-interior01.jpg,,4등급,0.5W↓,189 cm,"울트라HD (3,840 x 2,160)",mini LED,120Hz,webOS 22,40W,"1,665 x 958 x 29.5",36,https://gscs-b2c.lge.com/open/downloadFile?fileId=1MWbHucjy8NaYz6h7jOGw
LG QNED evo AI (스탠드형),https://www.lge.co.kr/kr/images/tvs/md10654833/gallery/medium-interior01.jpg,,1등급,0.5W↓,189 cm,"4K UHD (3,840 x 2,160)",mini LED,120Hz (VRR 최대 144Hz),webOS 25,40W,"1,667 x 955 x 58.8",25.7,https://gscs-b2c.lge.com/open/downloadFile?fileId=R1kY7q7FfYXjGem82uXIg
LG QNED evo AI (스탠드형),https://www.lge.co.kr/kr/images/tvs/md10648827/gallery/medium-interior01.jpg,"4,290,000원",1등급,0.5W↓,189 cm,"4K UHD (3,840 x 2,160)",mini LED,120Hz (VRR 최대 144Hz),webOS 25,40W,"1,667 x 955 x 58.8",25.7,https://gscs-b2c.lge.com/open/downloadFile?fileId=R1kY7q7FfYXjGem82uXIg
LG 울트라 HD TV (스탠드형),https://www.lge.co.kr/kr/images/tvs/md09689830/gallery/medium-interior01.jpg,,1등급,0.5W↓,189 cm,"4K UHD (3,840 x 2,160)",LED,60Hz,webOS 22,20W,"1,678 x 964 x 59.9",31.4,https://gscs-b2c.lge.com/open/downloadFile?fileId=FmgaffqIu2bqPlZyOJO3A
LG 울트라 HD TV (스탠드형) + LG 사운드바,https://www.lge.co.kr/kr/images/tvs/md10402833/gallery/medium01.jpg,,1등급,0.5W↓,189 cm,"4K UHD (3,840 x 2,160)",LED,60Hz,webOS 23,20W,,31.4,https://gscs-b2c.lge.com/open/downloadFile?fileId=Wu1E8iSBw1MW6ZU3GsKSKA
LG 울트라 HD TV (스탠드형),https://www.lge.co.kr/kr/images/tvs/md10219833/gallery/medium-interior01.jpg,,1등급,0.5W↓,189 cm,"4K UHD (3,840 x 2,160)",LED,60Hz,webOS 23,20W,"1,677 x 965 x 30.9",33.0,https://gscs-b2c.lge.com/open/downloadFile?fileId=M0KfJVWJIWEk8SY8SC4ZQ
LG 울트라 HD TV (벽걸이형),https://www.lge.co.kr/kr/images/tvs/md10219834/gallery/medium-interior01.jpg,,1등급,0.5W↓,189 cm,"4K UHD (3,840 x 2,160)",LED,60Hz,webOS 23,20W,"1,677 x 965 x 30.9",33.0,https://gscs-b2c.lge.com/open/downloadFile?fileId=M0KfJVWJIWEk8SY8SC4ZQ
LG 울트라 HD TV (스탠드형),https://www.lge.co.kr/kr/images/tvs/md10366861/gallery/medium-interior01.jpg,,1등급,0.5W↓,189 cm,"4K UHD (3,840 x 2,160)",LED,60Hz,webOS 23,20W,"1,677 x 965 x 30.9",33.0,https://gscs-b2c.lge.com/open/downloadFile?fileId=jFyzkdugNJrON50A3b5bw
LG 울트라 HD TV (스탠드형) + LG 사운드바,https://www.lge.co.kr/kr/images/tvs/md10497845/gallery/medium01.jpg,,1등급,0.5W↓,189 cm,"4K UHD (3,840 x 2,160)",LED,60Hz,webOS 24,20W,"1,678 x 964 x 59.9",31.4,
LG 울트라 HD TV (스탠드형) + LG 사운드바,https://www.lge.co.kr/kr/images/tvs/md10610872/gallery/medium01.jpg,,1등급,0.5W↓,189 cm,"4K UHD (3,840 x 2,160)",LED,60Hz,webOS 24,20W,"1,678 x 964 x 59.9",31.4,https://gscs-b2c.lge.com/open/downloadFile?fileId=jsEPJeDnZECfS873GyIcIw
LG 울트라 HD TV (스탠드형) + LG 사운드바,https://www.lge.co.kr/kr/images/tvs/md10497831/gallery/medium01.jpg,"4,289,000원",1등급,0.5W↓,189 cm,"4K UHD (3,840 x 2,160)",LED,60Hz,webOS 24,20W,"1,677 x 965 x 30.9",33.0,https://gscs-b2c.lge.com/open/downloadFile?fileId=tEuNA8SHPzJ80seZ08Pg
LG 울트라 HD TV (스탠드형),https://www.lge.co.kr/kr/images/tvs/md10530833/gallery/medium-interior01.jpg,,1등급,0.5W↓,189 cm,"4K UHD (3,840 x 2,160)",LED,60Hz,webOS 24,20W,"1,677 x 965 x 30.9",33.0,https://gscs-b2c.lge.com/open/downloadFile?fileId=LiFmAJqluflm22D0hmwYDQ
LG NANO 4K UHD AI (스탠드형),https://www.lge.co.kr/kr/images/tvs/md10799847/gallery/medium-interior01.jpg,"3,890,000원",1등급,0.5W↓,214 cm,"4K UHD (3,840 x 2,160)",LED,60Hz,webOS 26,20W,"1,890 x 1,088 x 72.4",29.6,https://gscs-b2c.lge.com/open/downloadFile?fileId=UNAlUJ2rj565YqESj72w
LG QNED evo AI (스탠드형),https://www.lge.co.kr/kr/images/tvs/md10794832/gallery/medium-interior01.jpg,"4,290,000원",1등급,0.5W↓,214 cm,"4K UHD (3,840 x 2,160)",mini LED,60Hz,webOS 26,20W,"1,889 x 1,087 x 67.0",27.9,https://gscs-b2c.lge.com/open/downloadFile?fileId=ZWIIlmHr0PDMSmPcGvaZCw
LG QNED evo AI (스탠드형),https://www.lge.co.kr/kr/images/tvs/md10654833/gallery/medium-interior01.jpg,,1등급,0.5W↓,214 cm,"4K UHD (3,840 x 2,160)",mini LED,120Hz (VRR 최대 144Hz),webOS 25,40W,"1,890 x 1,081 x 59.9",34,https://gscs-b2c.lge.com/open/downloadFile?fileId=R1kY7q7FfYXjGem82uXIg
LG Micro RGB evo AI (스탠드형),https://www.lge.co.kr/kr/images/tvs/md10796841/gallery/medium-interior01.jpg,"10,450,000원",비대상 (8K / 화면대각선 216cm 초과 모델은 비대상임),0.5W↓,217 cm,"4K UHD (3,840 x 2,160)",Micro RGB,120Hz (VRR 최대 165Hz),webOS 26,40W,"1,925 x 1,105 x 46.1",56.1,https://gscs-b2c.lge.com/open/downloadFile?fileId=DMcwPaBPrRLA9Udy1RedA
LG 나노셀 AI (스탠드형),https://www.lge.co.kr/kr/images/tvs/md10543870/gallery/medium-interior01.jpg,,비대상 (8K / 화면대각선 216cm 초과 모델은 비대상임),0.5W↓,217 cm,"4K UHD (3,840 x 2,160)",LED,60Hz,webOS 25,20W,"1,927 x 1,104 x 59.9",45.2,https://gscs-b2c.lge.com/open/downloadFile?fileId=P2kD5C0GMTOhMGJa0247Sg
LG 나노셀 AI (스탠드형),https://www.lge.co.kr/kr/images/tvs/md10573845/gallery/medium-interior01.jpg,"3,890,000원",비대상 (8K / 화면대각선 216cm 초과 모델은 비대상임),0.5W↓,217 cm,"4K UHD (3,840 x 2,160)",LED,60Hz,webOS 25,20W,"1,927 x 1,104 x 59.9",45.2,https://gscs-b2c.lge.com/open/downloadFile?fileId=4H6EEORgSyzPuemuoHDOjA
LG 나노셀 AI (스탠드형)+ LG 사운드바,https://www.lge.co.kr/kr/images/tvs/md10661849/gallery/medium01.jpg,"3,890,000원",비대상 (8K / 화면대각선 216cm 초과 모델은 비대상임),0.5W↓,217 cm,"4K UHD (3,840 x 2,160)",LED,60Hz,webOS 25,20W,"1,927 x 1,104 x 59.9",45.2,https://gscs-b2c.lge.com/open/downloadFile?fileId=4H6EEORgSyzPuemuoHDOjA
LG 나노셀 AI (스탠드형)+ LG 사운드바,https://www.lge.co.kr/kr/images/tvs/md10661848/gallery/medium01.jpg,"3,890,000원",비대상 (8K / 화면대각선 216cm 초과 모델은 비대상임),0.5W↓,217 cm,"4K UHD (3,840 x 2,160)",LED,60Hz,webOS 25,20W,"1,927 x 1,104 x 59.9",45.2,https://gscs-b2c.lge.com/open/downloadFile?fileId=4H6EEORgSyzPuemuoHDOjA
LG 나노셀 AI (스탠드형) + LG 사운드바,https://www.lge.co.kr/kr/images/tvs/md10661847/gallery/medium01.jpg,"3,890,000원",비대상 (8K / 화면대각선 216cm 초과 모델은 비대상임),0.5W↓,217 cm,"4K UHD (3,840 x 2,160)",LED,60Hz,webOS 25,20W,"1,927 x 1,104 x 59.9",45.2,https://gscs-b2c.lge.com/open/downloadFile?fileId=4H6EEORgSyzPuemuoHDOjA
LG QNED AI (벽걸이형),https://www.lge.co.kr/kr/images/tvs/md10560830/gallery/medium-interior01.jpg,"3,890,000원",비대상 (8K / 화면대각선 216cm 초과 모델은 비대상임),0.5W↓,217 cm,"4K UHD (3,840 x 2,160)",LED,60Hz,webOS 25,20W,"1,928 x 1,108 x 30.9",50.0,https://gscs-b2c.lge.com/open/downloadFile?fileId=PFPE7I6xK9DdCPPWP5R0g
LG QNED AI (스탠드형) + LG 사운드바,https://www.lge.co.kr/kr/images/tvs/md10661832/gallery/medium01.jpg,"3,890,000원",비대상 (8K / 화면대각선 216cm 초과 모델은 비대상임),0.5W↓,217 cm,"4K UHD (3,840 x 2,160)",LED,60Hz,webOS 25,20W,"1,928 x 1,108 x 30.9",50.0,https://gscs-b2c.lge.com/open/downloadFile?fileId=PFPE7I6xK9DdCPPWP5R0g
LG QNED AI (스탠드형) + LG 사운드바,https://www.lge.co.kr/kr/images/tvs/md10661831/gallery/medium01.jpg,"3,890,000원",비대상 (8K / 화면대각선 216cm 초과 모델은 비대상임),0.5W↓,217 cm,"4K UHD (3,840 x 2,160)",LED,60Hz,webOS 25,20W,"1,928 x 1,108 x 30.9",50.0,https://gscs-b2c.lge.com/open/downloadFile?fileId=PFPE7I6xK9DdCPPWP5R0g
LG QNED AI (스탠드형) + LG 사운드바,https://www.lge.co.kr/kr/images/tvs/md10661830/gallery/medium01.jpg,"3,890,000원",비대상 (8K / 화면대각선 216cm 초과 모델은 비대상임),0.5W↓,217 cm,"4K UHD (3,840 x 2,160)",LED,60Hz,webOS 25,20W,"1,928 x 1,108 x 30.9",50.0,https://gscs-b2c.lge.com/open/downloadFile?fileId=PFPE7I6xK9DdCPPWP5R0g
LG QNED TV (스탠드형) + LG 사운드바,https://www.lge.co.kr/kr/images/tvs/md10497855/gallery/medium01.jpg,,비대상 (8K / 화면대각선 216cm 초과 모델은 비대상임),0.5W↓,217 cm,"4K UHD (3,840 x 2,160)",LED,60Hz,webOS 24,20W,"1,928 x 1,108 x 30.9",50.0,https://gscs-b2c.lge.com/open/downloadFile?fileId=UyaQIgJ9cexz0RkyELGZLA
LG QNED TV (스탠드형) + LG 사운드바,https://www.lge.co.kr/kr/images/tvs/md10610864/gallery/medium01.jpg,,비대상 (8K / 화면대각선 216cm 초과 모델은 비대상임),0.5W↓,217 cm,"4K UHD (3,840 x 2,160)",LED,60Hz,webOS 24,20W,"1,928 x 1,108 x 30.9",50.0,https://gscs-b2c.lge.com/open/downloadFile?fileId=UyaQIgJ9cexz0RkyELGZLA
LG QNED AI (벽걸이형),https://www.lge.co.kr/kr/images/tvs/md10654889/gallery/medium-interior01.jpg,"3,790,000원",비대상 (8K / 화면대각선 216cm 초과 모델은 비대상임),0.5W↓,217 cm,"4K UHD (3,840 x 2,160)",LED,60Hz,webOS 25,20W,"1,927 x 1,104 x 59.9",45.2,https://gscs-b2c.lge.com/open/downloadFile?fileId=g8KI7jEMZVuvRFYO8Cnhw
LG QNED AI (스탠드형),https://www.lge.co.kr/kr/images/tvs/md10654888/gallery/medium-interior01.jpg,"3,790,000원",비대상 (8K / 화면대각선 216cm 초과 모델은 비대상임),0.5W↓,217 cm,"4K UHD (3,840 x 2,160)",LED,60Hz,webOS 25,20W,"1,927 x 1,104 x 59.9",45.2,https://gscs-b2c.lge.com/open/downloadFile?fileId=QO1ttVPKjRWGBsFuFJnw
LG QNED AI (스탠드형),https://www.lge.co.kr/kr/images/tvs/md10543873/gallery/medium-interior01.jpg,"3,990,000원",비대상 (8K / 화면대각선 216cm 초과 모델은 비대상임),0.5W↓,217 cm,"4K UHD (3,840 x 2,160)",LED,60Hz,webOS 25,20W,"1,928 x 1,108 x 30.9",50.0,https://gscs-b2c.lge.com/open/downloadFile?fileId=gucmDPisdu6Pv9N0tRGsA
LG QNED AI (벽걸이형),https://www.lge.co.kr/kr/images/tvs/md10654844/gallery/medium-interior01.jpg,"3,790,000원",비대상 (8K / 화면대각선 216cm 초과 모델은 비대상임),0.5W↓,217 cm,"4K UHD (3,840 x 2,160)",LED,60Hz,webOS 25,20W,"1,929 x 1,108 x 51.9",45.5,https://gscs-b2c.lge.com/open/downloadFile?fileId=whe7bdYnvBSbTsfCF9Crtg
LG QNED evo AI (벽걸이형),https://www.lge.co.kr/kr/images/tvs/md10543851/gallery/medium-interior01.jpg,"4,990,000원",비대상 (8K / 화면대각선 216cm 초과 모델은 비대상임),0.5W↓,217 cm,"4K UHD (3,840 x 2,160)",mini LED,120Hz (VRR 최대 144Hz),webOS 25,20W,"1,928 x 1,108 x 30.9",50.0,https://gscs-b2c.lge.com/open/downloadFile?fileId=y1bzEe8Ny48uCVV4peMSHg
LG QNED evo AI (스탠드형),https://www.lge.co.kr/kr/images/tvs/md10588832/gallery/medium-interior01.jpg,"5,090,000원",비대상 (8K / 화면대각선 216cm 초과 모델은 비대상임),0.5W↓,217 cm,"4K UHD (3,840 x 2,160)",mini LED,120Hz (VRR 최대 144Hz),webOS 25,20W,"1,928 x 1,108 x 30.9",50.0,https://gscs-b2c.lge.com/open/downloadFile?fileId=p2KtUyccId0at0K0lS17Hw
LG 울트라 HD TV (스탠드형),https://www.lge.co.kr/kr/images/tvs/md10237826/gallery/medium-interior01.jpg,,비대상,0.5W↓,217 cm,"4K UHD (3,840 x 2,160)",LED,120Hz,webOS 22,20W,"1,927 x 1,104 x 59.9",45.2,https://gscs-b2c.lge.com/open/downloadFile?fileId=ZB45NTMokxr2ATBzeWhQw
LG 울트라 HD TV (스탠드형) + LG 사운드바,https://www.lge.co.kr/kr/images/tvs/md10402827/gallery/medium01.jpg,,비대상 (8K / 화면대각선 216cm 초과 모델은 비대상임),0.5W↓,217 cm,"4K UHD (3,840 x 2,160)",LED,120Hz,webOS 23,20W,"1,927 x 1,104 x 59.9",45.2,https://gscs-b2c.lge.com/open/downloadFile?fileId=ApRRnxlpqZdhBYPSSZTw
LG 울트라 HD TV (스탠드형),https://www.lge.co.kr/kr/images/tvs/md09979829/gallery/medium-interior01.jpg,,비대상 (8K / 화면대각선 216cm 초과 모델은 비대상임),0.5W↓,217 cm,"4K UHD (3,840 x 2,160)",LED,120Hz,webOS 23,20W,"1,927 x 1,104 x 59.9",45.2,https://gscs-b2c.lge.com/open/downloadFile?fileId=lDriVyrun8YxxwQTlBtgw
LG 울트라 HD TV (스탠드형),https://www.lge.co.kr/kr/images/tvs/md10219835/gallery/medium-interior01.jpg,,비대상 (8K / 화면대각선 216cm 초과 모델은 비대상임),0.5W↓,217 cm,"4K UHD (3,840 x 2,160)",LED,120Hz,webOS 23,20W,"1,927 x 1,104 x 59.9",45.2,https://gscs-b2c.lge.com/open/downloadFile?fileId=ME34w6A4EDdIdCyHtG4r1g
LG 울트라 HD TV (벽걸이형),https://www.lge.co.kr/kr/images/tvs/md10219836/gallery/medium-interior01.jpg,,비대상 (8K / 화면대각선 216cm 초과 모델은 비대상임),0.5W↓,217 cm,"4K UHD (3,840 x 2,160)",LED,120Hz,webOS 23,20W,"1,927 x 1,104 x 59.9",45.2,https://gscs-b2c.lge.com/open/downloadFile?fileId=ME34w6A4EDdIdCyHtG4r1g
LG 울트라 HD TV (스탠드형),https://www.lge.co.kr/kr/images/tvs/md10366868/gallery/medium-interior01.jpg,,비대상 (8K / 화면대각선 216cm 초과 모델은 비대상임),0.5W↓,217 cm,"4K UHD (3,840 x 2,160)",LED,120Hz,webOS 23,20W,"1,927 x 1,104 x 59.9",45.2,https://gscs-b2c.lge.com/open/downloadFile?fileId=ME34w6A4EDdIdCyHtG4r1g
LG 울트라 HD TV (스탠드형),https://www.lge.co.kr/kr/images/tvs/md10314851/gallery/medium-interior01.jpg,"3,890,000원",비대상 (8K / 화면대각선 216cm 초과 모델은 비대상임),0.5W↓,217 cm,"4K UHD (3,840 x 2,160)",LED,60Hz,webOS 24,20W,"1,927 x 1,104 x 59.9",45.2,https://gscs-b2c.lge.com/open/downloadFile?fileId=4Pu7mmY4BpwVICqjgvuoFA
LG 울트라 HD TV (스탠드형),https://www.lge.co.kr/kr/images/tvs/md10530831/gallery/medium-interior01.jpg,,비대상 (8K / 화면대각선 216cm 초과 모델은 비대상임),0.5W↓,217 cm,"4K UHD (3,840 x 2,160)",LED,60Hz,webOS 24,20W,"1,927 x 1,104 x 59.9",45.2,https://gscs-b2c.lge.com/open/downloadFile?fileId=mxgidTufNYA9hxnNWiBaQ
LG QNED TV (스탠드형),https://www.lge.co.kr/kr/images/tvs/md10367826/gallery/medium-interior01.jpg,"7,800,000원",비대상 (8K / 화면대각선 216cm 초과 모델은 비대상임),0.5W↓,247 cm,"4K UHD (3,840 x 2,160)",LED,120Hz,webOS 24,40W,"2,182 x 1,258 x 110.4",61.2,https://gscs-b2c.lge.com/open/downloadFile?fileId=Z300TVLfBcU1ircjUgqm9w
LG 울트라 HD TV (스탠드형),https://www.lge.co.kr/kr/images/tvs/md10470830/gallery/medium-interior01.jpg,"5,090,000원",비대상 (8K / 화면대각선 216cm 초과 모델은 비대상임),0.5W↓,247 cm,"4K UHD (3,840 x 2,160)",LED,120Hz,webOS 24,40W,"2,182 x 1,258 x 110.4",61.2,https://gscs-b2c.lge.com/open/downloadFile?fileId=Z300TVLfBcU1ircjUgqm9w
갤러리 스탠드,https://www.lge.co.kr/kr/images/tvs/md09615828/gallery/medium-interior01.jpg,,,,,,,,,,,,https://gscs-b2c.lge.com/open/downloadFile?fileId=UjCH9WqkE7sVp25OvdCOw
LG 올레드 evo (스탠드형),https://www.lge.co.kr/kr/images/tvs/md10319920/gallery/medium-interior01.jpg,"1,390,000원",4등급,0.5W↓,105 cm,"4K UHD (3,840 x 2,160)",올레드,120Hz,webOS 24,20W,932 x 540 x 41.1,9.8,https://gscs-b2c.lge.com/open/downloadFile?fileId=iY03lpPcfjwwiOi9v2s3gA
LG 올레드 evo AI (벽걸이형),https://www.lge.co.kr/kr/images/tvs/md10543850/gallery/medium-interior01.jpg,,3등급,0.5W↓,105 cm,"4K UHD (3,840 x 2,160)",올레드,120Hz (VRR 최대 144Hz),webOS 25,20W,932 x 540 x 41.1,9.8,https://gscs-b2c.lge.com/open/downloadFile?fileId=ypxBifeM9QqkDc2To1L0Q
LG 올레드 evo AI (스탠드형),https://www.lge.co.kr/kr/images/tvs/md10770852/gallery/medium-interior01.jpg,"1,990,000원",3등급,0.5W↓,105 cm,"4K UHD (3,840 x 2,160)",올레드,120Hz (VRR 최대 165Hz),webOS 26,20W,932 x 540 x 41.1,9.8,https://gscs-b2c.lge.com/open/downloadFile?fileId=0IPCbTJbxZ7KAwA1BLzlA
LG 올레드 TV (스탠드형) + LG 사운드바,https://www.lge.co.kr/kr/images/tvs/md10715835/gallery/medium01.jpg,,4등급,0.5W↓,120 cm,"4K UHD (3,840 x 2,160)",올레드,120Hz,webOS 24,20W,"1,070 x 620 x 45.9",11.5,https://gscs-b2c.lge.com/open/downloadFile?fileId=QsrVGTwSpCQJyxX1nSN8YA
LG 올레드 TV (스탠드형) + LG 스탠바이미 2,https://www.lge.co.kr/kr/images/tvs/md10720845/gallery/medium01.jpg,,4등급,0.5W↓,120 cm,"4K UHD (3,840 x 2,160)",올레드,120Hz,webOS 24,20W,"1,070 x 620 x 45.9",11.5,https://gscs-b2c.lge.com/open/downloadFile?fileId=BR3nqIXzkZe6F7DPU2FVWg
LG 올레드 AI (스탠드형),https://www.lge.co.kr/kr/images/tvs/md10573835/gallery/medium-interior01.jpg,"1,490,000원",4등급,0.5W↓,120 cm,"4K UHD (3,840 x 2,160)",올레드,120Hz,webOS 25,20W,"1,070 x 620 x 45.9",11.5,https://gscs-b2c.lge.com/open/downloadFile?fileId=QNsqqALrSSiafSb4Y5t0g
LG 올레드 AI (스탠드형),https://www.lge.co.kr/kr/images/tvs/md10784835/gallery/medium-interior01.jpg,"1,990,000원",3등급,0.5W↓,120 cm,"4K UHD (3,840 x 2,160)",올레드,120Hz (VRR 최대 144Hz),webOS 26,20W,"1,070 x 620 x 45.9",11.5,https://gscs-b2c.lge.com/open/downloadFile?fileId=EK9NhYxPKjVtSRzwQeJnUg
LG 올레드 evo (스탠드형),https://www.lge.co.kr/kr/images/tvs/md09965829/gallery/medium-interior01.jpg,"1,890,000원",4등급,0.5W↓,120 cm,"4K UHD (3,840 x 2,160)",올레드,120Hz,webOS 23,20W,"1,071 x 618 x 46.9",14.9,https://gscs-b2c.lge.com/open/downloadFile?fileId=Zm3T57jrMBhFrPcRn0V8g
LG 올레드 evo (스탠드형),https://www.lge.co.kr/kr/images/tvs/md10319913/gallery/medium-interior01.jpg,"1,990,000원",4등급,0.5W↓,120 cm,"4K UHD (3,840 x 2,160)",올레드,120Hz,webOS 24,20W,"1,071 x 620 x 46.9",14.9,https://gscs-b2c.lge.com/open/downloadFile?fileId=4bPWnGp0VcVeHN2zjw7wVg
LG 올레드 evo AI (스탠드형),https://www.lge.co.kr/kr/images/tvs/md10543847/gallery/medium-interior01.jpg,,4등급,0.5W↓,120 cm,"4K UHD (3,840 x 2,160)",올레드,120Hz (VRR 최대 144Hz),webOS 25,20W,"1,071 x 618 x 46.9",14.9,https://gscs-b2c.lge.com/open/downloadFile?fileId=fGB93Eqh4zQvDMnYzzEQ
LG 올레드 evo AI (스탠드형),https://www.lge.co.kr/kr/images/tvs/md10770850/gallery/medium-interior01.jpg,"2,389,000원",3등급,0.5W↓,120 cm,"4K UHD (3,840 x 2,160)",올레드,120Hz (VRR 최대 165Hz),webOS 26,40W,"1,071 x 620 x 46.9",14.9,https://gscs-b2c.lge.com/open/downloadFile?fileId=MNFbhlHzd7a9aZxO5ed8BA
LG 올레드 AI (스탠드형),https://www.lge.co.kr/kr/images/tvs/md10579833/gallery/medium-interior01.jpg,"2,290,000원",4등급,0.5W↓,138 cm,"4K UHD (3,840 x 2,160)",올레드,120Hz,webOS 25,20W,"1,228 x 708 x 45.9",14.3,https://gscs-b2c.lge.com/open/downloadFile?fileId=H00Tl9VbuXyuJnCNbyJLww
LG 올레드 AI (스탠드형),https://www.lge.co.kr/kr/images/tvs/md10579833/gallery/medium-interior01.jpg,,4등급,0.5W↓,138 cm,"4K UHD (3,840 x 2,160)",올레드,120Hz,webOS 25,20W,"1,228 x 708 x 45.9",14.3,https://gscs-b2c.lge.com/open/downloadFile?fileId=YTp9r2C4sfzAj6FKVCixg
LG 올레드 AI (스탠드형),https://www.lge.co.kr/kr/images/tvs/md10579833/gallery/medium-interior01.jpg,"1,890,000원",4등급,0.5W↓,138 cm,"4K UHD (3,840 x 2,160)",올레드,120Hz,webOS 25,20W,"1,228 x 708 x 45.9",14.3,https://gscs-b2c.lge.com/open/downloadFile?fileId=Mz3eG98m5Y7N8AE5rCGyw
LG 올레드 AI (스탠드형) + LG 사운드바,https://www.lge.co.kr/kr/images/tvs/md10715827/gallery/medium01.jpg,,4등급,0.5W↓,138 cm,"4K UHD (3,840 x 2,160)",올레드,120Hz,webOS 25,20W,"1,228 x 708 x 45.9",14.3,https://gscs-b2c.lge.com/open/downloadFile?fileId=Mz3eG98m5Y7N8AE5rCGyw
LG 올레드 AI (스탠드형) + LG 스탠바이미 2,https://www.lge.co.kr/kr/images/tvs/md10720843/gallery/medium01.jpg,"3,180,000원",4등급,0.5W↓,138 cm,"4K UHD (3,840 x 2,160)",올레드,120Hz,webOS 25,20W,"1,228 x 708 x 45.9",14.3,https://gscs-b2c.lge.com/open/downloadFile?fileId=BR3nqIXzkZe6F7DPU2FVWg
LG 올레드 AI (스탠드형),https://www.lge.co.kr/kr/images/tvs/md10784832/gallery/medium-interior01.jpg,"2,090,000원",3등급,0.5W↓,138 cm,"4K UHD (3,840 x 2,160)",올레드,120Hz (VRR 최대 144Hz),webOS 26,20W,"1,228 x 708 x 45.9",14.3,https://gscs-b2c.lge.com/open/downloadFile?fileId=RK2y7F5ugYMykZcidS1r6Q
LG 올레드 AI (스탠드형),https://www.lge.co.kr/kr/images/tvs/md10787832/gallery/medium-interior01.jpg,"1,920,000원",3등급,0.5W↓,138 cm,"4K UHD (3,840 x 2,160)",올레드,120Hz,webOS 26,20W,"1,228 x 708 x 45.9",14.3,https://gscs-b2c.lge.com/open/downloadFile?fileId=fYmaidy0PkGFypW5gdrUQ
LG 올레드 evo (스탠드형),https://www.lge.co.kr/kr/images/tvs/md09955837/gallery/medium-interior02.jpg,,4등급,0.5W↓,138 cm,"4K UHD (3,840 x 2,160)",올레드,120Hz,webOS 23,40W,"1,222 x 703 x 45.1",14.1,https://gscs-b2c.lge.com/open/downloadFile?fileId=hFFheNJ8egtzZp78f3PTA
LG 올레드 evo AI (벽걸이형),https://www.lge.co.kr/kr/images/tvs/md10570840/gallery/medium-interior01.jpg,"2,690,000원",4등급,0.5W↓,138 cm,"4K UHD (3,840 x 2,160)",올레드,120Hz (VRR 최대 144Hz),webOS 25,20W,"1,222 x 703 x 45.1",14.1,https://gscs-b2c.lge.com/open/downloadFile?fileId=jYkYbIhvnYcMDYCjgqw
LG 올레드 evo AI (스탠드형),https://www.lge.co.kr/kr/images/tvs/md10770847/gallery/medium-interior01.jpg,"2,989,000원",4등급,0.5W↓,138 cm,"4K UHD (3,840 x 2,160)",올레드,120Hz (VRR 최대 165Hz),webOS 26,40W,"1,222 x 703 x 45.1",14.1,https://gscs-b2c.lge.com/open/downloadFile?fileId=DVAyyHUed9QuSNm70kds8w
LG 올레드 evo AI (스탠드형),https://www.lge.co.kr/kr/images/tvs/md10770835/gallery/medium-interior01.jpg,"3,689,000원",4등급,0.5W↓,138 cm,"4K UHD (3,840 x 2,160)",올레드,120Hz (VRR 최대 165Hz),webOS 26,60W,"1,222 x 703 x 27.2",16.8,https://gscs-b2c.lge.com/open/downloadFile?fileId=lxOzlqhSFCcabquZknjQ
LG 올레드 TV (스탠드형) + LG 사운드바,https://www.lge.co.kr/kr/images/tvs/md10402843/gallery/medium02.jpg,,4등급,0.5W↓,163 cm,"4K UHD (3,840 x 2,160)",올레드,60Hz,webOS 23,20W,"1,449 x 832 x 45.9",17.1,https://gscs-b2c.lge.com/open/downloadFile?fileId=Zm3T57jrMBhFrPcRn0V8g
LG 올레드 TV (스탠드형),https://www.lge.co.kr/kr/images/tvs/md10212827/gallery/medium-interior01.jpg,,4등급,0.5W↓,163 cm,"4K UHD (3,840 x 2,160)",올레드,120Hz,webOS 22,20W,"1,449 x 832 x 46.9",24,https://gscs-b2c.lge.com/open/downloadFile?fileId=v4iyH7IzMD8a5lVjNQftSQ
LG 올레드 TV (벽걸이형),https://www.lge.co.kr/kr/images/tvs/md10319944/gallery/medium-interior01.jpg,"2,890,000원",4등급,0.5W↓,163 cm,"4K UHD (3,840 x 2,160)",올레드,120Hz,webOS 24,20W,"1,449 x 832 x 45.9",17.1,https://gscs-b2c.lge.com/open/downloadFile?fileId=KYCvSa9vIM46l3e9Yf4w
LG 올레드 TV (스탠드형) + LG 사운드바,https://www.lge.co.kr/kr/images/tvs/md10715837/gallery/medium02.jpg,,4등급,0.5W↓,163 cm,"4K UHD (3,840 x 2,160)",올레드,120Hz,webOS 24,20W,"1,449 x 832 x 45.9",17.1,https://gscs-b2c.lge.com/open/downloadFile?fileId=DtI2hD24st9SRJPuyQLHw
LG 올레드 TV (스탠드형) + LG 스탠바이미 2,https://www.lge.co.kr/kr/images/tvs/md10720841/gallery/medium01.jpg,"4,180,000원",4등급,0.5W↓,163 cm,"4K UHD (3,840 x 2,160)",올레드,120Hz,webOS 24,20W,"1,449 x 832 x 45.9",17.1,https://gscs-b2c.lge.com/open/downloadFile?fileId=BR3nqIXzkZe6F7DPU2FVWg
LG 올레드 AI (스탠드형),https://www.lge.co.kr/kr/images/tvs/md10573839/gallery/medium-interior01.jpg,"2,900,000원",4등급,0.5W↓,163 cm,"4K UHD (3,840 x 2,160)",올레드,120Hz,webOS 25,20W,"1,449 x 832 x 45.9",17.1,https://gscs-b2c.lge.com/open/downloadFile?fileId=m5GauN7RPcsHZ2Br804rg
LG 올레드 AI (스탠드형),https://www.lge.co.kr/kr/images/tvs/md10573839/gallery/medium-interior01.jpg,,4등급,0.5W↓,163 cm,"4K UHD (3,840 x 2,160)",올레드,120Hz,webOS 25,20W,"1,449 x 832 x 45.9",17.1,https://gscs-b2c.lge.com/open/downloadFile?fileId=QlxCwlM9tDhGOceqga3rvA
LG 올레드 AI (스탠드형),https://www.lge.co.kr/kr/images/tvs/md10784839/gallery/medium-interior01.jpg,"3,290,000원",4등급,0.5W↓,163 cm,"4K UHD (3,840 x 2,160)",올레드,120Hz (VRR 최대 144Hz),webOS 26,20W,"1,449 x 832 x 45.9",17.1,https://gscs-b2c.lge.com/open/downloadFile?fileId=xj8TLH8WK3fUIJWsrsmIuQ
LG 올레드 AI (스탠드형),https://www.lge.co.kr/kr/images/tvs/md10787830/gallery/medium-interior01.jpg,"2,790,000원",3등급,0.5W↓,163 cm,"4K UHD (3,840 x 2,160)",올레드,120Hz,webOS 26,20W,"1,449 x 832 x 45.9",17.1,https://gscs-b2c.lge.com/open/downloadFile?fileId=Xb4ppqxxdoXU2APZLZAstQ
LG 올레드 evo (스탠드형) + LG 스탠바이미 2,https://www.lge.co.kr/kr/images/tvs/md10720839/gallery/medium01.jpg,"4,780,000원",4등급,0.5W↓,163 cm,"4K UHD (3,840 x 2,160)",올레드,120Hz,webOS 24,20W,"1,441 x 826 x 45.1",16.6,https://gscs-b2c.lge.com/open/downloadFile?fileId=BR3nqIXzkZe6F7DPU2FVWg
LG 올레드 evo AI (벽걸이형),https://www.lge.co.kr/kr/images/tvs/md10570838/gallery/medium-interior01.jpg,"2,890,000원",4등급,0.5W↓,163 cm,"4K UHD (3,840 x 2,160)",올레드,120Hz (VRR 최대 144Hz),webOS 25,20W,"1,441 x 826 x 45.1",16.6,https://gscs-b2c.lge.com/open/downloadFile?fileId=aHDDCVsgctqb3h6xAcy3Q
LG 올레드 evo AI (스탠드형),https://www.lge.co.kr/kr/images/tvs/md10770863/gallery/medium-interior01.jpg,"4,688,000원",4등급,0.5W↓,163 cm,"4K UHD (3,840 x 2,160)",올레드,120Hz (VRR 최대 165Hz),webOS 26,40W,"1,441 x 826 x 45.1",16.6,https://gscs-b2c.lge.com/open/downloadFile?fileId=gIy5ZNrs3rj0240vPWw7qw
LG 올레드 evo AI (스탠드형),https://www.lge.co.kr/kr/images/tvs/md10770835/gallery/medium-interior01.jpg,"5,188,000원",4등급,0.5W↓,163 cm,"4K UHD (3,840 x 2,160)",올레드,120Hz (VRR 최대 165Hz),webOS 26,60W,"1,441 x 826 x 24.3",22,https://gscs-b2c.lge.com/open/downloadFile?fileId=0VwHCDDO2w0olJtZPf2A
LG 올레드 evo (OLED M),https://www.lge.co.kr/kr/images/tvs/md10413831/gallery/medium-interior01.jpg,,5등급,0.5W↓,163 cm,"4K UHD (3,840 x 2,160)",올레드,120Hz,webOS 24,60W,"1,441 x 836 x 24.3",23.5,https://gscs-b2c.lge.com/open/downloadFile?fileId=bpzUnw8lvah3EyUnL4yFA
LG 올레드 TV (벽걸이형),https://www.lge.co.kr/kr/images/tvs/md10319947/gallery/medium-interior01.jpg,"5,190,000원",4등급,0.5W↓,194 cm,"4K UHD (3,840 x 2,160)",올레드,120Hz,webOS 24,20W,"1,719 x 989 x 50.9",22.9,https://gscs-b2c.lge.com/open/downloadFile?fileId=u0O06oEh9Ys5fONPRBJQ
LG 올레드 TV (벽걸이형),https://www.lge.co.kr/kr/images/tvs/md10319933/gallery/medium-interior01.jpg,"5,190,000원",4등급,0.5W↓,194 cm,"4K UHD (3,840 x 2,160)",올레드,120Hz,webOS 24,20W,"1,719 x 989 x 50.9",22.9,https://gscs-b2c.lge.com/open/downloadFile?fileId=JRaoTH4gdylpqB2McZv6w
LG 올레드 AI (스탠드형),https://www.lge.co.kr/kr/images/tvs/md10579838/gallery/medium-interior01.jpg,"5,490,000원",4등급,0.5W↓,194 cm,"4K UHD (3,840 x 2,160)",올레드,120Hz,webOS 25,20W,"1,719 x 989 x 50.9",22.9,https://gscs-b2c.lge.com/open/downloadFile?fileId=VBDMUenyXCirfjM587iqMw
LG 올레드 AI (스탠드형),https://www.lge.co.kr/kr/images/tvs/md10573837/gallery/medium-interior01.jpg,,4등급,0.5W↓,194 cm,"4K UHD (3,840 x 2,160)",올레드,120Hz,webOS 25,20W,"1,719 x 989 x 50.9",22.9,https://gscs-b2c.lge.com/open/downloadFile?fileId=XHbkXJIaD4816J7TtI7BcQ
LG 올레드 AI (스탠드형),https://www.lge.co.kr/kr/images/tvs/md10784837/gallery/medium-interior01.jpg,"5,790,000원",4등급,0.5W↓,194 cm,"4K UHD (3,840 x 2,160)",올레드,120Hz (VRR 최대 144Hz),webOS 26,20W,"1,719 x 989 x 50.9",22.9,https://gscs-b2c.lge.com/open/downloadFile?fileId=qZcQVTVxze0dY9zCvGQc8w
LG 올레드 AI (스탠드형),https://www.lge.co.kr/kr/images/tvs/md10787828/gallery/medium-interior01.jpg,"5,290,000원",3등급,0.5W↓,194 cm,"4K UHD (3,840 x 2,160)",올레드,120Hz,webOS 26,20W,"1,719 x 989 x 50.9",22.9,https://gscs-b2c.lge.com/open/downloadFile?fileId=0CVw5Rj319DItGoaH8DA
LG 올레드 evo AI (스탠드형),https://www.lge.co.kr/kr/images/tvs/md10770859/gallery/medium-interior01.jpg,"6,590,000원",4등급,0.5W↓,194 cm,"4K UHD (3,840 x 2,160)",올레드,120Hz (VRR 최대 165Hz),webOS 26,20W,"1,711 x 982 x 47.1",23.5,https://gscs-b2c.lge.com/open/downloadFile?fileId=fcVMPCIBRhozqTt7XxxgoA
LG 올레드 evo AI (스탠드형),https://www.lge.co.kr/kr/images/tvs/md10770859/gallery/medium-interior01.jpg,"7,288,000원",4등급,0.5W↓,194 cm,"4K UHD (3,840 x 2,160)",올레드,120Hz (VRR 최대 165Hz),webOS 26,40W,"1,711 x 982 x 47.1",23.5,https://gscs-b2c.lge.com/open/downloadFile?fileId=JgXkb9ebadVLwq7TCMRYw
LG 올레드 evo AI (스탠드형),https://www.lge.co.kr/kr/images/tvs/md10543834/gallery/medium-interior02.jpg,"8,200,000원",4등급,0.5W↓,194 cm,"4K UHD (3,840 x 2,160)",올레드,120Hz (VRR 최대 165Hz),webOS 25,60W,"1,712 x 982 x 24.8",33.6,https://gscs-b2c.lge.com/open/downloadFile?fileId=9q92yP85k0AoW9Hv9MRwgg
LG 올레드 evo AI (스탠드형),https://www.lge.co.kr/kr/images/tvs/md10770832/gallery/medium-interior01.jpg,"11,388,000원",4등급,0.5W↓,194 cm,"4K UHD (3,840 x 2,160)",올레드,120Hz (VRR 최대 165Hz),webOS 26,60W,"1,712 x 982 x 24.8",33.0,https://gscs-b2c.lge.com/open/downloadFile?fileId=GeZAklKkOWdkKrqkQ2lAg
LG 올레드 evo AI (OLED M),https://www.lge.co.kr/kr/images/tvs/md10606845/gallery/medium-interior01.jpg,"9,300,000원",5등급,0.5W↓,194 cm,"4K UHD (3,840 x 2,160)",올레드,120Hz (VRR 최대 144Hz),webOS 25,60W,"1,712 x 986 x 24.8",35.5,https://gscs-b2c.lge.com/open/downloadFile?fileId=h4bXCNSEXTi8tfqOR1g
LG 올레드 AI (스탠드형),https://www.lge.co.kr/kr/images/tvs/md10573834/gallery/medium-interior01.jpg,"7,700,000원",4등급,0.5W↓,209 cm,"4K UHD (3,840 x 2,160)",올레드,120Hz,webOS 25,20W,"1,842 x 1,055 x 52.9",26.7,https://gscs-b2c.lge.com/open/downloadFile?fileId=sjkqa4Fa6rzzStZcC9q9w
LG 올레드 AI (스탠드형),https://www.lge.co.kr/kr/images/tvs/md10785832/gallery/medium-interior01.jpg,,4등급,0.5W↓,209 cm,"4K UHD (3,840 x 2,160)",올레드,120Hz (VRR 최대 144Hz),webOS 26,20W,"1,842 x 1,055 x 52.9",26.7,https://gscs-b2c.lge.com/open/downloadFile?fileId=pmwpVkd5JLY6kpEAxLeJPA
LG 올레드 evo AI (스탠드형),https://www.lge.co.kr/kr/images/tvs/md10542833/gallery/medium-interior01.jpg,"9,000,000원",4등급,0.5W↓,209 cm,"4K UHD (3,840 x 2,160)",올레드,120Hz (VRR 최대 144Hz),webOS 25,40W,"1,842 x 1,055 x 52.9",28.3,https://gscs-b2c.lge.com/open/downloadFile?fileId=8yRn8iM47D6XpP5cBfXCWg
LG 올레드 evo AI (스탠드형),https://www.lge.co.kr/kr/images/tvs/md10542833/gallery/medium-interior01.jpg,"8,800,000원",4등급,0.5W↓,209 cm,"4K UHD (3,840 x 2,160)",올레드,120Hz (VRR 최대 144Hz),webOS 25,20W,"1,842 x 1,055 x 52.9",28.3,https://gscs-b2c.lge.com/open/downloadFile?fileId=C5fAX2zwgcKs7B0RwD64hg
LG 올레드 evo AI (스탠드형),https://www.lge.co.kr/kr/images/tvs/md10770844/gallery/medium-interior01.jpg,"10,000,000원",4등급,0.5W↓,209 cm,"4K UHD (3,840 x 2,160)",올레드,120Hz (VRR 최대 165Hz),webOS 26,40W,"1,842 x 1,055 x 52.9",28.3,https://gscs-b2c.lge.com/open/downloadFile?fileId=WGnSSp5teybqaI3sHncX2w
LG 올레드 evo AI (스탠드형),https://www.lge.co.kr/kr/images/tvs/md10770844/gallery/medium-interior01.jpg,"8,900,000원",4등급,0.5W↓,209 cm,"4K UHD (3,840 x 2,160)",올레드,120Hz (VRR 최대 165Hz),webOS 26,20W,"1,842 x 1,055 x 52.9",28.3,https://gscs-b2c.lge.com/open/downloadFile?fileId=qZLNU2GkY46OP6SrPA9Iw
LG 올레드 evo AI (스탠드형),https://www.lge.co.kr/kr/images/tvs/md10770844/gallery/medium-interior01.jpg,"10,000,000원",4등급,0.5W↓,209 cm,"4K UHD (3,840 x 2,160)",올레드,120Hz (VRR 최대 165Hz),webOS 26,40W,"1,842 x 1,055 x 52.9",28.3,https://gscs-b2c.lge.com/open/downloadFile?fileId=likcPzyNtgFnZhAheAivgw
LG 올레드 evo AI (스탠드형),https://www.lge.co.kr/kr/images/tvs/md10543827/gallery/medium-interior01.jpg,"13,000,000원",4등급,0.5W↓,209 cm,"4K UHD (3,840 x 2,160)",올레드,120Hz (VRR 최대 165Hz),webOS 25,60W,"1,847 x 1,057 x 28.0",39,https://gscs-b2c.lge.com/open/downloadFile?fileId=MZw3qYX3T66hR3iByJzfAA
LG 올레드 evo AI (스탠드형),https://www.lge.co.kr/kr/images/tvs/md10770829/gallery/medium-interior01.jpg,"15,000,000원",4등급,0.5W↓,209 cm,"4K UHD (3,840 x 2,160)",올레드,120Hz (VRR 최대 165Hz),webOS 26,60W,"1,847 x 1,057 x 28",37.2,https://gscs-b2c.lge.com/open/downloadFile?fileId=7IpaJjt08sCO9Mhkjsnw
LG 올레드 evo AI (OLED M),https://www.lge.co.kr/kr/images/tvs/md10606843/gallery/medium-interior01.jpg,,5등급,0.5W↓,209 cm,"4K UHD (3,840 x 2,160)",올레드,120Hz (VRR 최대 144Hz),webOS 25,60W,"1,847 x 1,062 x 28.0",38.3,https://gscs-b2c.lge.com/open/downloadFile?fileId=Ejuhowgq1trjVQrjCx2xBg
LG 올레드 evo (벽걸이형),https://www.lge.co.kr/kr/images/tvs/md09451826/gallery/medium-interior01.jpg,,비대상,0.5W↓,245 cm,"4K UHD (3,840 x 2,160)",올레드,120Hz,webOS 22,60W,"2,155 x 1,225 x 28.2",57,https://gscs-b2c.lge.com/open/downloadFile?fileId=T4WHlkutA5AW7m3lQbbA
LG 올레드 evo AI (스탠드형),https://www.lge.co.kr/kr/images/tvs/md10542831/gallery/medium-interior01.jpg,"42,900,000원",비대상 (8K / 화면대각선 216cm 초과 모델은 비대상임),0.5W↓,245 cm,"4K UHD (3,840 x 2,160)",올레드,120Hz,webOS 25,60W,"2,155 x 1,230 x 28.2",57.0,https://gscs-b2c.lge.com/open/downloadFile?fileId=6DXwy4xBJfLXmfFYmRP8Q
LG 올레드 evo AI (스탠드형),https://www.lge.co.kr/kr/images/tvs/md10770826/gallery/medium-interior01.jpg,"50,384,000원",비대상 (8K / 화면대각선 216cm 초과 모델은 비대상임),0.5W↓,245 cm,"4K UHD (3,840 x 2,160)",올레드,120Hz,webOS 26,60W,"2,155 x 1,230 x 28.2",57.0,https://gscs-b2c.lge.com/open/downloadFile?fileId=UmyB0RzKKk5V6hXdpkgKw
LG 스마트 캠,https://www.lge.co.kr/kr/images/tvs/md09964830/gallery/medium-interior02.jpg,"142,000원",,,,"1920 x 1080, 30fps",,,,,,,https://gscs-b2c.lge.com/open/downloadFile?fileId=r7V0EkmISdhW1Xe2SbvOUA
