제품명,이미지 링크,가격(원),에너지 소비효율등급,소비전력(W),설치타입,도어 개수,전체 용량(L),냉장 용량(L),냉동 용량(L),제품 크기(mm),무게(kg),색상,도어 재질,냉각방식,스마트 진단,아이스메이커,제품 사용 설명서
LG 트롬 오브제컬렉션 워시타워 + LG 디오스 AI 오브제컬렉션 냉장고 (매직스페이스),https://www.lge.co.kr/kr/images/wash-tower/md10694827/gallery/medium01.jpg,"6,280,000원",세탁기 2등급 / 건조기 1등급,"3,500 (세탁 : 2,100 , 건조 : 1,400)",프리스탠딩,2도어,832,524,308,"700 x 1,890 x 830",전체 161.6 / 세탁 91 / 건조 70.6,네이처 베이지 / 네이처 그린,메탈,멀티냉각방식,O 있음,무빙 도어 아이스메이커,https://gscs-b2c.lge.com/open/downloadFile?fileId=aYgXp4bXIhCWq82n4TlDPw
LG 트롬 오브제컬렉션 워시타워 + LG 디오스 AI 오브제컬렉션 냉장고 (매직스페이스),https://www.lge.co.kr/kr/images/wash-tower/md10694828/gallery/medium01.jpg,"5,780,000원",세탁기 2등급 / 건조기 1등급,"3,050 (세탁 : 2,100 , 건조 : 950)",프리스탠딩,2도어,832,524,308,"700 x 1,890 x 830",전체 162 / 세탁 91 / 건조 71,릴리 화이트 / 릴리 화이트,메탈,멀티냉각방식,O 있음,무빙 도어 아이스메이커,https://gscs-b2c.lge.com/open/downloadFile?fileId=MV9VQaiEhpTDC2gAl48w
LG 냉동고,https://www.lge.co.kr/kr/images/refrigerators/md10059826/gallery/medium-interior01.jpg,"700,000원",대상 외 제품,대상 외 제품,,,200,,,"600 x 1,383 x 629 mm",57,퓨어,,직냉식,,,https://gscs-b2c.lge.com/open/downloadFile?fileId=TWci44kPqCpQvo02ORjA
LG 일반냉장고,https://www.lge.co.kr/kr/images/refrigerators/md09845828/gallery/medium-interior01.jpg,"260,000원",4등급,10.2,,,43,43,,443 x 501 x 450,16,퓨어,,직냉식,,,https://gscs-b2c.lge.com/open/downloadFile?fileId=3Ppb5rFuU8tyT5Cj1nLdoQ
LG 일반냉장고,https://www.lge.co.kr/kr/images/refrigerators/md09845826/gallery/medium-interior01.jpg,"320,000원",4등급,19.4,,,90,90,,463 X 820 X 482,22,퓨어,,직냉식,,,
LG 일반냉장고,https://www.lge.co.kr/kr/images/refrigerators/md10318830/gallery/medium-interior01.jpg,"400,000원",4등급,36.1,일반 냉장고,2도어,121,94,27,"475 x 1,170 x 487",28,퓨어,메탈,직냉식,X 제공안함,아이스 트레이,
LG 일반냉장고,https://www.lge.co.kr/kr/images/refrigerators/md09072900/gallery/medium-interior01.jpg,"480,000원",3등급,29.8,,,189,143,46,"555 x 1,400 x 585",39,화이트,,멀티냉각방식,,O 있음,https://gscs-b2c.lge.com/open/downloadFile?fileId=ImNoab7btZxfOHlZ1rfhvw
LG 일반냉장고,https://www.lge.co.kr/kr/images/refrigerators/md10680828/gallery/medium-interior01.jpg,"593,000원",2등급,28.9,일반 냉장고,2도어,241,185,56,"555 x 1,573 x 637",46,화이트,메탈,멀티냉각방식,X 제공안함,아이스 트레이,https://gscs-b2c.lge.com/open/downloadFile?fileId=dDKdobXaep3sEB3dUC68Q
LG 일반냉장고,https://www.lge.co.kr/kr/images/refrigerators/md09326828/gallery/medium-interior01.jpg,"730,000원",1등급,27.8,,,317,238,79,"600 x 1,640 x 710",57,화이트,네이처 (메탈),멀티냉각방식,,O 있음,https://gscs-b2c.lge.com/open/downloadFile?fileId=8DX3wkvc1dzwuKQ2ZJHdA
LG 일반냉장고,https://www.lge.co.kr/kr/images/refrigerators/md10647828/gallery/medium-interior01.jpg,"770,000원",1등급,27.8,일반 냉장고,2도어,317,238,79,"600 x 1,640 x 710",54,화이트,메탈,멀티냉각방식,X 제공안함,아이스 트레이,https://gscs-b2c.lge.com/open/downloadFile?fileId=8DX3wkvc1dzwuKQ2ZJHdA
LG 일반냉장고,https://www.lge.co.kr/kr/images/refrigerators/md09325832/gallery/medium-interior01.jpg,"780,000원",4등급,30,,,335,256,79,"600 x 1,720 x 710",60,퓨어,네이처 (메탈),멀티냉각방식,O 있음,O 있음,https://gscs-b2c.lge.com/open/downloadFile?fileId=8DX3wkvc1dzwuKQ2ZJHdA
LG 일반냉장고,https://www.lge.co.kr/kr/images/refrigerators/md09091859/gallery/medium-interior01.jpg,"880,000원",3등급,37.3,,,507,376,131,"780 × 1,800 × 730",78,샤인,,멀티냉각방식,,트위스트 아이스메이커,https://gscs-b2c.lge.com/open/downloadFile?fileId=6kPLmtrN5Bqc2NNcFLjMg
LG 일반냉장고,https://www.lge.co.kr/kr/images/refrigerators/md09091834/gallery/medium-interior01.jpg,"950,000원",3등급,37.3,,,507,376,131,"780 × 1,800 × 730",78,샤인,,멀티냉각방식,,트위스트 아이스메이커,https://gscs-b2c.lge.com/open/downloadFile?fileId=ZQlC41XMuNSU1PzubeZb3g
LG 일반냉장고 오브제컬렉션,https://www.lge.co.kr/kr/images/refrigerators/md10580828/gallery/medium-interior01.jpg,"550,000원",3등급,34.9,일반 냉장고,2도어,215,161,54,"555 x 1,445 x 637",43,오브제컬렉션 크림 화이트,메탈,멀티냉각방식,X 제공안함,아이스 트레이,https://gscs-b2c.lge.com/open/downloadFile?fileId=dDKdobXaep3sEB3dUC68Q
LG 일반냉장고 오브제컬렉션,https://www.lge.co.kr/kr/images/refrigerators/md10685826/gallery/medium-interior01.jpg,"650,000원",2등급,32.5,일반 냉장고,2도어,264,208,56,"555 x 1,680 x 637",48,오브제컬렉션 베이지,메탈,멀티냉각방식,X 제공안함,아이스 트레이,https://gscs-b2c.lge.com/open/downloadFile?fileId=dDKdobXaep3sEB3dUC68Q
LG 일반냉장고 오브제컬렉션,https://www.lge.co.kr/kr/images/refrigerators/md09323827/gallery/medium-interior01.jpg,"850,000원",1등급,27.8,,,317,238,79,"600 x 1,640 x 710",57,오브제컬렉션 베이지,네이처 (메탈),멀티냉각방식,,O 있음,https://gscs-b2c.lge.com/open/downloadFile?fileId=8DX3wkvc1dzwuKQ2ZJHdA
LG 디오스 오브제컬렉션 일반냉장고,https://www.lge.co.kr/kr/images/refrigerators/md10647826/gallery/medium-interior01.jpg,"880,000원",1등급,27.8,일반 냉장고,2도어,317,238,79,"600 x 1,640 x 710",57,오브제컬렉션 크림 화이트,메탈,멀티냉각방식,O 있음,트위스트 아이스 메이커,https://gscs-b2c.lge.com/open/downloadFile?fileId=8DX3wkvc1dzwuKQ2ZJHdA
LG 일반냉장고 오브제컬렉션,https://www.lge.co.kr/kr/images/refrigerators/md09325827/gallery/medium-interior01.jpg,"880,000원",4등급,30,,,335,256,79,"600 x 1,720 x 710",60,오브제컬렉션 베이지,네이처 (메탈),멀티냉각방식,,O 있음,https://gscs-b2c.lge.com/open/downloadFile?fileId=8DX3wkvc1dzwuKQ2ZJHdA
LG 일반냉장고 오브제컬렉션,https://www.lge.co.kr/kr/images/refrigerators/md10301830/gallery/medium-interior01.jpg,"830,000원",3등급,29.0,일반 냉장고,2도어,461,361,,"700 x 1,845 x 725",70,오브제컬렉션 크림 그레이,메탈,멀티냉각방식,O 있음,트위스트 아이스 메이커,https://gscs-b2c.lge.com/open/downloadFile?fileId=2Pq7PBsmQDhvbDhq60A8Og
LG 일반냉장고 오브제컬렉션,https://www.lge.co.kr/kr/images/refrigerators/md09811829/gallery/medium-interior01.jpg,"980,000원",3등급,37.3,일반 냉장고,2도어,507,376,,"780 x 1,800 x 730",78,네이처 베이지,메탈,멀티냉각방식,O 있음,X 제공안함,
LG 일반냉장고 오브제컬렉션,https://www.lge.co.kr/kr/images/refrigerators/md09811828/gallery/medium-interior01.jpg,"1,050,000원",3등급,37.3,일반 냉장고,2도어,507,376,,"780 x 1,800 x 730",78,오브제컬렉션 베이지,메탈,,O 있음,트위스트 아이스 메이커,https://gscs-b2c.lge.com/open/downloadFile?fileId=ZQlC41XMuNSU1PzubeZb3g
LG 일반냉장고 오브제컬렉션,https://www.lge.co.kr/kr/images/refrigerators/md10590828/gallery/medium-interior01.jpg,"1,240,000원",3등급,39.0,일반 냉장고,2도어,612,428,184,"831 x 1,860 x 741",85,프라임 실버,메탈,멀티냉각방식,O 있음,트위스트 아이스 메이커,https://gscs-b2c.lge.com/open/downloadFile?fileId=OQW3etYEGZEvwhSddY36qw
LG 일반냉장고 오브제컬렉션,https://www.lge.co.kr/kr/images/refrigerators/md10366862/gallery/medium-interior01.jpg,"1,290,000원",2등급,37.0,일반 냉장고,2도어,612,428,184,"831 x 1,860 x 741",85,프라임 실버,메탈,멀티냉각방식,O 있음,트위스트 아이스 메이커,https://gscs-b2c.lge.com/open/downloadFile?fileId=VCfWUjE8d21cjFQgrTXg
LG 프렌치 디오스,https://www.lge.co.kr/kr/images/refrigerators/md10705832/gallery/medium-interior01.jpg,,4등급,70,프리스탠딩,3도어,742,504,238,"908 x 1,785 x 802",118,스테인리스,스테인리스,멀티냉각방식,O 있음,X 제공안함,https://gscs-b2c.lge.com/open/downloadFile?fileId=y38memMspvCAEkeM6rj3tw
LG 프렌치 디오스,https://www.lge.co.kr/kr/images/refrigerators/md10340829/gallery/medium-interior01.jpg,,4등급,70,프리스탠딩,3도어,742,504,238,"908 x 1,785 x 802",125,스테인리스,스테인리스,멀티냉각방식,O 있음,오토 아이스메이커,
LG 프렌치 디오스,https://www.lge.co.kr/kr/images/refrigerators/md10340828/gallery/medium-interior01.jpg,,4등급,77,프리스탠딩,3도어,716,478,238,"908 x 1,785 x 802",126,스테인리스,스테인리스,멀티냉각방식,O 있음,오토 아이스메이커,
LG SIGNATURE 상냉장고,https://www.lge.co.kr/kr/images/refrigerators/md09066826/gallery/medium-interior01.jpg,,1등급,43.7,,,905,570,335,"912 X 1,784 X 929",228,샤이니 유니버스,스테인리스,,O 있음,O (이지) 있음,https://gscs-b2c.lge.com/open/downloadFile?fileId=NVyq4RZJZQjhLxSgEKNPg
[26년형·1대 단독 설치용] 오브제컬렉션 Fit & Max 냉장고 설치키트,https://www.lge.co.kr/kr/images/refrigerators/md10808826/gallery/medium01.jpg,"111,000원",,,페어설치키트,,,,,,0.428,,,,,,
[26년형 포함 2대 연결 설치용] 오브제컬렉션 Fit & Max 냉장고 설치키트,https://www.lge.co.kr/kr/images/refrigerators/md10808827/gallery/medium01.jpg,"111,000원",,,페어설치키트,,,,,,3,,,,,,
LG 디오스 AI 오브제컬렉션 STEM 베이직 냉장고 Fit & Max,https://www.lge.co.kr/kr/images/refrigerators/md10780843/gallery/medium-interior01.jpg,"4,835,000원",1등급,31.6,Fit & Max,4도어,635,382,253,"914 x 1,860 x 709",140,오브제컬렉션 베이지,글라스,멀티냉각방식,O 있음,"오토 아이스메이커, 아이스 트레이",https://gscs-b2c.lge.com/open/downloadFile?fileId=NYAphZ9a82JCSLvQ7MY4Zw
LG 디오스 AI 오브제컬렉션 STEM 베이직 냉장고 Fit & Max,https://www.lge.co.kr/kr/images/refrigerators/md10780840/gallery/medium-interior01.jpg,"4,995,000원",1등급,31.6,Fit & Max,4도어,635,382,253,"914 x 1,860 x 709",142,오브제컬렉션 베이지,글라스,멀티냉각방식,O 있음,"오토 아이스메이커, 아이스 트레이",
LG 디오스 AI 오브제컬렉션 STEM 베이직 냉장고 Fit & Max,https://www.lge.co.kr/kr/images/refrigerators/md10780841/gallery/medium-interior01.jpg,"5,217,000원",1등급,31.6,Fit & Max,4도어,635,382,253,"914 x 1,860 x 709",137,럭스 실버,스테인리스,멀티냉각방식,O 있음,"오토 아이스메이커, 아이스 트레이",https://gscs-b2c.lge.com/open/downloadFile?fileId=NYAphZ9a82JCSLvQ7MY4Zw
LG 디오스 AI 오브제컬렉션 냉장고,https://www.lge.co.kr/kr/images/refrigerators/md10635826/gallery/medium-interior01.jpg,"3,100,000원",1등급,43.7,프리스탠딩,4도어,870,503,367,"914 x 1,860 x 918",155,오브제컬렉션 베이지 / 베이지,글라스,멀티냉각방식,O 있음,아이스 트레이,https://gscs-b2c.lge.com/open/downloadFile?fileId=LuQhmLf8ZMxg8pHShCqA
LG 디오스 오브제컬렉션 베이직 냉장고,https://www.lge.co.kr/kr/images/refrigerators/md10411849/gallery/medium-interior01.jpg,"3,164,000원",2등급,56.8,프리스탠딩,4도어,870,503,367,"914 x 1,860 x 918",138,오브제컬렉션 베이지 / 베이지,글라스,멀티냉각방식,O 있음,아이스 트레이,https://gscs-b2c.lge.com/open/downloadFile?fileId=LuQhmLf8ZMxg8pHShCqA
LG 디오스 AI 오브제컬렉션 냉장고,https://www.lge.co.kr/kr/images/refrigerators/md10634840/gallery/medium-interior01.jpg,"3,520,000원",1등급,43.7,프리스탠딩,4도어,870,503,367,"914 x 1,860 x 918",155,오브제컬렉션 베이지 / 베이지,글라스,멀티냉각방식,O 있음,아이스 트레이,https://gscs-b2c.lge.com/open/downloadFile?fileId=LuQhmLf8ZMxg8pHShCqA
LG 디오스 오브제컬렉션 냉장고 (매직스페이스),https://www.lge.co.kr/kr/images/refrigerators/md10411847/gallery/medium-interior01.jpg,"3,608,000원",1등급,43.7,프리스탠딩,4도어,870,503,367,"914 x 1,860 x 918",156,오브제컬렉션 베이지 / 베이지,글라스,멀티냉각방식,O 있음,아이스 트레이,https://gscs-b2c.lge.com/open/downloadFile?fileId=LuQhmLf8ZMxg8pHShCqA
LG 디오스 오브제컬렉션 STEM 베이직 냉장고 (매직스페이스),https://www.lge.co.kr/kr/images/refrigerators/md10411835/gallery/medium-interior01.jpg,"3,941,000원",1등급,43.3,프리스탠딩,4도어,860,498,362,"914 x 1,860 x 918",161,오브제컬렉션 베이지 / 베이지,글라스,멀티냉각방식,O 있음,"오토 아이스메이커, 아이스 트레이",https://gscs-b2c.lge.com/open/downloadFile?fileId=j2dlBOwBTpkYaNKbPEeCA
LG 디오스 오브제컬렉션 STEM 베이직 냉장고 (노크온 매직스페이스),https://www.lge.co.kr/kr/images/refrigerators/md10411833/gallery/medium-interior01.jpg,"4,052,000원",2등급,56.3,프리스탠딩,4도어,860,498,362,"914 x 1,860 x 918",155,오브제컬렉션 베이지 / 베이지,글라스,멀티냉각방식,O 있음,"오토 아이스메이커, 아이스 트레이",https://gscs-b2c.lge.com/open/downloadFile?fileId=j2dlBOwBTpkYaNKbPEeCA
LG 디오스 오브제컬렉션 STEM 베이직 냉장고 (노크온 매직스페이스),https://www.lge.co.kr/kr/images/refrigerators/md10449865/gallery/medium-interior01.jpg,,2등급,56.3,프리스탠딩,4도어,860,498,362,"914 x 1,860 x 918",155,오브제컬렉션 베이지 / 베이지,글라스,멀티냉각방식,O 있음,"오토 아이스메이커, 아이스 트레이",https://gscs-b2c.lge.com/open/downloadFile?fileId=j2dlBOwBTpkYaNKbPEeCA
LG 디오스 오브제컬렉션 STEM 베이직 냉장고 (매직스페이스),https://www.lge.co.kr/kr/images/refrigerators/md10449868/gallery/medium-interior01.jpg,,1등급,43.3,프리스탠딩,4도어,860,498,362,"914 x 1,860 x 918",161,오브제컬렉션 베이지 / 클레이 브라운,글라스,멀티냉각방식,O 있음,"오토 아이스메이커, 아이스 트레이",https://gscs-b2c.lge.com/open/downloadFile?fileId=j2dlBOwBTpkYaNKbPEeCA
LG 디오스 AI 오브제컬렉션 냉장고,https://www.lge.co.kr/kr/images/refrigerators/md10681841/gallery/medium-interior01.jpg,"3,200,000원",1등급,43.7,프리스탠딩,4도어,870,503,367,"914 x 1,860 x 918",155,오브제컬렉션 베이지 / 베이지,글라스,멀티냉각방식,O 있음,아이스 트레이,https://gscs-b2c.lge.com/open/downloadFile?fileId=LuQhmLf8ZMxg8pHShCqA
LG 디오스 AI 오브제컬렉션 냉장고,https://www.lge.co.kr/kr/images/refrigerators/md10681838/gallery/medium-interior01.jpg,"3,670,000원",1등급,43.7,프리스탠딩,4도어,870,503,367,"914 x 1,860 x 918",155,오브제컬렉션 베이지 / 베이지,글라스,멀티냉각방식,O 있음,X 제공안함,
LG 디오스 AI 오브제컬렉션 냉장고 (매직스페이스),https://www.lge.co.kr/kr/images/refrigerators/md10681835/gallery/medium-interior01.jpg,"3,774,000원",1등급,43.7,프리스탠딩,4도어,870,503,367,"914 x 1,860 x 918",156,오브제컬렉션 베이지 / 베이지,글라스,멀티냉각방식,O 있음,아이스 트레이,
LG 디오스 AI 오브제컬렉션 STEM 베이직 냉장고 (매직스페이스),https://www.lge.co.kr/kr/images/refrigerators/md10681831/gallery/medium-interior01.jpg,"4,010,000원",1등급,43.3,프리스탠딩,4도어,860,498,362,"914 x 1,860 x 918",166,오브제컬렉션 베이지 / 베이지,글라스,멀티냉각방식,O 있음,"오토 아이스메이커, 아이스 트레이",
LG 디오스 AI 오브제컬렉션 STEM 베이직 냉장고 (노크온 매직스페이스),https://www.lge.co.kr/kr/images/refrigerators/md10681829/gallery/medium-interior01.jpg,"4,120,000원",2등급,56.3,프리스탠딩,4도어,860,498,362,"914 x 1,860 x 918",155,오브제컬렉션 베이지 / 베이지,글라스,멀티냉각방식,O 있음,"오토 아이스메이커, 아이스 트레이",https://gscs-b2c.lge.com/open/downloadFile?fileId=j2dlBOwBTpkYaNKbPEeCA
LG 디오스 AI 오브제컬렉션 STEM 얼음정수 냉장고 (양문형),https://www.lge.co.kr/kr/images/refrigerators/md10559843/gallery/medium-interior01.jpg,,2등급,50.0,프리스탠딩,2도어,810,524,286,"913 x 1,790 x 913",128,오브제컬렉션 베이지 베이지,메탈,멀티냉각방식,O 있음,X 제공안함,https://gscs-b2c.lge.com/open/downloadFile?fileId=m7n5HRb3XgGkpkMUGV1ojA
"LG 디오스 AI 오브제컬렉션 STEM 얼음정수 냉장고 (양문형, 매직스페이스)",https://www.lge.co.kr/kr/images/refrigerators/md10559842/gallery/medium-interior01.jpg,,2등급,50.0,프리스탠딩,2도어,810,524,286,"913 x 1,790 x 913",134,오브제컬렉션 베이지 베이지,메탈,멀티냉각방식,O 있음,X 제공안함,https://gscs-b2c.lge.com/open/downloadFile?fileId=m7n5HRb3XgGkpkMUGV1ojA
"LG 디오스 AI 오브제컬렉션 STEM 얼음정수 냉장고 (양문형, 매직스페이스)",https://www.lge.co.kr/kr/images/refrigerators/md10559842/gallery/medium-interior01.jpg,,2등급,50.0,프리스탠딩,2도어,810,524,286,"913 x 1,790 x 913",134,오브제컬렉션 베이지 베이지,메탈,멀티냉각방식,O 있음,X 제공안함,
LG 디오스 오브제컬렉션 STEM 얼음정수 냉장고 (매직스페이스),https://www.lge.co.kr/kr/images/refrigerators/md10449858/gallery/medium-interior01.jpg,,2등급,54.5,프리스탠딩,4도어,820,458,362,"914 x 1,860 x 918",176,오브제컬렉션 베이지 / 베이지,글라스,멀티냉각방식,O 있음,오토 아이스메이커,https://gscs-b2c.lge.com/open/downloadFile?fileId=otHUga2ig4bN1Pyigc1zw
LG 디오스 오브제컬렉션 STEM 얼음정수 냉장고 (노크온 매직스페이스),https://www.lge.co.kr/kr/images/refrigerators/md10409827/gallery/medium-interior01.jpg,,2등급,54.5,프리스탠딩,4도어,820,458,362,"914 x 1,860 x 918",182,오브제컬렉션 베이지 / 베이지,글라스,멀티냉각방식,O 있음,오토 아이스메이커,https://gscs-b2c.lge.com/open/downloadFile?fileId=otHUga2ig4bN1Pyigc1zw
LG 디오스 오브제컬렉션 STEM 얼음정수 냉장고,https://www.lge.co.kr/kr/images/refrigerators/md10449862/gallery/medium-interior01.jpg,,2등급,54.5,프리스탠딩,4도어,820,458,362,"914 x 1,792 x 918",158,오브제컬렉션 베이지 / 베이지,메탈,멀티냉각방식,O 있음,오토 아이스메이커,https://gscs-b2c.lge.com/open/downloadFile?fileId=LjEZy1YwVbNnxxG4nK1w
LG 디오스 오브제컬렉션 STEM 얼음정수 냉장고 (매직스페이스),https://www.lge.co.kr/kr/images/refrigerators/md10411829/gallery/medium-interior01.jpg,,2등급,54.5,프리스탠딩,4도어,820,458,362,"914 x 1,792 x 918",165,오브제컬렉션 베이지 / 베이지,메탈,멀티냉각방식,O 있음,오토 아이스메이커,https://gscs-b2c.lge.com/open/downloadFile?fileId=LjEZy1YwVbNnxxG4nK1w
LG SIGNATURE 얼음정수 냉장고,https://www.lge.co.kr/kr/images/refrigerators/md08044485/gallery/medium-interior01.jpg,,3등급 56.6 kWh/월,3등급 56.6 kWh/월,,,840,505,335,"912 X 1,784 X 929",235kg,샤이니 유니버스,스테인리스,,O 있음,O (오토) 있음,https://gscs-b2c.lge.com/open/downloadFile?fileId=I7KtMBaYqz2cKi6pduRFpQ
LG 모던엣지 냉장고,https://www.lge.co.kr/kr/images/refrigerators/md09091857/gallery/medium-interior01.jpg,"980,000원",1등급,28.8,,,300,201,,"595 X 1,720 X 677",62,샤인,,멀티냉각방식,,O 있음,https://gscs-b2c.lge.com/open/downloadFile?fileId=GJow7imGxpMsNtHlSMWhw
LG 모던엣지 냉장고,https://www.lge.co.kr/kr/images/refrigerators/md10366874/gallery/medium-interior01.jpg,"980,000원",4등급,31.9,프리스탠딩,2도어,344,234,110,"595 x 1,860 x 682",71,몽블랑 네이처,메탈,멀티냉각방식,O 있음,X 제공안함,https://gscs-b2c.lge.com/open/downloadFile?fileId=j6HTy8UONiTXGoIKsJtmmQ
LG SIGNATURE 냉장고,https://www.lge.co.kr/kr/images/refrigerators/md09911826/gallery/medium-interior01.jpg,,3등급,30.3,LG SIGNATURE,,403,291,112,"700 x 1,793 x 735",167,난방향 스테인리스,스테인리스,,O 있음,,
LG 모던엣지 냉장고,https://www.lge.co.kr/kr/images/refrigerators/md10672827/gallery/medium-interior01.jpg,"1,300,000원",3등급,34.9,프리스탠딩,2도어,462,329,133,"705 x 1,850 x 740",84,프라임 실버,메탈,멀티냉각방식,O 있음,트위스트 아이스 메이커,
LG 디오스 오브제컬렉션 냉장고 Fit & Max (본체),https://www.lge.co.kr/kr/images/refrigerators/md10522834/gallery/medium01.jpg,,2등급,32.9,Fit & Max,4도어,504,300,204,"835 x 1,860 x 685",122,패널 선택 필요,,멀티냉각방식,O 있음,아이스 트레이,https://gscs-b2c.lge.com/open/downloadFile?fileId=3qqiH6grIMMQpHIIwB4crw
LG 디오스 오브제컬렉션 냉장고 Fit & Max (본체),https://www.lge.co.kr/kr/images/refrigerators/md10522833/gallery/medium01.jpg,,2등급,32.9,Fit & Max,4도어,504,300,204,"835 x 1,860 x 685",123,패널 선택 필요,,멀티냉각방식,O 있음,트위스트 아이스 메이커,https://gscs-b2c.lge.com/open/downloadFile?fileId=3qqiH6grIMMQpHIIwB4crw
LG 디오스 오브제컬렉션 냉장고 Fit & Max,https://www.lge.co.kr/kr/images/refrigerators/md10555922/gallery/medium-interior01.jpg,"3,450,000원",2등급,32.9,Fit & Max,4도어,504,300,204,"835 x 1,860 x 685",136,오브제컬렉션 베이지 / 베이지,글라스,멀티냉각방식,O 있음,아이스 트레이,https://gscs-b2c.lge.com/open/downloadFile?fileId=3qqiH6grIMMQpHIIwB4crw
LG 디오스 오브제컬렉션 냉장고 Fit & Max,https://www.lge.co.kr/kr/images/refrigerators/md10555932/gallery/medium-interior01.jpg,"3,050,000원",2등급,32.9,Fit & Max,4도어,504,300,204,"835 x 1,860 x 685",133,오브제컬렉션 에센스 화이트 / 에센스 화이트,메탈,멀티냉각방식,O 있음,아이스 트레이,
LG 디오스 오브제컬렉션 냉장고 Fit & Max,https://www.lge.co.kr/kr/images/refrigerators/md10555924/gallery/medium-interior01.jpg,"3,850,000원",2등급,32.9,Fit & Max,4도어,504,300,204,"835 x 1,860 x 685",129,오브제컬렉션 그린 / 실버,스테인리스,멀티냉각방식,O 있음,아이스 트레이,https://gscs-b2c.lge.com/open/downloadFile?fileId=3qqiH6grIMMQpHIIwB4crw
LG 디오스 오브제컬렉션 냉장고 Fit & Max,https://www.lge.co.kr/kr/images/refrigerators/md10555923/gallery/medium-interior01.jpg,"3,850,000원",2등급,32.9,Fit & Max,4도어,504,300,204,"835 x 1,860 x 685",129,오브제컬렉션 실버 / 실버,스톤 (스테인리스),멀티냉각방식,O 있음,아이스 트레이,https://gscs-b2c.lge.com/open/downloadFile?fileId=3qqiH6grIMMQpHIIwB4crw
LG 디오스 AI 오브제컬렉션 냉장고 Fit & Max,https://www.lge.co.kr/kr/images/refrigerators/md10635852/gallery/medium01.jpg,,1등급,29.5,Fit & Max,4도어,609,380,229,"914 x 1,860 x 698",132,패널 선택 필요,,멀티냉각방식,O 있음,트위스트 아이스 메이커,https://gscs-b2c.lge.com/open/downloadFile?fileId=Dcda4GSDyDAzSHJEoaNHAw
LG 디오스 AI 오브제컬렉션 냉장고 Fit & Max,https://www.lge.co.kr/kr/images/refrigerators/md10635849/gallery/medium-interior01.jpg,"4,218,000원",1등급,29.5,Fit & Max,4도어,609,380,229,"914 x 1,860 x 698",146,오브제컬렉션 베이지 / 베이지,글라스,멀티냉각방식,O 있음,트위스트 아이스 메이커,https://gscs-b2c.lge.com/open/downloadFile?fileId=Dcda4GSDyDAzSHJEoaNHAw
LG 디오스 AI 오브제컬렉션 냉장고 Fit & Max,https://www.lge.co.kr/kr/images/refrigerators/md10635853/gallery/medium-interior01.jpg,"3,750,000원",1등급,29.5,Fit & Max,4도어,609,380,229,"914 x 1,860 x 698",144,오브제컬렉션 베이지 / 베이지,글라스,멀티냉각방식,O 있음,아이스 트레이,https://gscs-b2c.lge.com/open/downloadFile?fileId=Dcda4GSDyDAzSHJEoaNHAw
LG 디오스 AI 오브제컬렉션 냉장고 Fit & Max,https://www.lge.co.kr/kr/images/refrigerators/md10635855/gallery/medium-interior01.jpg,"3,350,000원",1등급,29.5,Fit & Max,4도어,609,380,229,"914 x 1,860 x 698",140,오브제컬렉션 에센스 화이트 / 에센스 화이트,메탈,멀티냉각방식,O 있음,아이스 트레이,https://gscs-b2c.lge.com/open/downloadFile?fileId=Dcda4GSDyDAzSHJEoaNHAw
LG 디오스 오브제컬렉션 빌트인 타입 냉장고,https://www.lge.co.kr/kr/images/refrigerators/md09053846/gallery/medium-interior01.jpg,,2등급 39kWh/월,2등급 39kWh/월,,,613,384,229,"914 x 1,860 x 698",142,오브제컬렉션 클레이 브라운 / 베이지,글라스,,O 있음,,
LG 디오스 오브제컬렉션 빌트인 타입 냉장고,https://www.lge.co.kr/kr/images/refrigerators/md09053854/gallery/medium-interior01.jpg,,2등급 39kWh/월,2등급 39kWh/월,,,613,384,229,"914 x 1,860 x 698",138,오브제컬렉션 그레이 / 블랙,메탈,,O 있음,,https://gscs-b2c.lge.com/open/downloadFile?fileId=wUJir3fhRlzj52rmIVSOA
LG 디오스 오브제컬렉션 냉장고 Fit & Max (본체),https://www.lge.co.kr/kr/images/refrigerators/md10540850/gallery/medium01.jpg,,2등급,38.0,Fit & Max,4도어,613,384,229,"914 x 1,860 x 698",129,패널 선택 필요,,멀티냉각방식,O 있음,아이스 트레이,
LG 디오스 오브제컬렉션 냉장고 Fit & Max (본체),https://www.lge.co.kr/kr/images/refrigerators/md10558849/gallery/medium01.jpg,,2등급,38.0,Fit & Max,4도어,613,384,229,"914 x 1,860 x 698",130,패널 선택 필요,,멀티냉각방식,O 있음,트위스트 아이스 메이커,https://gscs-b2c.lge.com/open/downloadFile?fileId=Dcda4GSDyDAzSHJEoaNHAw
LG 디오스 오브제컬렉션 STEM 베이직 냉장고 Fit & Max (본체),https://www.lge.co.kr/kr/images/refrigerators/md10528827/gallery/medium01.jpg,,2등급,38.0,Fit & Max,4도어,601,378,223,"914 x 1,860 x 698",132,패널 선택 필요,,멀티냉각방식,O 있음,트위스트 아이스 메이커,https://gscs-b2c.lge.com/open/downloadFile?fileId=kd8hv78XA2gbcGZLcpnA
"LG 디오스 오브제컬렉션 냉장고 Fit & Max (노크온, 본체)",https://www.lge.co.kr/kr/images/refrigerators/md10540833/gallery/medium01.jpg,,2등급,38.0,Fit & Max,4도어,613,384,229,"914 x 1,860 x 698",141,패널 선택 필요,,멀티냉각방식,O 있음,트위스트 아이스 메이커,https://gscs-b2c.lge.com/open/downloadFile?fileId=Dcda4GSDyDAzSHJEoaNHAw
"LG 디오스 오브제컬렉션 STEM 베이직 냉장고 Fit & Max (노크온, 본체)",https://www.lge.co.kr/kr/images/refrigerators/md10528826/gallery/medium01.jpg,,2등급,38.0,Fit & Max,4도어,601,378,223,"914 x 1,860 x 698",141,패널 선택 필요,,멀티냉각방식,O 있음,"오토 아이스메이커, 트위스트 아이스 메이커",https://gscs-b2c.lge.com/open/downloadFile?fileId=kd8hv78XA2gbcGZLcpnA
LG 디오스 오브제컬렉션 냉장고 Fit & Max,https://www.lge.co.kr/kr/images/refrigerators/md10555893/gallery/medium-interior01.jpg,,2등급,38.0,Fit & Max,4도어,613,384,229,"914 x 1,860 x 698",143,오브제컬렉션 베이지 / 베이지,글라스,멀티냉각방식,O 있음,아이스 트레이,https://gscs-b2c.lge.com/open/downloadFile?fileId=Dcda4GSDyDAzSHJEoaNHAw
LG 디오스 오브제컬렉션 냉장고 Fit & Max,https://www.lge.co.kr/kr/images/refrigerators/md10555893/gallery/medium-interior01.jpg,"3,600,000원",2등급,38.0,Fit & Max,4도어,613,384,229,"914 x 1,860 x 698",143,오브제컬렉션 베이지 / 베이지,글라스,멀티냉각방식,O 있음,아이스 트레이,https://gscs-b2c.lge.com/open/downloadFile?fileId=Dcda4GSDyDAzSHJEoaNHAw
LG 디오스 오브제컬렉션 냉장고 Fit & Max,https://www.lge.co.kr/kr/images/refrigerators/md10558853/gallery/medium-interior01.jpg,"4,052,000원",2등급,38.0,Fit & Max,4도어,613,384,229,"914 x 1,860 x 698",144,오브제컬렉션 베이지 / 베이지,글라스,멀티냉각방식,O 있음,트위스트 아이스 메이커,https://gscs-b2c.lge.com/open/downloadFile?fileId=Dcda4GSDyDAzSHJEoaNHAw
LG 디오스 오브제컬렉션 냉장고 Fit & Max,https://www.lge.co.kr/kr/images/refrigerators/md10558853/gallery/medium-interior01.jpg,"4,052,000원",2등급,38.0,Fit & Max,4도어,613,384,229,"914 x 1,860 x 698",144,오브제컬렉션 베이지 / 베이지,글라스,멀티냉각방식,O 있음,트위스트 아이스 메이커,https://gscs-b2c.lge.com/open/downloadFile?fileId=Dcda4GSDyDAzSHJEoaNHAw
LG 디오스 오브제컬렉션 STEM 베이직 냉장고 Fit & Max,https://www.lge.co.kr/kr/images/refrigerators/md10540832/gallery/medium-interior01.jpg,"4,050,000원",2등급,38.0,Fit & Max,4도어,601,378,223,"914 x 1,860 x 698",146,오브제컬렉션 베이지 / 베이지,글라스,멀티냉각방식,O 있음,"오토 아이스메이커, 트위스트 아이스 메이커",https://gscs-b2c.lge.com/open/downloadFile?fileId=kd8hv78XA2gbcGZLcpnA
LG 디오스 오브제컬렉션 STEM 베이직 냉장고 Fit & Max,https://www.lge.co.kr/kr/images/refrigerators/md10555840/gallery/medium-interior01.jpg,,2등급,38.0,Fit & Max,4도어,601,378,223,"914 x 1,860 x 698",146,오브제컬렉션 베이지 / 베이지,글라스,멀티냉각방식,O 있음,"오토 아이스메이커, 트위스트 아이스 메이커",https://gscs-b2c.lge.com/open/downloadFile?fileId=kd8hv78XA2gbcGZLcpnA
LG 디오스 오브제컬렉션 냉장고 Fit & Max (노크온),https://www.lge.co.kr/kr/images/refrigerators/md10555877/gallery/medium-interior01.jpg,"4,440,000원",2등급,38.0,Fit & Max,4도어,613,384,229,"914 x 1,860 x 698",151,오브제컬렉션 베이지 / 베이지,글라스,멀티냉각방식,O 있음,트위스트 아이스 메이커,https://gscs-b2c.lge.com/open/downloadFile?fileId=Dcda4GSDyDAzSHJEoaNHAw
LG 디오스 오브제컬렉션 STEM 베이직 냉장고 Fit & Max (노크온),https://www.lge.co.kr/kr/images/refrigerators/md10516831/gallery/medium-interior01.jpg,"4,773,000원",2등급,38.0,Fit & Max,4도어,601,378,223,"914 x 1,860 x 698",147,오브제컬렉션 베이지 / 베이지,글라스,멀티냉각방식,O 있음,"오토 아이스메이커, 트위스트 아이스 메이커",https://gscs-b2c.lge.com/open/downloadFile?fileId=kd8hv78XA2gbcGZLcpnA
LG 디오스 오브제컬렉션 STEM 베이직 냉장고 Fit & Max (노크온),https://www.lge.co.kr/kr/images/refrigerators/md10553840/gallery/medium-interior01.jpg,,2등급,38.0,Fit & Max,4도어,601,378,223,"914 x 1,860 x 698",151,오브제컬렉션 베이지 / 베이지,글라스,멀티냉각방식,O 있음,"오토 아이스메이커, 트위스트 아이스 메이커",https://gscs-b2c.lge.com/open/downloadFile?fileId=kd8hv78XA2gbcGZLcpnA
LG 디오스 오브제컬렉션 STEM 베이직 냉장고 Fit & Max,https://www.lge.co.kr/kr/images/refrigerators/md10555865/gallery/medium-interior01.jpg,,2등급,38.0,Fit & Max,4도어,601,378,223,"914 x 1,860 x 698",143,오브제컬렉션 네이비 / 에센스 화이트,메탈,멀티냉각방식,O 있음,트위스트 아이스 메이커,https://gscs-b2c.lge.com/open/downloadFile?fileId=kd8hv78XA2gbcGZLcpnA
LG 디오스 오브제컬렉션 냉장고 Fit & Max,https://www.lge.co.kr/kr/images/refrigerators/md10555900/gallery/medium-interior01.jpg,"3,200,000원",2등급,38.0,Fit & Max,4도어,613,384,229,"914 x 1,860 x 698",140,오브제컬렉션 에센스 화이트 / 에센스 화이트,메탈,멀티냉각방식,O 있음,아이스 트레이,https://gscs-b2c.lge.com/open/downloadFile?fileId=Dcda4GSDyDAzSHJEoaNHAw
LG 디오스 오브제컬렉션 냉장고 Fit & Max,https://www.lge.co.kr/kr/images/refrigerators/md10558862/gallery/medium-interior01.jpg,"3,608,000원",2등급,38.0,Fit & Max,4도어,613,384,229,"914 x 1,860 x 698",141,오브제컬렉션 에센스 화이트 / 에센스 화이트,메탈,멀티냉각방식,O 있음,트위스트 아이스 메이커,
LG 디오스 오브제컬렉션 STEM 베이직 냉장고 Fit & Max,https://www.lge.co.kr/kr/images/refrigerators/md10555875/gallery/medium-interior01.jpg,"3,650,000원",2등급,38.0,Fit & Max,4도어,601,378,223,"914 x 1,860 x 698",143,오브제컬렉션 에센스 화이트 / 에센스 화이트,메탈,멀티냉각방식,O 있음,트위스트 아이스 메이커,https://gscs-b2c.lge.com/open/downloadFile?fileId=kd8hv78XA2gbcGZLcpnA
LG 디오스 오브제컬렉션 냉장고 Fit & Max (노크온),https://www.lge.co.kr/kr/images/refrigerators/md10555887/gallery/medium-interior01.jpg,"4,107,000원",2등급,38.0,Fit & Max,4도어,613,384,229,"914 x 1,860 x 698",148,오브제컬렉션 에센스 화이트 / 에센스 화이트,메탈,멀티냉각방식,O 있음,트위스트 아이스 메이커,https://gscs-b2c.lge.com/open/downloadFile?fileId=Dcda4GSDyDAzSHJEoaNHAw
LG 디오스 오브제컬렉션 STEM 베이직 냉장고 Fit & Max (노크온),https://www.lge.co.kr/kr/images/refrigerators/md10553852/gallery/medium-interior01.jpg,"4,400,000원",2등급,38.0,Fit & Max,4도어,601,378,223,"914 x 1,860 x 698",148,오브제컬렉션 에센스 화이트 / 에센스 화이트,메탈,멀티냉각방식,O 있음,"오토 아이스메이커, 트위스트 아이스 메이커",https://gscs-b2c.lge.com/open/downloadFile?fileId=kd8hv78XA2gbcGZLcpnA
LG 디오스 오브제컬렉션 STEM 베이직 냉장고 Fit & Max (노크온),https://www.lge.co.kr/kr/images/refrigerators/md10553851/gallery/medium-interior01.jpg,,2등급,38.0,Fit & Max,4도어,601,378,223,"914 x 1,860 x 698",148,오브제컬렉션 에센스 화이트 / 에센스 화이트,메탈,멀티냉각방식,O 있음,"오토 아이스메이커, 트위스트 아이스 메이커",https://gscs-b2c.lge.com/open/downloadFile?fileId=kd8hv78XA2gbcGZLcpnA
LG 디오스 오브제컬렉션 냉장고 Fit & Max,https://www.lge.co.kr/kr/images/refrigerators/md10555891/gallery/medium-interior01.jpg,"4,000,000원",2등급,38.0,Fit & Max,4도어,613,384,229,"914 x 1,860 x 698",140,오브제컬렉션 그린 / 실버,스테인리스,멀티냉각방식,O 있음,아이스 트레이,https://gscs-b2c.lge.com/open/downloadFile?fileId=Dcda4GSDyDAzSHJEoaNHAw
LG 디오스 오브제컬렉션 냉장고 Fit & Max,https://www.lge.co.kr/kr/images/refrigerators/md10558851/gallery/medium-interior01.jpg,"4,496,000원",2등급,38.0,Fit & Max,4도어,613,384,229,"914 x 1,860 x 698",141,오브제컬렉션 그린 / 실버,스테인리스,멀티냉각방식,O 있음,트위스트 아이스 메이커,
LG 디오스 오브제컬렉션 STEM 베이직 냉장고 Fit & Max,https://www.lge.co.kr/kr/images/refrigerators/md10555867/gallery/medium-interior01.jpg,"4,450,000원",2등급,38.0,Fit & Max,4도어,601,378,223,"914 x 1,860 x 698",143,오브제컬렉션 그린 / 실버,스테인리스,멀티냉각방식,O 있음,트위스트 아이스 메이커,
LG 디오스 오브제컬렉션 STEM 베이직 냉장고 Fit & Max,https://www.lge.co.kr/kr/images/refrigerators/md10555844/gallery/medium-interior01.jpg,,2등급,38.0,Fit & Max,4도어,601,378,223,"914 x 1,860 x 698",143,오브제컬렉션 그린 / 실버,스테인리스,멀티냉각방식,O 있음,트위스트 아이스 메이커,https://gscs-b2c.lge.com/open/downloadFile?fileId=kd8hv78XA2gbcGZLcpnA
LG 디오스 오브제컬렉션 냉장고 Fit & Max (노크온),https://www.lge.co.kr/kr/images/refrigerators/md10555879/gallery/medium-interior01.jpg,"4,773,000원",2등급,38.0,Fit & Max,4도어,613,384,229,"914 x 1,860 x 698",148,오브제컬렉션 그린 / 실버,스테인리스,멀티냉각방식,O 있음,트위스트 아이스 메이커,https://gscs-b2c.lge.com/open/downloadFile?fileId=Dcda4GSDyDAzSHJEoaNHAw
LG 디오스 오브제컬렉션 STEM 베이직 냉장고 Fit & Max (노크온),https://www.lge.co.kr/kr/images/refrigerators/md10553836/gallery/medium-interior01.jpg,"5,050,000원",2등급,38.0,Fit & Max,4도어,601,378,223,"914 x 1,860 x 698",148,오브제컬렉션 그린 / 실버,스테인리스,멀티냉각방식,O 있음,"오토 아이스메이커, 트위스트 아이스 메이커",https://gscs-b2c.lge.com/open/downloadFile?fileId=kd8hv78XA2gbcGZLcpnA
LG 디오스 오브제컬렉션 STEM 베이직 냉장고 Fit & Max (노크온),https://www.lge.co.kr/kr/images/refrigerators/md10553837/gallery/medium-interior01.jpg,,2등급,38.0,Fit & Max,4도어,601,378,223,"914 x 1,860 x 698",148,오브제컬렉션 그린 / 실버,스테인리스,멀티냉각방식,O 있음,"오토 아이스메이커, 트위스트 아이스 메이커",https://gscs-b2c.lge.com/open/downloadFile?fileId=kd8hv78XA2gbcGZLcpnA
LG 디오스 오브제컬렉션 냉장고 Fit & Max,https://www.lge.co.kr/kr/images/refrigerators/md10555890/gallery/medium-interior01.jpg,"4,000,000원",2등급,38.0,Fit & Max,4도어,613,384,229,"914 x 1,860 x 698",140,오브제컬렉션 실버 / 실버,스톤 (스테인리스),멀티냉각방식,O 있음,아이스 트레이,https://gscs-b2c.lge.com/open/downloadFile?fileId=Dcda4GSDyDAzSHJEoaNHAw
LG 디오스 오브제컬렉션 냉장고 Fit & Max,https://www.lge.co.kr/kr/images/refrigerators/md10558850/gallery/medium-interior01.jpg,"4,496,000원",2등급,38.0,Fit & Max,4도어,613,384,229,"914 x 1,860 x 698",141,오브제컬렉션 실버 / 실버,스톤 (스테인리스),멀티냉각방식,O 있음,트위스트 아이스 메이커,https://gscs-b2c.lge.com/open/downloadFile?fileId=Dcda4GSDyDAzSHJEoaNHAw
LG 디오스 오브제컬렉션 STEM 베이직 냉장고 Fit & Max,https://www.lge.co.kr/kr/images/refrigerators/md10555866/gallery/medium-interior01.jpg,"4,450,000원",2등급,38.0,Fit & Max,4도어,601,378,223,"914 x 1,860 x 698",143,오브제컬렉션 실버 / 실버,스톤 (스테인리스),멀티냉각방식,O 있음,트위스트 아이스 메이커,https://gscs-b2c.lge.com/open/downloadFile?fileId=kd8hv78XA2gbcGZLcpnA
LG 디오스 오브제컬렉션 STEM 베이직 냉장고 Fit & Max,https://www.lge.co.kr/kr/images/refrigerators/md10555841/gallery/medium-interior01.jpg,,2등급,38.0,Fit & Max,4도어,601,378,223,"914 x 1,860 x 698",143,오브제컬렉션 실버 / 실버,스테인리스,멀티냉각방식,O 있음,트위스트 아이스 메이커,
LG 디오스 오브제컬렉션 냉장고 Fit & Max (노크온),https://www.lge.co.kr/kr/images/refrigerators/md10555878/gallery/medium-interior01.jpg,"4,773,000원",2등급,38.0,Fit & Max,4도어,613,384,229,"914 x 1,860 x 698",143,오브제컬렉션 실버 / 실버,스톤 (스테인리스),멀티냉각방식,O 있음,트위스트 아이스 메이커,https://gscs-b2c.lge.com/open/downloadFile?fileId=Dcda4GSDyDAzSHJEoaNHAw
LG 디오스 오브제컬렉션 STEM 베이직 냉장고 Fit & Max (노크온),https://www.lge.co.kr/kr/images/refrigerators/md10553834/gallery/medium-interior01.jpg,"5,106,000원",2등급,38.0,Fit & Max,4도어,601,378,223,"914 x 1,860 x 698",148,오브제컬렉션 실버 / 실버,스톤 (스테인리스),멀티냉각방식,O 있음,"오토 아이스메이커, 트위스트 아이스 메이커",
LG 디오스 오브제컬렉션 STEM 베이직 냉장고 Fit & Max (노크온),https://www.lge.co.kr/kr/images/refrigerators/md10553835/gallery/medium-interior01.jpg,,2등급,38.0,Fit & Max,4도어,601,378,223,"914 x 1,860 x 698",148,오브제컬렉션 실버 / 실버,스톤 (스테인리스),멀티냉각방식,O 있음,"오토 아이스메이커, 트위스트 아이스 메이커",https://gscs-b2c.lge.com/open/downloadFile?fileId=kd8hv78XA2gbcGZLcpnA
LG 디오스 오브제컬렉션 STEM 베이직 냉장고 (매직스페이스),https://www.lge.co.kr/kr/images/refrigerators/md10315849/gallery/medium-interior01.jpg,,1등급,43.3,프리스탠딩,4도어,858,496,362,"914 x 1,860 x 918",166,오브제컬렉션 그린 실버,스테인리스,멀티냉각방식,O 있음,X 제공안함,https://gscs-b2c.lge.com/open/downloadFile?fileId=c9BG8ZgHNHO67vkfL4UOA
LG 디오스 오브제컬렉션 STEM 베이직 냉장고 (본체),https://www.lge.co.kr/kr/images/refrigerators/md10364848/gallery/medium01.jpg,,1등급,41.5,프리스탠딩,4도어,857,497,360,"914 x 1,860 x 918",152,패널 선택 필요,,멀티냉각방식,O 있음,듀얼 오토 아이스메이커,https://gscs-b2c.lge.com/open/downloadFile?fileId=hdGrsMWBUO5EpHWkPlbQ
LG 디오스 오브제컬렉션 STEM 베이직 냉장고 (더블매직스페이스),https://www.lge.co.kr/kr/images/refrigerators/md10390893/gallery/medium-interior01.jpg,"4,607,000원",2등급,56.2,프리스탠딩,4도어,854,494,360,"914 x 1,860 x 918",166,오브제컬렉션 크림 화이트 / 크림 화이트,메탈,멀티냉각방식,O 있음,듀얼 오토 아이스메이커,https://gscs-b2c.lge.com/open/downloadFile?fileId=zh6tQZHE0xnC65VkEMAERw
LG 디오스 오브제컬렉션 STEM 베이직 냉장고 (더블매직스페이스),https://www.lge.co.kr/kr/images/refrigerators/md10419855/gallery/medium-interior01.jpg,,2등급,56.2,프리스탠딩,4도어,854,494,360,"914 x 1,860 x 918",166,오브제컬렉션 크림 화이트 / 크림 화이트,메탈,멀티냉각방식,O 있음,듀얼 오토 아이스메이커,https://gscs-b2c.lge.com/open/downloadFile?fileId=zh6tQZHE0xnC65VkEMAERw
LG 디오스 오브제컬렉션 STEM 베이직 냉장고 (더블매직스페이스),https://www.lge.co.kr/kr/images/refrigerators/md10419848/gallery/medium-interior01.jpg,,2등급,56.2,프리스탠딩,4도어,854,494,360,"914 x 1,860 x 918",166,오브제컬렉션 클레이핑크 / 실버,스톤 (스테인리스),멀티냉각방식,O 있음,듀얼 오토 아이스메이커,https://gscs-b2c.lge.com/open/downloadFile?fileId=zh6tQZHE0xnC65VkEMAERw
LG 디오스 오브제컬렉션 STEM 베이직 냉장고 (더블매직스페이스),https://www.lge.co.kr/kr/images/refrigerators/md10390885/gallery/medium-interior01.jpg,"5,495,000원",2등급,56.2,프리스탠딩,4도어,854,494,360,"914 x 1,860 x 918",166,오브제컬렉션 실버 / 실버,스톤 (스테인리스),멀티냉각방식,O 있음,듀얼 오토 아이스메이커,
"LG 디오스 AI 오브제컬렉션 STEM 베이직 냉장고 (매직스페이스,본체)",https://www.lge.co.kr/kr/images/refrigerators/md10604867/gallery/medium01.jpg,,1등급,43.1,프리스탠딩,4도어,854,494,360,"914 x 1,860 x 918",160,패널 선택 필요,,멀티냉각방식,O 있음,듀얼 오토 아이스메이커,https://gscs-b2c.lge.com/open/downloadFile?fileId=wMFijiG46FLdqMbvv6Rgrg
"LG 디오스 AI 오브제컬렉션 냉장고 (더블매직스페이스, 본체)",https://www.lge.co.kr/kr/images/refrigerators/md10604869/gallery/medium01.jpg,,1등급,43.0,프리스탠딩,4도어,871,504,367,"914 x 1,860 x 918",158,패널 선택 필요,,멀티냉각방식,O 있음,이지 아이스메이커,https://gscs-b2c.lge.com/open/downloadFile?fileId=dQbWntI8yekzEcptSzr1w
"LG 디오스 AI 오브제컬렉션 STEM 베이직 냉장고 (노크온 더블매직스페이스, 본체)",https://www.lge.co.kr/kr/images/refrigerators/md10604856/gallery/medium01.jpg,,2등급,56.2,프리스탠딩,4도어,854,494,360,"914 x 1,860 x 918",163,패널 선택 필요,,멀티냉각방식,O 있음,듀얼 오토 아이스메이커,https://gscs-b2c.lge.com/open/downloadFile?fileId=yLNSDptcX3Xf8dXDs9Ul1Q
LG 디오스 AI 오브제컬렉션 냉장고 (매직스페이스),https://www.lge.co.kr/kr/images/refrigerators/md10615853/gallery/medium-interior01.jpg,"4,620,000원",1등급,43.0,프리스탠딩,4도어,871,504,367,"914 x 1,860 x 918",165,오브제컬렉션 베이지 / 베이지,글라스,멀티냉각방식,O 있음,이지 아이스메이커,https://gscs-b2c.lge.com/open/downloadFile?fileId=dQbWntI8yekzEcptSzr1w
LG 디오스 오브제컬렉션 STEM 베이직 냉장고 (매직스페이스),https://www.lge.co.kr/kr/images/refrigerators/md10604868/gallery/medium-interior01.jpg,"4,550,000원",1등급,43.1,프리스탠딩,4도어,854,494,360,"914 x 1,860 x 918",173,오브제컬렉션 베이지 / 베이지,글라스,멀티냉각방식,O 있음,듀얼 오토 아이스메이커,https://gscs-b2c.lge.com/open/downloadFile?fileId=wMFijiG46FLdqMbvv6Rgrg
LG 디오스 AI 오브제컬렉션 STEM 베이직 냉장고 (매직스페이스),https://www.lge.co.kr/kr/images/refrigerators/md10604868/gallery/medium-interior01.jpg,,1등급,43.1,프리스탠딩,4도어,854,494,360,"914 x 1,860 x 918",173,오브제컬렉션 베이지 / 베이지,글라스,멀티냉각방식,O 있음,듀얼 오토 아이스메이커,https://gscs-b2c.lge.com/open/downloadFile?fileId=wMFijiG46FLdqMbvv6Rgrg
LG 디오스 AI 오브제컬렉션 STEM 베이직 냉장고 (매직스페이스),https://www.lge.co.kr/kr/images/refrigerators/md10604864/gallery/medium-interior01.jpg,"5,217,000원",1등급,43.1,프리스탠딩,4도어,854,494,360,"914 x 1,860 x 918",180,오브제컬렉션 베이지 / 베이지,글라스,멀티냉각방식,O 있음,듀얼 오토 아이스메이커,https://gscs-b2c.lge.com/open/downloadFile?fileId=yLNSDptcX3Xf8dXDs9Ul1Q
LG 디오스 AI 오브제컬렉션 STEM 베이직 냉장고 (매직스페이스),https://www.lge.co.kr/kr/images/refrigerators/md10604864/gallery/medium-interior01.jpg,,1등급,43.1,프리스탠딩,4도어,854,494,360,"914 x 1,860 x 918",180,오브제컬렉션 베이지 / 베이지,글라스,멀티냉각방식,O 있음,듀얼 오토 아이스메이커,https://gscs-b2c.lge.com/open/downloadFile?fileId=yLNSDptcX3Xf8dXDs9Ul1Q
LG 디오스 AI 오브제컬렉션 냉장고 (더블매직스페이스),https://www.lge.co.kr/kr/images/refrigerators/md10604870/gallery/medium-interior01.jpg,"4,884,000원",1등급,43.0,프리스탠딩,4도어,871,504,367,"914 x 1,860 x 918",171,오브제컬렉션 베이지 / 베이지,글라스,멀티냉각방식,O 있음,이지 아이스메이커,https://gscs-b2c.lge.com/open/downloadFile?fileId=dQbWntI8yekzEcptSzr1w
LG 디오스 AI 오브제컬렉션 STEM 베이직 냉장고 (더블매직스페이스),https://www.lge.co.kr/kr/images/refrigerators/md10604862/gallery/medium-interior01.jpg,"5,160,000원",2등급,56.2,프리스탠딩,4도어,854,494,360,"914 x 1,860 x 918",168,오브제컬렉션 베이지 / 베이지,글라스,멀티냉각방식,O 있음,듀얼 오토 아이스메이커,https://gscs-b2c.lge.com/open/downloadFile?fileId=yLNSDptcX3Xf8dXDs9Ul1Q
LG 디오스 AI 오브제컬렉션 STEM 베이직 냉장고 (더블매직스페이스),https://www.lge.co.kr/kr/images/refrigerators/md10604862/gallery/medium-interior01.jpg,,2등급,56.2,프리스탠딩,4도어,854,494,360,"914 x 1,860 x 918",168,오브제컬렉션 베이지 / 베이지,글라스,멀티냉각방식,O 있음,듀얼 오토 아이스메이커,https://gscs-b2c.lge.com/open/downloadFile?fileId=yLNSDptcX3Xf8dXDs9Ul1Q
LG 디오스 AI 오브제컬렉션 냉장고 (노크온 매직스페이스),https://www.lge.co.kr/kr/images/refrigerators/md10615849/gallery/medium-interior01.jpg,"5,051,000원",1등급,43.8,프리스탠딩,4도어,871,504,367,"914 x 1,860 x 918",175,오브제컬렉션 베이지 / 베이지,글라스,멀티냉각방식,O 있음,이지 아이스메이커,https://gscs-b2c.lge.com/open/downloadFile?fileId=dQbWntI8yekzEcptSzr1w
LG 디오스 AI 오브제컬렉션 STEM 베이직 냉장고 (노크온 매직스페이스),https://www.lge.co.kr/kr/images/refrigerators/md10604859/gallery/medium-interior01.jpg,"5,220,000원",2등급,56.2,프리스탠딩,4도어,854,494,360,"914 x 1,860 x 918",170,오브제컬렉션 베이지 / 베이지,글라스,멀티냉각방식,O 있음,듀얼 오토 아이스메이커,https://gscs-b2c.lge.com/open/downloadFile?fileId=FEf6a8LeGia7KCuV3XUokw
LG 디오스 AI 오브제컬렉션 STEM 베이직 냉장고 (노크온 매직스페이스),https://www.lge.co.kr/kr/images/refrigerators/md10604859/gallery/medium-interior01.jpg,,2등급,56.2,프리스탠딩,4도어,854,494,360,"914 x 1,860 x 918",170,오브제컬렉션 베이지 / 베이지,글라스,멀티냉각방식,O 있음,듀얼 오토 아이스메이커,
LG 디오스 AI 오브제컬렉션 STEM 베이직 냉장고 (노크온 더블매직스페이스),https://www.lge.co.kr/kr/images/refrigerators/md10604857/gallery/medium-interior01.jpg,"5,606,000원",2등급,56.2,프리스탠딩,4도어,854,494,360,"914 x 1,860 x 918",173,오브제컬렉션 베이지 / 베이지,글라스,멀티냉각방식,O 있음,듀얼 오토 아이스메이커,
LG 디오스 AI 오브제컬렉션 STEM 베이직 냉장고 (노크온 더블매직스페이스),https://www.lge.co.kr/kr/images/refrigerators/md10604857/gallery/medium-interior01.jpg,,2등급,56.2,프리스탠딩,4도어,854,494,360,"914 x 1,860 x 918",173,오브제컬렉션 베이지 / 베이지,글라스,멀티냉각방식,O 있음,듀얼 오토 아이스메이커,https://gscs-b2c.lge.com/open/downloadFile?fileId=yLNSDptcX3Xf8dXDs9Ul1Q
LG 디오스 오브제컬렉션 STEM 베이직 냉장고 (매직스페이스),https://www.lge.co.kr/kr/images/refrigerators/md10617827/gallery/medium-interior01.jpg,"4,550,000원",1등급,43.1,프리스탠딩,4도어,854,494,360,"914 x 1,860 x 918",173,오브제컬렉션 토프 / 아몬드,글라스,멀티냉각방식,O 있음,듀얼 오토 아이스메이커,https://gscs-b2c.lge.com/open/downloadFile?fileId=wMFijiG46FLdqMbvv6Rgrg
LG 디오스 AI 오브제컬렉션 STEM 베이직 냉장고 (매직스페이스),https://www.lge.co.kr/kr/images/refrigerators/md10634835/gallery/medium-interior01.jpg,,1등급,43.1,프리스탠딩,4도어,854,494,360,"914 x 1,860 x 918",173,오브제컬렉션 토프 / 아몬드,글라스,멀티냉각방식,O 있음,듀얼 오토 아이스메이커,https://gscs-b2c.lge.com/open/downloadFile?fileId=wMFijiG46FLdqMbvv6Rgrg
LG 디오스 AI 오브제컬렉션 냉장고 (매직스페이스),https://www.lge.co.kr/kr/images/refrigerators/md10617831/gallery/medium-interior01.jpg,"4,400,000원",2등급,55.8,프리스탠딩,4도어,871,504,367,"914 x 1,860 x 918",155,오브제컬렉션 토프 / 토프,글라스,멀티냉각방식,O 있음,이지 아이스메이커,https://gscs-b2c.lge.com/open/downloadFile?fileId=dQbWntI8yekzEcptSzr1w
LG 디오스 AI 오브제컬렉션 냉장고 (매직스페이스),https://www.lge.co.kr/kr/images/refrigerators/md10604876/gallery/medium-interior01.jpg,"3,960,000원",2등급,55.8,프리스탠딩,4도어,871,504,367,"914 x 1,860 x 918",151,오브제컬렉션 에센스 화이트 / 에센스 화이트,메탈,멀티냉각방식,O 있음,이지 아이스메이커,https://gscs-b2c.lge.com/open/downloadFile?fileId=dQbWntI8yekzEcptSzr1w
LG 디오스 오브제컬렉션 STEM 베이직 냉장고 (매직스페이스),https://www.lge.co.kr/kr/images/refrigerators/md10617830/gallery/medium-interior01.jpg,"4,150,000원",1등급,43.1,프리스탠딩,4도어,854,494,360,"914 x 1,860 x 918",169,오브제컬렉션 에센스 화이트 / 에센스 화이트,메탈,멀티냉각방식,O 있음,듀얼 오토 아이스메이커,
LG 디오스 AI 오브제컬렉션 STEM 베이직 냉장고 (노크온 더블매직스페이스),https://www.lge.co.kr/kr/images/refrigerators/md10623831/gallery/medium-interior01.jpg,"5,273,000원",2등급,56.2,프리스탠딩,4도어,854,494,360,"914 x 1,860 x 918",170,오브제컬렉션 에센스 화이트 / 에센스 화이트,메탈,멀티냉각방식,O 있음,듀얼 오토 아이스메이커,https://gscs-b2c.lge.com/open/downloadFile?fileId=yLNSDptcX3Xf8dXDs9Ul1Q
LG 디오스 AI 오브제컬렉션 STEM 베이직 냉장고 (노크온 더블매직스페이스),https://www.lge.co.kr/kr/images/refrigerators/md10623831/gallery/medium-interior01.jpg,,2등급,56.2,프리스탠딩,4도어,854,494,360,"914 x 1,860 x 918",170,오브제컬렉션 에센스 화이트 / 에센스 화이트,메탈,멀티냉각방식,O 있음,듀얼 오토 아이스메이커,https://gscs-b2c.lge.com/open/downloadFile?fileId=yLNSDptcX3Xf8dXDs9Ul1Q
LG 디오스 AI 오브제컬렉션 STEM 베이직 냉장고 (노크온 더블매직스페이스),https://www.lge.co.kr/kr/images/refrigerators/md10623826/gallery/medium-interior01.jpg,"5,880,000원",2등급,56.2,프리스탠딩,4도어,854,494,360,"914 x 1,860 x 918",170,오브제컬렉션 실버 / 실버,스톤 (스테인리스),멀티냉각방식,O 있음,듀얼 오토 아이스메이커,
LG 디오스 AI 오브제컬렉션 STEM 베이직 냉장고 (노크온 더블매직스페이스),https://www.lge.co.kr/kr/images/refrigerators/md10623826/gallery/medium-interior01.jpg,,2등급,56.2,프리스탠딩,4도어,854,494,360,"914 x 1,860 x 918",170,오브제컬렉션 실버 / 실버,메탈,멀티냉각방식,O 있음,듀얼 오토 아이스메이커,https://gscs-b2c.lge.com/open/downloadFile?fileId=yLNSDptcX3Xf8dXDs9Ul1Q
[25년형·1대 단독 전용] 오브제컬렉션 Fit & Max 냉장고 설치키트,https://www.lge.co.kr/kr/images/refrigerators/md10540851/gallery/medium01.jpg,"111,000원",,,페어설치키트,,,,,,0.386,,,,,,
[25년형·2대 페어용] 오브제컬렉션 Fit & Max 냉장고 설치키트,https://www.lge.co.kr/kr/images/refrigerators/md10540852/gallery/medium01.jpg,"111,000원",,,페어설치키트,,,,,,3.14,,,,,,
[컨버터블 2대 페어용] 오브제컬렉션 Fit & Max 냉장고 설치키트,https://www.lge.co.kr/kr/images/refrigerators/md10540853/gallery/medium01.jpg,"111,000원",,,페어설치키트,,,,,,2.6,,,,,,
[컨버터블 3대 페어용] 오브제컬렉션 Fit & Max 냉장고 설치키트,https://www.lge.co.kr/kr/images/refrigerators/md10756829/gallery/medium01.jpg,"200,000원",,,,,,,,,,,,,,,
LG 모던엣지 AI 오브제컬렉션 Fit & Max,https://www.lge.co.kr/kr/images/refrigerators/md10733832/gallery/medium-interior01.jpg,,3등급,26.3,Fit & Max,2도어,333,220,113,"597 x 1,860 x 674",72,오브제컬렉션 베이지 / 베이지,메탈,멀티냉각방식,O 있음,X 제공안함,https://gscs-b2c.lge.com/open/downloadFile?fileId=ddXa6vLY0ryt658qnfwtQ
LG 모던엣지 AI 오브제컬렉션 Fit & Max,https://www.lge.co.kr/kr/images/refrigerators/md10727826/gallery/medium-interior01.jpg,"1,350,000원",3등급,26.3,Fit & Max,2도어,333,220,113,"597 x 1,860 x 674",72,오브제컬렉션 베이지 / 베이지,메탈,멀티냉각방식,O 있음,아이스 트레이,https://gscs-b2c.lge.com/open/downloadFile?fileId=sddysVSPxucALBU6Mlf7YQ
LG 모던엣지 냉장고 오브제컬렉션,https://www.lge.co.kr/kr/images/refrigerators/md09165827/gallery/medium-interior01.jpg,"1,550,000원",3등급,25.5,빌트인 타입,2도어,344,234,110,"595 x 1,860 x 676",84,오브제컬렉션 베이지,글라스,멀티냉각방식,O 있음,X 제공안함,https://gscs-b2c.lge.com/open/downloadFile?fileId=BsuHDIiPHAt5tI4w0gQsnQ
LG 모던엣지 냉장고 오브제컬렉션,https://www.lge.co.kr/kr/images/refrigerators/md09165827/gallery/medium-interior01.jpg,"1,550,000원",3등급,25.5,,,344,234,110,"595 x 1,860 x 676",84,오브제컬렉션 베이지,미스트 (글라스),멀티냉각방식,,,https://gscs-b2c.lge.com/open/downloadFile?fileId=BsuHDIiPHAt5tI4w0gQsnQ
LG 모던엣지 냉장고 오브제컬렉션,https://www.lge.co.kr/kr/images/refrigerators/md09164830/gallery/medium-interior01.jpg,"1,499,000원",3등급,25.5,빌트인 타입,2도어,344,234,110,"595 x 1,860 x 676",84,오브제컬렉션 베이지,미스트 (글라스),멀티냉각방식,O 있음,X 제공안함,
LG 모던엣지 냉장고 오브제컬렉션 노크온,https://www.lge.co.kr/kr/images/refrigerators/md10207841/gallery/medium-interior01.jpg,"2,000,000원",3등급,27.1,빌트인 타입,2도어,349,239,110,"595 x 1,860 x 676",100,오브제컬렉션 클레이 브라운,글라스,멀티냉각방식,O 있음,아이스 트레이 & 버킷,
LG 모던엣지 냉장고 오브제컬렉션,https://www.lge.co.kr/kr/images/refrigerators/md10118826/gallery/medium-interior01.jpg,"1,208,000원",3등급,25.5,빌트인 타입,2도어,344,234,,"595 x 1,860 x 676",75,오브제컬렉션 베이지 / 베이지,메탈,멀티냉각방식,O 있음,"아이스 트레이, X",
LG 모던엣지 냉장고 오브제컬렉션,https://www.lge.co.kr/kr/images/refrigerators/md10117827/gallery/medium-interior01.jpg,"1,190,000원",3등급,25.5,빌트인 타입,2도어,344,234,,"595 x 1,860 x 676",75,프라임 실버,메탈,멀티냉각방식,X 제공안함,X 제공안함,https://gscs-b2c.lge.com/open/downloadFile?fileId=BsuHDIiPHAt5tI4w0gQsnQ
LG 모던엣지 AI 오브제컬렉션 Fit & Max,https://www.lge.co.kr/kr/images/refrigerators/md10715828/gallery/medium-interior01.jpg,"1,868,000원",1등급,19.4,Fit & Max,2도어,412,273,139,"697 x 1,860 x 696",96,오브제컬렉션 베이지 / 베이지,메탈,멀티냉각방식,O 있음,트위스트 아이스 메이커,https://gscs-b2c.lge.com/open/downloadFile?fileId=sddysVSPxucALBU6Mlf7YQ
LG 모던엣지 AI 오브제컬렉션 Fit & Max,https://www.lge.co.kr/kr/images/refrigerators/md10775831/gallery/medium-interior01.jpg,,3등급,27.9,Fit & Max,2도어,412,273,139,"697 x 1,860 x 696",78,오브제컬렉션 에센스화이트,메탈,멀티냉각방식,O 있음,아이스 트레이,https://gscs-b2c.lge.com/open/downloadFile?fileId=sddysVSPxucALBU6Mlf7YQ
LG 모던엣지 AI 오브제컬렉션 Fit & Max,https://www.lge.co.kr/kr/images/refrigerators/md10715830/gallery/medium-interior01.jpg,"1,450,000원",3등급,27.9,Fit & Max,2도어,412,273,139,"697 x 1,860 x 696",79,오브제컬렉션 에센스화이트,메탈,멀티냉각방식,O 있음,트위스트 아이스 메이커,https://gscs-b2c.lge.com/open/downloadFile?fileId=sddysVSPxucALBU6Mlf7YQ
LG 디오스 오브제컬렉션 STEM 베이직 냉장고 Fit & Max + LG 디오스 오브제컬렉션 김치톡톡 Fit & Max,https://www.lge.co.kr/kr/images/refrigerators/md10642834/gallery/medium01.jpg,"7,992,000원",2등급,38.0,Fit & Max,4도어,601,378,223,"914 x 1,860 x 698",146,오브제컬렉션 아몬드 / 토프,글라스,멀티냉각방식,O 있음,트위스트 아이스 메이커,
LG 디오스 오브제컬렉션 STEM 베이직 냉장고 Fit & Max (노크온) + LG 디오스 오브제컬렉션 김치톡톡 Fit & Max,https://www.lge.co.kr/kr/images/refrigerators/md10642832/gallery/medium01.jpg,"8,381,000원",2등급,38.0,Fit & Max,4도어,601,378,223,"914 x 1,860 x 698",151,오브제컬렉션 아몬드 / 토프,글라스,멀티냉각방식,O 있음,"오토 아이스메이커, 트위스트 아이스 메이커",https://gscs-b2c.lge.com/open/downloadFile?fileId=kd8hv78XA2gbcGZLcpnA
LG 디오스 오브제컬렉션 STEM 베이직 냉장고 Fit & Max + LG 디오스 오브제컬렉션 김치톡톡,https://www.lge.co.kr/kr/images/refrigerators/md10574844/gallery/medium01.jpg,"7,810,000원",2등급,38.0,Fit & Max,4도어,601,378,223,"914 x 1,860 x 698",146,오브제컬렉션 베이지 / 베이지,글라스,멀티냉각방식,O 있음,"오토 아이스메이커, 트위스트 아이스 메이커",https://gscs-b2c.lge.com/open/downloadFile?fileId=kd8hv78XA2gbcGZLcpnA
LG 디오스 오브제컬렉션 STEM 베이직 냉장고 Fit & Max + LG 디오스 오브제컬렉션 김치톡톡 Fit & Max,https://www.lge.co.kr/kr/images/refrigerators/md10571828/gallery/medium01.jpg,"7,992,000원",2등급,38.0,Fit & Max,4도어,601,378,223,"914 x 1,860 x 698",146,오브제컬렉션 베이지 / 베이지,글라스,멀티냉각방식,O 있음,"오토 아이스메이커, 트위스트 아이스 메이커",https://gscs-b2c.lge.com/open/downloadFile?fileId=kd8hv78XA2gbcGZLcpnA
LG 디오스 오브제컬렉션 STEM 베이직 냉장고 Fit & Max (노크온) + LG 디오스 오브제컬렉션 김치톡톡 Fit & Max,https://www.lge.co.kr/kr/images/refrigerators/md10571827/gallery/medium01.jpg,"8,381,000원",2등급,38.0,Fit & Max,4도어,601,378,223,"914 x 1,860 x 698",151,오브제컬렉션 베이지 / 베이지,글라스,멀티냉각방식,O 있음,"오토 아이스메이커, 트위스트 아이스 메이커",https://gscs-b2c.lge.com/open/downloadFile?fileId=kd8hv78XA2gbcGZLcpnA
LG 디오스 오브제컬렉션 STEM 베이직 냉장고 Fit & Max + LG 디오스 오브제컬렉션 김치톡톡 Fit & Max,https://www.lge.co.kr/kr/images/refrigerators/md10642833/gallery/medium01.jpg,"7,992,000원",2등급,38.0,Fit & Max,4도어,601,378,223,"914 x 1,860 x 698",146,오브제컬렉션 토프 / 아몬드,글라스,멀티냉각방식,O 있음,트위스트 아이스 메이커,https://gscs-b2c.lge.com/open/downloadFile?fileId=kd8hv78XA2gbcGZLcpnA
LG 디오스 오브제컬렉션 STEM 베이직 냉장고 Fit & Max (노크온) + LG 디오스 오브제컬렉션 김치톡톡 Fit & Max,https://www.lge.co.kr/kr/images/refrigerators/md10642831/gallery/medium01.jpg,"8,381,000원",2등급,38.0,Fit & Max,4도어,601,378,223,"914 x 1,860 x 698",151,오브제컬렉션 토프 / 아몬드,글라스,멀티냉각방식,O 있음,"오토 아이스메이커, 트위스트 아이스 메이커",
LG 디오스 오브제컬렉션 STEM 베이직 냉장고 Fit & Max + LG 디오스 오브제컬렉션 김치톡톡 Fit & Max,https://www.lge.co.kr/kr/images/refrigerators/md10574842/gallery/medium01.jpg,"8,714,000원",2등급,38.0,Fit & Max,4도어,601,378,223,"914 x 1,860 x 698",143,오브제컬렉션 실버 / 실버,스테인리스,멀티냉각방식,O 있음,트위스트 아이스 메이커,
LG 디오스 오브제컬렉션 STEM 베이직 냉장고 Fit & Max (노크온) + LG 디오스 오브제컬렉션 김치톡톡 Fit & Max,https://www.lge.co.kr/kr/images/refrigerators/md10574841/gallery/medium01.jpg,"8,991,000원",2등급,38.0,Fit & Max,4도어,601,378,223,"914 x 1,860 x 698",148,오브제컬렉션 실버 / 실버,스톤 (스테인리스),멀티냉각방식,O 있음,"오토 아이스메이커, 트위스트 아이스 메이커",https://gscs-b2c.lge.com/open/downloadFile?fileId=kd8hv78XA2gbcGZLcpnA
LG 디오스 오브제컬렉션 냉장고 Fit & Max + LG 디오스 오브제컬렉션 김치톡톡 Fit & Max,https://www.lge.co.kr/kr/images/refrigerators/md10642841/gallery/medium01.jpg,"7,659,000원",2등급,38.0,Fit & Max,4도어,613,384,229,"914 x 1,860 x 698",143,오브제컬렉션 아몬드 / 토프,글라스,멀티냉각방식,O 있음,아이스 트레이,
LG 디오스 오브제컬렉션 냉장고 Fit & Max + LG 디오스 오브제컬렉션 김치톡톡 Fit & Max,https://www.lge.co.kr/kr/images/refrigerators/md10642838/gallery/medium01.jpg,"7,659,000원",2등급,38.0,Fit & Max,4도어,613,384,229,"914 x 1,860 x 698",144,오브제컬렉션 아몬드 / 토프,글라스,멀티냉각방식,O 있음,트위스트 아이스 메이커,
LG 디오스 오브제컬렉션 냉장고 Fit & Max (노크온) + LG 디오스 오브제컬렉션 김치톡톡 Fit & Max,https://www.lge.co.kr/kr/images/refrigerators/md10642836/gallery/medium01.jpg,"8,048,000원",2등급,38.0,Fit & Max,4도어,613,384,229,"914 x 1,860 x 698",151,오브제컬렉션 아몬드 / 토프,글라스,멀티냉각방식,O 있음,트위스트 아이스 메이커,https://gscs-b2c.lge.com/open/downloadFile?fileId=Dcda4GSDyDAzSHJEoaNHAw
LG 디오스 오브제컬렉션 냉장고 Fit & Max + LG 디오스 오브제컬렉션 김치톡톡 Fit & Max,https://www.lge.co.kr/kr/images/refrigerators/md10642839/gallery/medium01.jpg,"7,659,000원",2등급,38.0,Fit & Max,4도어,613,384,229,"914 x 1,860 x 698",143,오브제컬렉션 베이지 / 베이지,글라스,멀티냉각방식,O 있음,아이스 트레이,https://gscs-b2c.lge.com/open/downloadFile?fileId=Dcda4GSDyDAzSHJEoaNHAw
LG 디오스 오브제컬렉션 냉장고 Fit & Max + LG 디오스 오브제컬렉션 김치톡톡(본체),https://www.lge.co.kr/kr/images/refrigerators/md10574845/gallery/medium01.jpg,"7,480,000원",2등급,38.0,Fit & Max,4도어,613,384,229,"914 x 1,860 x 698",144,오브제컬렉션 베이지 / 베이지,글라스,멀티냉각방식,O 있음,트위스트 아이스 메이커,https://gscs-b2c.lge.com/open/downloadFile?fileId=Dcda4GSDyDAzSHJEoaNHAw
LG 디오스 오브제컬렉션 냉장고 Fit & Max + LG 디오스 오브제컬렉션 김치톡톡 Fit & Max,https://www.lge.co.kr/kr/images/refrigerators/md10600855/gallery/medium01.jpg,"7,659,000원",2등급,38.0,Fit & Max,4도어,613,384,229,"914 x 1,860 x 698",144,오브제컬렉션 베이지 / 베이지,글라스,멀티냉각방식,O 있음,트위스트 아이스 메이커,https://gscs-b2c.lge.com/open/downloadFile?fileId=Dcda4GSDyDAzSHJEoaNHAw
LG 디오스 오브제컬렉션 냉장고 Fit & Max (노크온) + LG 디오스 오브제컬렉션 김치톡톡 Fit & Max,https://www.lge.co.kr/kr/images/refrigerators/md10600854/gallery/medium01.jpg,"8,048,000원",2등급,38.0,Fit & Max,4도어,613,384,229,"914 x 1,860 x 698",151,오브제컬렉션 베이지 / 베이지,글라스,멀티냉각방식,O 있음,트위스트 아이스 메이커,https://gscs-b2c.lge.com/open/downloadFile?fileId=Dcda4GSDyDAzSHJEoaNHAw
LG 디오스 오브제컬렉션 냉장고 Fit & Max + LG 디오스 오브제컬렉션 김치톡톡 Fit & Max,https://www.lge.co.kr/kr/images/refrigerators/md10642840/gallery/medium01.jpg,"7,659,000원",2등급,38.0,Fit & Max,4도어,613,384,229,"914 x 1,860 x 698",143,오브제컬렉션 토프 / 아몬드,글라스,멀티냉각방식,O 있음,아이스 트레이,
LG 디오스 오브제컬렉션 냉장고 Fit & Max + LG 디오스 오브제컬렉션 김치톡톡 Fit & Max,https://www.lge.co.kr/kr/images/refrigerators/md10642837/gallery/medium01.jpg,"7,659,000원",2등급,38.0,Fit & Max,4도어,613,384,229,"914 x 1,860 x 698",144,오브제컬렉션 토프 / 아몬드,글라스,멀티냉각방식,O 있음,트위스트 아이스 메이커,https://gscs-b2c.lge.com/open/downloadFile?fileId=Dcda4GSDyDAzSHJEoaNHAw
LG 디오스 오브제컬렉션 냉장고 Fit & Max (노크온) + LG 디오스 오브제컬렉션 김치톡톡 Fit & Max,https://www.lge.co.kr/kr/images/refrigerators/md10642835/gallery/medium01.jpg,"8,048,000원",2등급,38.0,Fit & Max,4도어,613,384,229,"914 x 1,860 x 698",151,오브제컬렉션 토프 / 아몬드,글라스,멀티냉각방식,O 있음,트위스트 아이스 메이커,https://gscs-b2c.lge.com/open/downloadFile?fileId=Dcda4GSDyDAzSHJEoaNHAw
LG 디오스 오브제컬렉션 냉장고 Fit & Max + LG 디오스 오브제컬렉션 김치톡톡 Fit & Max,https://www.lge.co.kr/kr/images/refrigerators/md10587832/gallery/medium01.jpg,"5,900,000원",2등급,32.9,Fit & Max,4도어,504,300,204,"835 x 1,860 x 685",136,오브제컬렉션 베이지 / 베이지,글라스,멀티냉각방식,O 있음,아이스 트레이,https://gscs-b2c.lge.com/open/downloadFile?fileId=3qqiH6grIMMQpHIIwB4crw
LG 디오스 오브제컬렉션 냉장고 Fit & Max + LG 디오스 오브제컬렉션 김치톡톡 Fit & Max,https://www.lge.co.kr/kr/images/refrigerators/md10574848/gallery/medium01.jpg,"5,300,000원",2등급,32.9,Fit & Max,4도어,504,300,204,"835 x 1,860 x 685",133,오브제컬렉션 에센스 화이트 / 에센스 화이트,메탈,멀티냉각방식,O 있음,아이스 트레이,https://gscs-b2c.lge.com/open/downloadFile?fileId=3qqiH6grIMMQpHIIwB4crw
LG 디오스 오브제컬렉션 STEM 베이직 냉장고 Fit & Max + LG 디오스 오브제컬렉션 김치톡톡 Fit & Max,https://www.lge.co.kr/kr/images/refrigerators/md10642843/gallery/medium01.jpg,"7,382,000원",2등급,38.0,Fit & Max,4도어,601,378,223,"914 x 1,860 x 698",146,오브제컬렉션 베이지 / 베이지,글라스,멀티냉각방식,O 있음,"오토 아이스메이커, 트위스트 아이스 메이커",https://gscs-b2c.lge.com/open/downloadFile?fileId=kd8hv78XA2gbcGZLcpnA
LG 디오스 오브제컬렉션 STEM 베이직 냉장고 Fit & Max (노크온) + LG 디오스 오브제컬렉션 김치톡톡 Fit & Max,https://www.lge.co.kr/kr/images/refrigerators/md10642842/gallery/medium01.jpg,"7,770,000원",2등급,38.0,Fit & Max,4도어,601,378,223,"914 x 1,860 x 698",147,오브제컬렉션 베이지 / 베이지,글라스,멀티냉각방식,O 있음,"오토 아이스메이커, 트위스트 아이스 메이커",
LG 디오스 오브제컬렉션 냉장고 Fit & Max + LG 디오스 오브제컬렉션 김치톡톡 Fit & Max,https://www.lge.co.kr/kr/images/refrigerators/md10642846/gallery/medium01.jpg,"7,049,000원",2등급,38.0,Fit & Max,4도어,613,384,229,"914 x 1,860 x 698",143,오브제컬렉션 베이지 / 베이지,글라스,멀티냉각방식,O 있음,아이스 트레이,https://gscs-b2c.lge.com/open/downloadFile?fileId=Dcda4GSDyDAzSHJEoaNHAw
LG 디오스 오브제컬렉션 냉장고 Fit & Max + LG 디오스 오브제컬렉션 김치톡톡 Fit & Max,https://www.lge.co.kr/kr/images/refrigerators/md10642845/gallery/medium01.jpg,"7,049,000원",2등급,38.0,Fit & Max,4도어,613,384,229,"914 x 1,860 x 698",144,오브제컬렉션 베이지 / 베이지,글라스,멀티냉각방식,O 있음,트위스트 아이스 메이커,https://gscs-b2c.lge.com/open/downloadFile?fileId=Dcda4GSDyDAzSHJEoaNHAw
LG 디오스 오브제컬렉션 냉장고 Fit & Max (노크온) + LG 디오스 오브제컬렉션 김치톡톡 Fit & Max,https://www.lge.co.kr/kr/images/refrigerators/md10642844/gallery/medium01.jpg,"7,437,000원",2등급,38.0,Fit & Max,4도어,613,384,229,"914 x 1,860 x 698",151,오브제컬렉션 베이지 / 베이지,글라스,멀티냉각방식,O 있음,트위스트 아이스 메이커,https://gscs-b2c.lge.com/open/downloadFile?fileId=Dcda4GSDyDAzSHJEoaNHAw
LG 디오스 오브제컬렉션 냉장고 Fit & Max + LG 디오스 오브제컬렉션 김치톡톡 Fit & Max,https://www.lge.co.kr/kr/images/refrigerators/md10642847/gallery/medium01.jpg,"7,049,000원",2등급,38.0,Fit & Max,4도어,613,384,229,"914 x 1,860 x 698",143,오브제컬렉션 토프 / 아몬드,글라스,멀티냉각방식,O 있음,아이스 트레이,https://gscs-b2c.lge.com/open/downloadFile?fileId=Dcda4GSDyDAzSHJEoaNHAw
LG 디오스 오브제컬렉션 냉장고 Fit & Max + LG 디오스 오브제컬렉션 김치톡톡 Fit & Max,https://www.lge.co.kr/kr/images/refrigerators/md10574846/gallery/medium01.jpg,"6,300,000원",2등급,32.9,Fit & Max,4도어,504,300,204,"835 x 1,860 x 685",136,오브제컬렉션 베이지 / 베이지,글라스,멀티냉각방식,O 있음,아이스 트레이,https://gscs-b2c.lge.com/open/downloadFile?fileId=3qqiH6grIMMQpHIIwB4crw
LG 디오스 오브제컬렉션 냉장고 Fit & Max + LG 디오스 오브제컬렉션 김치톡톡 Fit & Max,https://www.lge.co.kr/kr/images/refrigerators/md10574847/gallery/medium01.jpg,"6,200,000원",2등급,32.9,Fit & Max,4도어,504,300,204,"835 x 1,860 x 685",136,오브제컬렉션 토프 / 아몬드,글라스,멀티냉각방식,O 있음,아이스 트레이,https://gscs-b2c.lge.com/open/downloadFile?fileId=3qqiH6grIMMQpHIIwB4crw
"LG 디오스 AI 오브제컬렉션 냉장고 (양문형, 매직스페이스)",https://www.lge.co.kr/kr/images/refrigerators/md10559867/gallery/medium-interior01.jpg,"2,720,000원",3등급,52.5,프리스탠딩,2도어,652,413,239,"913 x 1,790 x 735",117,오브제컬렉션 베이지 / 베이지,글라스,멀티냉각방식,O 있음,무빙 도어 아이스메이커,
"LG 디오스 AI 오브제컬렉션 냉장고 (양문형, 매직스페이스)",https://www.lge.co.kr/kr/images/refrigerators/md10559868/gallery/medium-interior01.jpg,"2,150,000원",3등급,52.5,프리스탠딩,2도어,652,413,239,"913 x 1,790 x 735",113,오브제컬렉션 에센스 화이트 / 에센스 화이트,메탈,멀티냉각방식,O 있음,무빙 도어 아이스메이커,
LG 디오스 AI 오브제컬렉션 냉장고 (양문형),https://www.lge.co.kr/kr/images/refrigerators/md10559870/gallery/medium-interior01.jpg,"1,600,000원",3등급,52.5,프리스탠딩,2도어,661,421,240,"913 x 1,790 x 735",101,프라임 실버,메탈,멀티냉각방식,O 있음,X 제공안함,https://gscs-b2c.lge.com/open/downloadFile?fileId=e00FChgWxxEwQYKHzDntRA
LG 디오스 AI 오브제컬렉션 냉장고 (양문형),https://www.lge.co.kr/kr/images/refrigerators/md10559869/gallery/medium-interior01.jpg,"1,900,000원",3등급,52.5,프리스탠딩,2도어,652,413,239,"913 x 1,790 x 735",108,프라임 실버,메탈,멀티냉각방식,O 있음,무빙 도어 아이스메이커,https://gscs-b2c.lge.com/open/downloadFile?fileId=khFdukaNknYj63k7BczIw
LG 디오스 오브제컬렉션 매직스페이스 냉장고,https://www.lge.co.kr/kr/images/refrigerators/md09084835/gallery/medium-interior01.jpg,"2,553,000원",2등급,46.7,,,832,524,308,"913 x 1,790 x 913",137,오브제컬렉션 베이지 / 베이지,미스트 (글라스),,O 있음,O (무빙 도어) 있음,https://gscs-b2c.lge.com/open/downloadFile?fileId=fyN8Fmbfo9ACt8EsWzImmg
"LG 디오스 AI 오브제컬렉션 냉장고 (양문형, 매직스페이스)",https://www.lge.co.kr/kr/images/refrigerators/md10635830/gallery/medium-interior01.jpg,"2,250,000원",1등급,40.2,프리스탠딩,2도어,832,524,308,"913 x 1,790 x 913",145,오브제컬렉션 베이지 베이지,메탈,멀티냉각방식,O 있음,무빙 도어 아이스메이커,https://gscs-b2c.lge.com/open/downloadFile?fileId=fyN8Fmbfo9ACt8EsWzImmg
"LG 디오스 AI 오브제컬렉션 냉장고 (양문형, 매직스페이스)",https://www.lge.co.kr/kr/images/refrigerators/md10635828/gallery/medium-interior01.jpg,"2,609,000원",1등급,40.2,프리스탠딩,2도어,832,524,308,"913 x 1,790 x 913",145,오브제컬렉션 베이지 베이지,메탈,멀티냉각방식,O 있음,무빙 도어 아이스메이커,https://gscs-b2c.lge.com/open/downloadFile?fileId=fyN8Fmbfo9ACt8EsWzImmg
LG 디오스 AI 오브제컬렉션 냉장고 (양문형),https://www.lge.co.kr/kr/images/refrigerators/md10635834/gallery/medium-interior01.jpg,"2,050,000원",1등급,40.2,프리스탠딩,2도어,832,524,308,"913 x 1,790 x 913",139,클레이 민트 / 베이지,메탈,멀티냉각방식,O 있음,무빙 도어 아이스메이커,
"LG 디오스 AI 오브제컬렉션 냉장고 (양문형, 매직스페이스)",https://www.lge.co.kr/kr/images/refrigerators/md10559848/gallery/medium-interior01.jpg,"2,250,000원",2등급,51.5,프리스탠딩,2도어,832,524,308,"913 x 1,790 x 913",132,오브제컬렉션 베이지 / 베이지,글라스,멀티냉각방식,O 있음,무빙 도어 아이스메이커,https://gscs-b2c.lge.com/open/downloadFile?fileId=ligy9hfMumSaMBuWNZFGrA
"LG 디오스 AI 오브제컬렉션 냉장고 (양문형, 매직스페이스)",https://www.lge.co.kr/kr/images/refrigerators/md10559847/gallery/medium-interior01.jpg,"2,350,000원",2등급,51.5,프리스탠딩,2도어,832,524,308,"913 x 1,790 x 913",132,오브제컬렉션 베이지 / 베이지,글라스,멀티냉각방식,O 있음,무빙 도어 아이스메이커,https://gscs-b2c.lge.com/open/downloadFile?fileId=ligy9hfMumSaMBuWNZFGrA
"LG 디오스 AI 오브제컬렉션 냉장고 (양문형, 매직스페이스)",https://www.lge.co.kr/kr/images/refrigerators/md10559846/gallery/medium-interior01.jpg,"2,720,000원",2등급,51.5,프리스탠딩,2도어,832,524,308,"913 x 1,790 x 913",132,오브제컬렉션 베이지 / 베이지,글라스,멀티냉각방식,O 있음,무빙 도어 아이스메이커,
"LG 디오스 AI 오브제컬렉션 STEM 베이직 냉장고 (양문형, 매직스페이스)",https://www.lge.co.kr/kr/images/refrigerators/md10741830/gallery/medium-interior01.jpg,"2,460,000원",2등급,51.8,프리스탠딩,2도어,827,524,303,"913 x 1,790 x 913",134,오브제컬렉션 베이지 / 베이지,글라스,멀티냉각방식,O 있음,오토 아이스메이커,https://gscs-b2c.lge.com/open/downloadFile?fileId=GvHc3SwDCDn55YmZZcWoBg
"LG 디오스 AI 오브제컬렉션 STEM 베이직 냉장고 (양문형, 매직스페이스)",https://www.lge.co.kr/kr/images/refrigerators/md10741829/gallery/medium-interior01.jpg,"2,831,000원",2등급,51.8,프리스탠딩,2도어,827,524,303,"913 x 1,790 x 913",134,오브제컬렉션 베이지 / 베이지,글라스,멀티냉각방식,O 있음,오토 아이스메이커,https://gscs-b2c.lge.com/open/downloadFile?fileId=GvHc3SwDCDn55YmZZcWoBg
LG 디오스 AI 오브제컬렉션 냉장고 (양문형),https://www.lge.co.kr/kr/images/refrigerators/md10559863/gallery/medium-interior01.jpg,"1,750,000원",2등급,49.0,프리스탠딩,2도어,832,524,308,"913 x 1,790 x 913",120,오브제컬렉션 베이지 / 베이지,메탈,멀티냉각방식,O 있음,무빙 도어 아이스메이커,https://gscs-b2c.lge.com/open/downloadFile?fileId=ligy9hfMumSaMBuWNZFGrA
"LG 디오스 AI 오브제컬렉션 냉장고 (양문형, 매직스페이스)",https://www.lge.co.kr/kr/images/refrigerators/md10559852/gallery/medium-interior01.jpg,"1,950,000원",2등급,51.5,프리스탠딩,2도어,832,524,308,"913 x 1,790 x 913",126,오브제컬렉션 베이지 베이지,메탈,멀티냉각방식,O 있음,무빙 도어 아이스메이커,https://gscs-b2c.lge.com/open/downloadFile?fileId=ligy9hfMumSaMBuWNZFGrA
LG 디오스 AI 오브제컬렉션 냉장고 (양문형),https://www.lge.co.kr/kr/images/refrigerators/md10559866/gallery/medium-interior01.jpg,"1,700,000원",2등급,49.0,프리스탠딩,2도어,832,524,308,"913 x 1,790 x 913",118,오브제컬렉션 에센스 화이트 / 에센스 화이트,메탈,멀티냉각방식,O 있음,무빙 도어 아이스메이커,https://gscs-b2c.lge.com/open/downloadFile?fileId=ligy9hfMumSaMBuWNZFGrA
"LG 디오스 AI 오브제컬렉션 냉장고 (양문형, 매직스페이스)",https://www.lge.co.kr/kr/images/refrigerators/md10559849/gallery/medium-interior01.jpg,"2,387,000원",2등급,51.5,프리스탠딩,2도어,832,524,308,"913 x 1,790 x 913",126,오브제컬렉션 에센스 화이트 / 에센스 화이트,메탈,멀티냉각방식,O 있음,무빙 도어 아이스메이커,https://gscs-b2c.lge.com/open/downloadFile?fileId=ligy9hfMumSaMBuWNZFGrA
"LG 디오스 AI 오브제컬렉션 STEM 베이직 냉장고 (양문형, 매직스페이스)",https://www.lge.co.kr/kr/images/refrigerators/md10741831/gallery/medium-interior01.jpg,"2,060,000원",2등급,51.8,프리스탠딩,2도어,827,524,303,"913 x 1,790 x 913",128,오브제컬렉션 에센스 화이트 / 에센스 화이트,메탈,멀티냉각방식,O 있음,오토 아이스메이커,https://gscs-b2c.lge.com/open/downloadFile?fileId=GvHc3SwDCDn55YmZZcWoBg
"LG 디오스 AI 오브제컬렉션 냉장고 (양문형, 매직스페이스)",https://www.lge.co.kr/kr/images/refrigerators/md10559853/gallery/medium-interior01.jpg,"1,900,000원",2등급,51.5,프리스탠딩,2도어,832,524,308,"913 x 1,790 x 913",124,오브제컬렉션 크림 그레이 / 에센스 화이트,메탈,멀티냉각방식,O 있음,무빙 도어 아이스메이커,https://gscs-b2c.lge.com/open/downloadFile?fileId=ligy9hfMumSaMBuWNZFGrA
LG 디오스 AI 오브제컬렉션 냉장고 (양문형),https://www.lge.co.kr/kr/images/refrigerators/md10559859/gallery/medium-interior01.jpg,"1,850,000원",2등급,49.0,프리스탠딩,2도어,832,524,308,"913 x 1,790 x 913",120,클레이 민트 / 베이지,메탈,멀티냉각방식,O 있음,무빙 도어 아이스메이커,https://gscs-b2c.lge.com/open/downloadFile?fileId=ligy9hfMumSaMBuWNZFGrA
LG 디오스 오브제컬렉션 냉장고 (매직스페이스),https://www.lge.co.kr/kr/images/refrigerators/md09322826/gallery/medium-interior02.jpg,"2,750,000원",1등급,43.7,프리스탠딩,4도어,870,503,367,"914 x 1,787 x 918",146,오브제컬렉션 베이지 / 베이지,메탈,멀티냉각방식,O 있음,아이스 트레이,https://gscs-b2c.lge.com/open/downloadFile?fileId=a8sdGu0vrerKMqWmu5nkQ
LG 디오스 AI 오브제컬렉션 베이직 냉장고,https://www.lge.co.kr/kr/images/refrigerators/md10645840/gallery/medium-interior01.jpg,"2,650,000원",1등급,43.7,프리스탠딩,4도어,870,503,367,"914 x 1,787 x 918",145,오브제컬렉션 베이지 / 베이지,메탈,멀티냉각방식,O 있음,아이스 트레이,https://gscs-b2c.lge.com/open/downloadFile?fileId=LuQhmLf8ZMxg8pHShCqA
LG 디오스 오브제컬렉션 베이직 냉장고,https://www.lge.co.kr/kr/images/refrigerators/md10414838/gallery/medium-interior01.jpg,"2,500,000원",2등급,56.8,프리스탠딩,4도어,870,503,367,"914 x 1,787 x 918",125,오브제컬렉션 베이지 / 베이지,메탈,멀티냉각방식,O 있음,아이스 트레이,https://gscs-b2c.lge.com/open/downloadFile?fileId=LuQhmLf8ZMxg8pHShCqA
LG 디오스 AI 오브제컬렉션 STEM 베이직 냉장고,https://www.lge.co.kr/kr/images/refrigerators/md10645838/gallery/medium-interior01.jpg,"2,950,000원",1등급,43.3,프리스탠딩,4도어,860,498,362,"914 x 1,787 x 918",156,오브제컬렉션 베이지 / 베이지,메탈,멀티냉각방식,O 있음,"오토 아이스메이커, 아이스 트레이",https://gscs-b2c.lge.com/open/downloadFile?fileId=gBGkGEXhqsi8X5dtS66UpA
LG 디오스 오브제컬렉션 STEM 베이직 냉장고,https://www.lge.co.kr/kr/images/refrigerators/md10411842/gallery/medium-interior01.jpg,"2,800,000원",2등급,56.3,프리스탠딩,4도어,860,498,362,"914 x 1,787 x 918",132,오브제컬렉션 베이지 / 베이지,메탈,멀티냉각방식,O 있음,"오토 아이스메이커, 아이스 트레이",https://gscs-b2c.lge.com/open/downloadFile?fileId=gBGkGEXhqsi8X5dtS66UpA
LG 디오스 오브제컬렉션 STEM 베이직 냉장고,https://www.lge.co.kr/kr/images/refrigerators/md10449874/gallery/medium-interior01.jpg,,2등급,56.3,프리스탠딩,4도어,860,498,362,"914 x 1,787 x 918",132,오브제컬렉션 베이지 / 베이지,메탈,멀티냉각방식,O 있음,"오토 아이스메이커, 아이스 트레이",https://gscs-b2c.lge.com/open/downloadFile?fileId=gBGkGEXhqsi8X5dtS66UpA
LG 디오스 오브제컬렉션 냉장고 (매직스페이스),https://www.lge.co.kr/kr/images/refrigerators/md10411859/gallery/medium-interior01.jpg,"2,900,000원",1등급,43.7,프리스탠딩,4도어,870,503,367,"914 x 1,787 x 918",146,오브제컬렉션 베이지 / 베이지,메탈,멀티냉각방식,O 있음,아이스 트레이,https://gscs-b2c.lge.com/open/downloadFile?fileId=LuQhmLf8ZMxg8pHShCqA
LG 디오스 오브제컬렉션 STEM 베이직 냉장고 (매직스페이스),https://www.lge.co.kr/kr/images/refrigerators/md10411838/gallery/medium-interior01.jpg,"3,150,000원",1등급,43.3,프리스탠딩,4도어,860,498,362,"914 x 1,787 x 918",157,오브제컬렉션 크림 화이트 / 크림 화이트,메탈,멀티냉각방식,O 있음,"오토 아이스메이커, 아이스 트레이",https://gscs-b2c.lge.com/open/downloadFile?fileId=gBGkGEXhqsi8X5dtS66UpA
LG 디오스 오브제컬렉션 STEM 베이직 냉장고 (매직스페이스),https://www.lge.co.kr/kr/images/refrigerators/md10449870/gallery/medium-interior01.jpg,,1등급,43.3,프리스탠딩,4도어,860,498,362,"914 x 1,787 x 918",157,오브제컬렉션 크림 화이트 / 크림 화이트,메탈,멀티냉각방식,O 있음,"오토 아이스메이커, 아이스 트레이",https://gscs-b2c.lge.com/open/downloadFile?fileId=gBGkGEXhqsi8X5dtS66UpA
LG 디오스 오브제컬렉션 냉장고 (노크온),https://www.lge.co.kr/kr/images/refrigerators/md10414835/gallery/medium-interior01.jpg,"2,750,000원",2등급,56.8,프리스탠딩,4도어,870,503,367,"914 x 1,787 x 918",135,오브제컬렉션 크림 화이트 / 크림 화이트,메탈,멀티냉각방식,O 있음,아이스 트레이,https://gscs-b2c.lge.com/open/downloadFile?fileId=LuQhmLf8ZMxg8pHShCqA
LG 디오스 AI 오브제컬렉션 냉장고,https://www.lge.co.kr/kr/images/refrigerators/md10681855/gallery/medium-interior01.jpg,"2,800,000원",1등급,43.7,프리스탠딩,4도어,870,503,367,"914 x 1,787 x 918",145,오브제컬렉션 베이지 / 베이지,메탈,멀티냉각방식,O 있음,아이스 트레이,
LG 디오스 AI 오브제컬렉션 냉장고,https://www.lge.co.kr/kr/images/refrigerators/md10681861/gallery/medium-interior01.jpg,"2,600,000원",2등급,56.8,프리스탠딩,4도어,870,503,367,"914 x 1,787 x 918",125,오브제컬렉션 베이지 / 베이지,메탈,멀티냉각방식,O 있음,아이스 트레이,https://gscs-b2c.lge.com/open/downloadFile?fileId=LuQhmLf8ZMxg8pHShCqA
LG 디오스 AI 오브제컬렉션 냉장고 (매직스페이스),https://www.lge.co.kr/kr/images/refrigerators/md10681851/gallery/medium-interior01.jpg,"3,000,000원",1등급,43.7,프리스탠딩,4도어,870,503,367,"914 x 1,787 x 918",146,오브제컬렉션 베이지 / 베이지,메탈,멀티냉각방식,O 있음,아이스 트레이,https://gscs-b2c.lge.com/open/downloadFile?fileId=LuQhmLf8ZMxg8pHShCqA
LG 디오스 AI 오브제컬렉션 냉장고 (매직스페이스),https://www.lge.co.kr/kr/images/refrigerators/md10758826/gallery/medium-interior01.jpg,"3,100,000원",1등급,43.7,프리스탠딩,4도어,870,503,367,"914 x 1,787 x 918",146,오브제컬렉션 베이지 / 베이지,메탈,멀티냉각방식,O 있음,아이스 트레이,
LG 디오스 AI 오브제컬렉션 냉장고 (노크온),https://www.lge.co.kr/kr/images/refrigerators/md10681854/gallery/medium-interior01.jpg,"2,850,000원",2등급,56.8,프리스탠딩,4도어,870,503,367,"914 x 1,787 x 918",135,오브제컬렉션 베이지 / 베이지,메탈,멀티냉각방식,O 있음,아이스 트레이,https://gscs-b2c.lge.com/open/downloadFile?fileId=LuQhmLf8ZMxg8pHShCqA
LG 디오스 AI 오브제컬렉션 냉장고 (노크온 매직스페이스),https://www.lge.co.kr/kr/images/refrigerators/md10681849/gallery/medium-interior01.jpg,"3,100,000원",2등급,56.3,프리스탠딩,4도어,865,498,367,"914 x 1,787 x 918",143,오브제컬렉션 베이지 / 베이지,메탈,멀티냉각방식,O 있음,아이스 트레이,https://gscs-b2c.lge.com/open/downloadFile?fileId=LuQhmLf8ZMxg8pHShCqA
"LG 디오스 오브제컬렉션 STEM 얼음정수 냉장고 (노크온 매직스페이스,본체)",https://www.lge.co.kr/kr/images/refrigerators/md10364832/gallery/medium01.jpg,,2등급,54.4,프리스탠딩,4도어,817,457,360,"914 x 1,866 x 918",176,패널 선택 필요,,멀티냉각방식,O 있음,듀얼 오토 아이스메이커,
LG 디오스 오브제컬렉션 STEM 얼음정수 냉장고 (매직스페이스),https://www.lge.co.kr/kr/images/refrigerators/md10419831/gallery/medium-interior01.jpg,,2등급,54.4,프리스탠딩,4도어,817,457,360,"914 x 1,860 x 918",182,오브제컬렉션 베이지 / 베이지,글라스,멀티냉각방식,O 있음,듀얼 오토 아이스메이커,https://gscs-b2c.lge.com/open/downloadFile?fileId=qyFbenPpeJ0kzHxiHWoA
LG 디오스 오브제컬렉션 STEM 얼음정수 냉장고 (매직스페이스),https://www.lge.co.kr/kr/images/refrigerators/md10419828/gallery/medium-interior01.jpg,,2등급,54.4,프리스탠딩,4도어,817,457,360,"914 x 1,860 x 918",180,오브제컬렉션 실버 / 실버,스톤 (스테인리스),멀티냉각방식,O 있음,듀얼 오토 아이스메이커,https://gscs-b2c.lge.com/open/downloadFile?fileId=qyFbenPpeJ0kzHxiHWoA
"LG 디오스 AI 오브제컬렉션 STEM 얼음정수 냉장고 (매직스페이스, 본체)",https://www.lge.co.kr/kr/images/refrigerators/md10604854/gallery/medium01.jpg,,2등급,54.4,프리스탠딩,4도어,817,457,360,"914 x 1,860 x 918",172,패널 선택 필요,,멀티냉각방식,O 있음,듀얼 오토 아이스메이커,https://gscs-b2c.lge.com/open/downloadFile?fileId=SuxBkLRxdz1W2A8vSwdIaQ
"LG 디오스 AI 오브제컬렉션 STEM 얼음정수 냉장고 (노크온 매직스페이스, 본체)",https://www.lge.co.kr/kr/images/refrigerators/md10574850/gallery/medium01.jpg,,2등급,54.4,프리스탠딩,4도어,817,457,360,"914 x 1,860 x 918",178,패널 선택 필요,,멀티냉각방식,O 있음,듀얼 오토 아이스메이커,https://gscs-b2c.lge.com/open/downloadFile?fileId=SuxBkLRxdz1W2A8vSwdIaQ
"LG 디오스 AI 오브제컬렉션 STEM 얼음정수 냉장고 (노크온 매직스페이스, 본체)",https://www.lge.co.kr/kr/images/refrigerators/md10574849/gallery/medium01.jpg,,2등급,54.4,프리스탠딩,4도어,817,457,360,"914 x 1,866 x 918",178,패널 선택 필요,,멀티냉각방식,O 있음,듀얼 오토 아이스메이커,https://gscs-b2c.lge.com/open/downloadFile?fileId=SuxBkLRxdz1W2A8vSwdIaQ
LG 디오스 AI 오브제컬렉션 STEM 얼음정수 냉장고 (매직스페이스),https://www.lge.co.kr/kr/images/refrigerators/md10604855/gallery/medium-interior01.jpg,,2등급,54.4,프리스탠딩,4도어,817,457,360,"914 x 1,860 x 918",185,오브제컬렉션 베이지 / 베이지,글라스,멀티냉각방식,O 있음,듀얼 오토 아이스메이커,
LG 디오스 AI 오브제컬렉션 STEM 얼음정수 냉장고 (노크온 매직스페이스),https://www.lge.co.kr/kr/images/refrigerators/md10597854/gallery/medium-interior01.jpg,,2등급,54.4,프리스탠딩,4도어,817,457,360,"914 x 1,860 x 918",188,오브제컬렉션 베이지 / 베이지,글라스,멀티냉각방식,O 있음,듀얼 오토 아이스메이커,https://gscs-b2c.lge.com/open/downloadFile?fileId=SuxBkLRxdz1W2A8vSwdIaQ
LG 디오스 AI 오브제컬렉션 STEM 얼음정수 냉장고 (노크온 매직스페이스),https://www.lge.co.kr/kr/images/refrigerators/md10602833/gallery/medium-interior01.jpg,,2등급,54.4,프리스탠딩,4도어,817,457,360,"914 x 1,866 x 918",188,오브제컬렉션 베이지 / 베이지,글라스,멀티냉각방식,O 있음,듀얼 오토 아이스메이커,
LG 디오스 AI 오브제컬렉션 STEM 얼음정수 냉장고 (노크온 매직스페이스),https://www.lge.co.kr/kr/images/refrigerators/md10602833/gallery/medium-interior01.jpg,,2등급,54.4,프리스탠딩,4도어,817,457,360,"914 x 1,866 x 918",188,오브제컬렉션 베이지 / 베이지,글라스,멀티냉각방식,O 있음,듀얼 오토 아이스메이커,https://gscs-b2c.lge.com/open/downloadFile?fileId=SuxBkLRxdz1W2A8vSwdIaQ
LG 디오스 AI 오브제컬렉션 STEM 얼음정수 냉장고 (노크온 매직스페이스),https://www.lge.co.kr/kr/images/refrigerators/md10615838/gallery/medium-interior01.jpg,,2등급,54.4,프리스탠딩,4도어,817,457,360,"914 x 1,860 x 918",185,오브제컬렉션 에센스 화이트 / 에센스 화이트,메탈,멀티냉각방식,O 있음,듀얼 오토 아이스메이커,https://gscs-b2c.lge.com/open/downloadFile?fileId=SuxBkLRxdz1W2A8vSwdIaQ
LG 디오스 AI 오브제컬렉션 STEM 얼음정수 냉장고 (노크온 매직스페이스),https://www.lge.co.kr/kr/images/refrigerators/md10615831/gallery/medium-interior01.jpg,,2등급,54.4,프리스탠딩,4도어,817,457,360,"914 x 1,866 x 918",185,오브제컬렉션 에센스 화이트 / 에센스 화이트,메탈,멀티냉각방식,O 있음,듀얼 오토 아이스메이커,https://gscs-b2c.lge.com/open/downloadFile?fileId=SuxBkLRxdz1W2A8vSwdIaQ
LG 디오스 AI 오브제컬렉션 STEM 얼음정수 냉장고 (노크온 매직스페이스),https://www.lge.co.kr/kr/images/refrigerators/md10615831/gallery/medium-interior01.jpg,,2등급,54.4,프리스탠딩,4도어,817,457,360,"914 x 1,866 x 918",185,오브제컬렉션 에센스 화이트 / 에센스 화이트,메탈,멀티냉각방식,O 있음,듀얼 오토 아이스메이커,https://gscs-b2c.lge.com/open/downloadFile?fileId=SuxBkLRxdz1W2A8vSwdIaQ
LG 디오스 AI 오브제컬렉션 STEM 얼음정수 냉장고 (매직스페이스),https://www.lge.co.kr/kr/images/refrigerators/md10615840/gallery/medium-interior01.jpg,,2등급,54.4,프리스탠딩,4도어,817,457,360,"914 x 1,860 x 918",182,오브제컬렉션 실버 / 실버,스톤 (스테인리스),멀티냉각방식,O 있음,듀얼 오토 아이스메이커,https://gscs-b2c.lge.com/open/downloadFile?fileId=SuxBkLRxdz1W2A8vSwdIaQ
LG 디오스 AI 오브제컬렉션 STEM 얼음정수 냉장고 (노크온 매직스페이스),https://www.lge.co.kr/kr/images/refrigerators/md10615833/gallery/medium-interior01.jpg,,2등급,54.4,프리스탠딩,4도어,817,457,360,"914 x 1,860 x 918",185,오브제컬렉션 실버 / 실버,스톤 (스테인리스),멀티냉각방식,O 있음,듀얼 오토 아이스메이커,https://gscs-b2c.lge.com/open/downloadFile?fileId=SuxBkLRxdz1W2A8vSwdIaQ
LG 디오스 AI 오브제컬렉션 STEM 얼음정수 냉장고 (노크온 매직스페이스),https://www.lge.co.kr/kr/images/refrigerators/md10615826/gallery/medium-interior01.jpg,,2등급,54.4,프리스탠딩,4도어,817,457,360,"914 x 1,866 x 918",185,오브제컬렉션 실버 / 실버,스톤 (스테인리스),멀티냉각방식,O 있음,듀얼 오토 아이스메이커,https://gscs-b2c.lge.com/open/downloadFile?fileId=SuxBkLRxdz1W2A8vSwdIaQ
LG 디오스 AI 오브제컬렉션 STEM 얼음정수 냉장고 (노크온 매직스페이스),https://www.lge.co.kr/kr/images/refrigerators/md10615826/gallery/medium-interior01.jpg,,2등급,54.4,프리스탠딩,4도어,817,457,360,"914 x 1,866 x 918",185,오브제컬렉션 실버 / 실버,스톤 (스테인리스),멀티냉각방식,O 있음,듀얼 오토 아이스메이커,https://gscs-b2c.lge.com/open/downloadFile?fileId=SuxBkLRxdz1W2A8vSwdIaQ
