제품명,이미지 링크,가격(원),에너지 소비효율등급,소비전력(W),세탁 용량(kg),건조 용량(kg),크기(mm),무게(kg),색상,도어 디자인,조작 및 표현방식,물온도,탈수선택,제품 사용 설명서
LG 트롬 세탁기,https://www.lge.co.kr/kr/images/washing-machines/md09853827/gallery/medium-interior01.jpg,"1,150,000원",1등급,"2,000",12,,600 x 850 x 615,73.0,모던 스테인리스,"600 x 850 x 1,145",다이얼+푸시버튼 및 LED 디스플레이,"냉수, 30, 40, 60, 95℃",O 있음,https://gscs-b2c.lge.com/open/downloadFile?fileId=IEswLl1yVo2eq6NubIuoog
LG 트롬 세탁기,https://www.lge.co.kr/kr/images/washing-machines/md08748629/gallery/medium-interior01.jpg,"1,050,000원",1등급,"2,000",12,,600 x 850 x 615,73.0,릴리 화이트,"600 x 850 x 1,145",다이얼+푸시버튼 및 LED 디스플레이,"냉수, 30, 40, 60, 95℃",O 있음,https://gscs-b2c.lge.com/open/downloadFile?fileId=fQGOZDTpaB0Hmc4GyUmA
LG 트롬 세탁기,https://www.lge.co.kr/kr/images/washing-machines/md09769828/gallery/medium-interior01.jpg,"1,250,000원",1등급,"2,000",15,,645 x 940 x 770,78.0,스테인리스 블랙,"645x940x1,280",다이얼 + LED 터치 디스플레이,"냉수, 30, 40, 60, 95℃",O 있음,https://gscs-b2c.lge.com/open/downloadFile?fileId=K8koG4SMFG3C8I691aCEw
LG 트롬 세탁기,https://www.lge.co.kr/kr/images/washing-machines/md10455831/gallery/medium-interior01.jpg,"1,250,000원",1등급,"2,000",17,,650x950x780,80.0,글로우 에센스 화이트(유광),"650x950x1,280",다이얼+풀터치버튼 및 LED 디스플레이,"냉수, 20, 40, 60, 95℃",O 있음,
LG 트롬 세탁기,https://www.lge.co.kr/kr/images/washing-machines/md10455832/gallery/medium-interior01.jpg,"1,200,000원",3등급,"2,000",17,,650x950x780,80.0,에센스 그라파이트(무광),"650x950x1,280",다이얼+풀터치버튼 및 LED 디스플레이,"냉수, 20, 40, 60, 95℃",O 있음,https://gscs-b2c.lge.com/open/downloadFile?fileId=gF42sQCUpR317OP4i4HQwg
LG 트롬 세탁기,https://www.lge.co.kr/kr/images/washing-machines/md10455832/gallery/medium-interior01.jpg,"1,310,000원",1등급,"2,000",17,,650x950x780,80.0,에센스 그라파이트(무광),"650x950x1,280",다이얼+풀터치버튼 및 LED 디스플레이,"냉수, 20, 40, 60, 95℃",O 있음,
LG 트롬 세탁기,https://www.lge.co.kr/kr/images/washing-machines/md10649846/gallery/medium-interior01.jpg,"1,300,000원",1등급,"2,000",17,,650x950x780,80.0,네이처 에센스 화이트(무광),"650x950x1,280",다이얼+풀터치버튼 및 LED 디스플레이,"냉수, 20, 40, 60, 95℃",O 있음,https://gscs-b2c.lge.com/open/downloadFile?fileId=3j0bcVuSe6RF3OsAmoyA
LG 트롬 세탁기,https://www.lge.co.kr/kr/images/washing-machines/md10649845/gallery/medium-interior01.jpg,"1,200,000원",3등급,"2,000",17,,650x950x780,80.0,네이처 에센스 블랙,"650x950x1,280",다이얼+풀터치버튼 및 LED 디스플레이,"냉수, 20, 40, 60, 95℃",O 있음,https://gscs-b2c.lge.com/open/downloadFile?fileId=gF42sQCUpR317OP4i4HQwg
LG 트롬 세탁기,https://www.lge.co.kr/kr/images/washing-machines/md10649845/gallery/medium-interior01.jpg,"1,300,000원",1등급,"2,000",17,,650x950x780,80.0,네이처 에센스 블랙,"650x950x1,280",다이얼+풀터치버튼 및 LED 디스플레이,"냉수, 20, 40, 60, 95℃",O 있음,
LG 트롬 세탁기,https://www.lge.co.kr/kr/images/washing-machines/md09786827/gallery/medium-interior01.jpg,"1,450,000원",1등급,"2,100",19,,700 x 990 x 770,92.0,화이트,"700 x 990 x 1,360",다이얼 + LED 터치 디스플레이,"냉수, 30, 40, 60, 95℃",O 있음,https://gscs-b2c.lge.com/open/downloadFile?fileId=bzAl77mRj92E2ivWphyiqg
LG 트롬 세탁기,https://www.lge.co.kr/kr/images/washing-machines/md09769826/gallery/medium-interior01.jpg,"1,400,000원",1등급,"2,100",19,,700 x 990 x 770,92.0,화이트,"700 x 990 x 1,360",다이얼 + LED 터치 디스플레이,"냉수, 30, 40, 60, 95℃",O 있음,https://gscs-b2c.lge.com/open/downloadFile?fileId=bzAl77mRj92E2ivWphyiqg
LG 트롬 세탁기,https://www.lge.co.kr/kr/images/washing-machines/md09922828/gallery/medium-interior01.jpg,"1,600,000원",1등급,"2,100",21,,700 x 990 x 770,92.0,스테인리스 실버,"700 x 990 x 1,360",다이얼+터치버튼 및 LED 디스플레이,"냉수, 30, 40, 60, 95℃",O 있음,https://gscs-b2c.lge.com/open/downloadFile?fileId=bzAl77mRj92E2ivWphyiqg
LG 트롬 세탁기,https://www.lge.co.kr/kr/images/washing-machines/md09768828/gallery/medium-interior01.jpg,"1,550,000원",1등급,"2,100",21,,700 x 990 x 770,92.0,화이트,"700 x 990 x 1,360",다이얼 + LED 터치 디스플레이,"냉수, 30, 40, 60, 95℃",O 있음,https://gscs-b2c.lge.com/open/downloadFile?fileId=bzAl77mRj92E2ivWphyiqg
LG 트롬 세탁기,https://www.lge.co.kr/kr/images/washing-machines/md09922831/gallery/medium-interior01.jpg,,1등급,"2,100",21,,700 x 990 x 770,92.0,화이트,"700 x 990 x 1,360",다이얼+터치버튼 및 LED 디스플레이,"냉수, 30, 40, 60, 95℃",O 있음,https://gscs-b2c.lge.com/open/downloadFile?fileId=bzAl77mRj92E2ivWphyiqg
LG 트롬 세탁기,https://www.lge.co.kr/kr/images/washing-machines/md09922826/gallery/medium-interior01.jpg,"1,750,000원",1등급,"2,200",24,,700 x 990 x 830,92.0,스테인리스 실버,"700 x 990 x 1,410",다이얼+터치버튼 및 LED 디스플레이,"냉수, 30, 40, 60, 95℃",O 있음,https://gscs-b2c.lge.com/open/downloadFile?fileId=bzAl77mRj92E2ivWphyiqg
LG 트롬 세탁기,https://www.lge.co.kr/kr/images/washing-machines/md09922827/gallery/medium-interior01.jpg,"1,750,000원",1등급,"2,200",24,,700 x 990 x 830,92.0,스테인리스 실버,"700 x 990 x 1,410",다이얼+터치버튼 및 LED 디스플레이,"냉수, 30, 40, 60, 95℃",O 있음,https://gscs-b2c.lge.com/open/downloadFile?fileId=bzAl77mRj92E2ivWphyiqg
LG 트롬 세탁기,https://www.lge.co.kr/kr/images/washing-machines/md09767828/gallery/medium-interior01.jpg,"1,650,000원",1등급,"2,200",24,,700 x 990 x 830,92.0,화이트,"700 x 990 x 1,410",다이얼 + LED 터치 디스플레이,"냉수, 30, 40, 60, 95℃",O 있음,https://gscs-b2c.lge.com/open/downloadFile?fileId=bzAl77mRj92E2ivWphyiqg
LG 트롬 세탁기,https://www.lge.co.kr/kr/images/washing-machines/md09767827/gallery/medium-interior01.jpg,"1,650,000원",1등급,"2,200",24,,700 x 990 x 830,92.0,화이트,"700 x 990 x 1,410",다이얼 + LED 터치 디스플레이,"냉수, 30, 40, 60, 95℃",O 있음,https://gscs-b2c.lge.com/open/downloadFile?fileId=bzAl77mRj92E2ivWphyiqg
LG 꼬망스 플러스,https://www.lge.co.kr/kr/images/washing-machines/md09229826/gallery/medium-interior01.jpg,"850,000원",2등급,"2,000 W",8,,600 × 850 × 475 mm,58 kg,모던 스테인리스,"600 x 850 x 1,015 mm",,"냉수, 30, 40, 60, 95℃",O 있음,https://gscs-b2c.lge.com/open/downloadFile?fileId=yLct5TXvXXEJ7XaIgtfHw
LG 꼬망스 플러스,https://www.lge.co.kr/kr/images/washing-machines/md09229826/gallery/medium-interior01.jpg,"900,000원",1등급,"2,000",8,,600 x 850 x 475,60.0,모던 스테인리스,"600 x 850 x 1,015",다이얼+터치버튼 및 LED 디스플레이,"냉수, 20, 30, 40, 60, 95℃",O 있음,https://gscs-b2c.lge.com/open/downloadFile?fileId=zu3rn1wPl1l4AgsOyb3A
LG 꼬망스 플러스,https://www.lge.co.kr/kr/images/washing-machines/md09268826/gallery/medium-interior01.jpg,"850,000원",1등급,"2,000",8,,600 x 850 x 475,60.0,화이트,"600 x 850 x 1,015",다이얼+터치버튼 및 LED 디스플레이,"냉수, 20, 30, 40, 60, 95℃",O 있음,https://gscs-b2c.lge.com/open/downloadFile?fileId=9PfX41ayKF2RH9RImtSNw
LG 트롬 세탁기,https://www.lge.co.kr/kr/images/washing-machines/md09784829/gallery/medium-interior01.jpg,,3등급,냉수세탁 145 W / 삶는세탁 1840 W,9 kg,,600 X 825 X 550 mm,,화이트,"600 × 825 × 1,005 mm",,냉수 / 20 / 30 / 40 / 60 / 95 ℃,배수멈춤 / 탈수안함 / 약 / 중 / 강 / 최강,
LG 트롬 세탁기,https://www.lge.co.kr/kr/images/washing-machines/md09784830/gallery/medium-interior01.jpg,,3등급,"2,100",9,,600 x 825 x 550,X 제공안함,화이트,원형 도어,다이얼 + LED 터치 디스플레이,"냉수, 20, 30, 40, 60, 95℃",O 있음,
LG 트롬 세탁기,https://www.lge.co.kr/kr/images/washing-machines/md10374827/gallery/medium-interior01.jpg,"630,000원",2등급,"2,000",9,,600 x 850 x 550,55.0,화이트,"600x850x1,005",다이얼+풀터치버튼 및 LED 디스플레이,"냉수, 20, 30, 40, 60, 95℃",O 있음,https://gscs-b2c.lge.com/open/downloadFile?fileId=YTZpkXb3hY8i34KGKPqLQ
LG 트롬 세탁기,https://www.lge.co.kr/kr/images/washing-machines/md10374828/gallery/medium-interior01.jpg,"610,000원",2등급,"2,000",9,,600x825x550,53.0,화이트,"600x825x1,005",다이얼+풀터치버튼 및 LED 디스플레이,"냉수, 20, 30, 40, 60, 95℃",O 있음,https://gscs-b2c.lge.com/open/downloadFile?fileId=GPTVVT8wITxbHeWAQIOYsA
LG 트롬 세탁기,https://www.lge.co.kr/kr/images/washing-machines/md10374829/gallery/medium-interior01.jpg,"580,000원",2등급,"2,000",9,,600x825x550,53.0,화이트,"600x825x1,005",다이얼+풀터치버튼 및 LED 디스플레이,"냉수, 20, 30, 40, 60, 95℃",O 있음,https://gscs-b2c.lge.com/open/downloadFile?fileId=GPTVVT8wITxbHeWAQIOYsA
LG 트롬 세탁기,https://www.lge.co.kr/kr/images/washing-machines/md10374826/gallery/medium-interior01.jpg,"600,000원",2등급,"2,000",9,,600 x 850 x 550,55.0,화이트,"600 x 850 x 1,005",다이얼+풀터치버튼 및 LED 디스플레이,"냉수, 20, 30, 40, 60, 95℃",O 있음,https://gscs-b2c.lge.com/open/downloadFile?fileId=YTZpkXb3hY8i34KGKPqLQ
LG 트롬 오브제컬렉션 세탁기,https://www.lge.co.kr/kr/images/washing-machines/md10732848/gallery/medium-interior01.jpg,"1,650,000원",1등급,"2,100",19,,700 x 990 x 770,91.0,네이처 베이지,"700 x 990 x 1,360",다이얼+풀터치버튼 및 LED 디스플레이,"냉수, 30, 40, 60, 95℃",O 있음,https://gscs-b2c.lge.com/open/downloadFile?fileId=u5wCkEr3mrG8aaEDzmoSSA
LG 트롬 오브제컬렉션 세탁기,https://www.lge.co.kr/kr/images/washing-machines/md10412833/gallery/medium-interior01.jpg,"1,550,000원",3등급,"2,100",19,,700 x 990 x 770,91.0,네이처 그린,"700 x 990 x 1,360",다이얼+풀터치버튼 및 LED 디스플레이,"냉수, 30, 40, 60, 95℃",O 있음,https://gscs-b2c.lge.com/open/downloadFile?fileId=u5wCkEr3mrG8aaEDzmoSSA
LG 트롬 오브제컬렉션 세탁기,https://www.lge.co.kr/kr/images/washing-machines/md10732849/gallery/medium-interior01.jpg,"1,650,000원",1등급,"2,100",19,,700 x 990 x 770,91.0,네이처 그린,"700 x 990 x 1,360",다이얼+풀터치버튼 및 LED 디스플레이,"냉수, 30, 40, 60, 95℃",O 있음,https://gscs-b2c.lge.com/open/downloadFile?fileId=u5wCkEr3mrG8aaEDzmoSSA
LG 트롬 오브제컬렉션 세탁기,https://www.lge.co.kr/kr/images/washing-machines/md10412835/gallery/medium-interior01.jpg,"1,450,000원",3등급,"2,100",19,,700 x 990 x 770,91.0,모던 스테인리스,"700 x 990 x 1,360",다이얼+풀터치버튼 및 LED 디스플레이,"냉수, 30, 40, 60, 95℃",O 있음,https://gscs-b2c.lge.com/open/downloadFile?fileId=u5wCkEr3mrG8aaEDzmoSSA
LG 트롬 오브제컬렉션 세탁기,https://www.lge.co.kr/kr/images/washing-machines/md10732850/gallery/medium-interior01.jpg,"1,550,000원",1등급,"2,100",19,,700 x 990 x 770,91.0,모던 스테인리스,"700 x 990 x 1,360",다이얼+풀터치버튼 및 LED 디스플레이,"냉수, 30, 40, 60, 95℃",O 있음,https://gscs-b2c.lge.com/open/downloadFile?fileId=u5wCkEr3mrG8aaEDzmoSSA
LG 트롬 오브제컬렉션 세탁기,https://www.lge.co.kr/kr/images/washing-machines/md10732851/gallery/medium-interior01.jpg,"1,500,000원",1등급,"2,100",19,,700 x 990 x 770,91.0,릴리 화이트,"700 x 990 x 1,360",다이얼+풀터치버튼 및 LED 디스플레이,"냉수, 30, 40, 60, 95℃",O 있음,https://gscs-b2c.lge.com/open/downloadFile?fileId=u5wCkEr3mrG8aaEDzmoSSA
LG 트롬 오브제컬렉션 세탁기,https://www.lge.co.kr/kr/images/washing-machines/md10732843/gallery/medium-interior01.jpg,"1,750,000원",1등급,"2,100",21,,700 x 990 x 770,91.0,네이처 베이지,"700 x 990 x 1,360",다이얼+풀터치버튼 및 LED 디스플레이,"냉수, 30, 40, 60, 95℃",O 있음,https://gscs-b2c.lge.com/open/downloadFile?fileId=u5wCkEr3mrG8aaEDzmoSSA
LG 트롬 오브제컬렉션 세탁기,https://www.lge.co.kr/kr/images/washing-machines/md10412829/gallery/medium-interior01.jpg,"1,650,000원",3등급,"2,100",21,,700 x 990 x 770,91.0,네이처 그린,"700 x 990 x 1,360",다이얼+풀터치버튼 및 LED 디스플레이,"냉수, 30, 40, 60, 95℃",O 있음,https://gscs-b2c.lge.com/open/downloadFile?fileId=u5wCkEr3mrG8aaEDzmoSSA
LG 트롬 오브제컬렉션 세탁기,https://www.lge.co.kr/kr/images/washing-machines/md10732844/gallery/medium-interior01.jpg,"1,750,000원",1등급,"2,100",21,,700 x 990 x 770,91.0,네이처 그린,"700 x 990 x 1,360",다이얼+풀터치버튼 및 LED 디스플레이,"냉수, 30, 40, 60, 95℃",O 있음,https://gscs-b2c.lge.com/open/downloadFile?fileId=u5wCkEr3mrG8aaEDzmoSSA
LG 트롬 오브제컬렉션 세탁기,https://www.lge.co.kr/kr/images/washing-machines/md10420860/gallery/medium-interior01.jpg,"1,705,000원",1등급,"2,100",21,,700 x 990 x 770,91.0,스페이스 블랙,"700 x 990 x 1,360",다이얼+풀터치버튼 및 LED 디스플레이,"냉수, 30, 40, 60, 95℃",O 있음,https://gscs-b2c.lge.com/open/downloadFile?fileId=u5wCkEr3mrG8aaEDzmoSSA
LG 트롬 오브제컬렉션 세탁기,https://www.lge.co.kr/kr/images/washing-machines/md10412831/gallery/medium-interior01.jpg,"1,550,000원",3등급,"2,100",21,,700 x 990 x 770,91.0,모던 스테인리스,"700 x 990 x 1,360",다이얼+풀터치버튼 및 LED 디스플레이,"냉수, 30, 40, 60, 95℃",O 있음,https://gscs-b2c.lge.com/open/downloadFile?fileId=u5wCkEr3mrG8aaEDzmoSSA
LG 트롬 오브제컬렉션 세탁기,https://www.lge.co.kr/kr/images/washing-machines/md10732846/gallery/medium-interior01.jpg,"1,650,000원",1등급,"2,100",21,,700 x 990 x 770,91.0,모던 스테인리스,"700 x 990 x 1,360",다이얼+풀터치버튼 및 LED 디스플레이,"냉수, 30, 40, 60, 95℃",O 있음,https://gscs-b2c.lge.com/open/downloadFile?fileId=u5wCkEr3mrG8aaEDzmoSSA
LG 트롬 오브제컬렉션 세탁기,https://www.lge.co.kr/kr/images/washing-machines/md10412832/gallery/medium-interior01.jpg,,3등급,"2,100",21,,700 x 990 x 770,91.0,릴리 화이트,"700 x 990 x 1,360",다이얼+풀터치버튼 및 LED 디스플레이,"냉수, 30, 40, 60, 95℃",O 있음,https://gscs-b2c.lge.com/open/downloadFile?fileId=u5wCkEr3mrG8aaEDzmoSSA
LG 트롬 오브제컬렉션 세탁기,https://www.lge.co.kr/kr/images/washing-machines/md10732847/gallery/medium-interior01.jpg,"1,600,000원",1등급,"2,100",21,,700 x 990 x 770,91.0,릴리 화이트,"700 x 990 x 1,360",다이얼+풀터치버튼 및 LED 디스플레이,"냉수, 30, 40, 60, 95℃",O 있음,https://gscs-b2c.lge.com/open/downloadFile?fileId=u5wCkEr3mrG8aaEDzmoSSA
LG 트롬 오브제컬렉션 + 건조기,https://www.lge.co.kr/kr/images/washing-machines/md10466832/gallery/medium01.jpg,"3,690,000원",1등급,"2,100",24,20,700x990x830,93.0,네이처 베이지,"700x990x1,410",다이얼+풀터치버튼 및 LED 디스플레이,"냉수, 30, 40, 60, 95℃",O 있음,https://gscs-b2c.lge.com/open/downloadFile?fileId=HePzePoyaPhap1gGHrQKw
LG 트롬 오브제컬렉션 세탁기,https://www.lge.co.kr/kr/images/washing-machines/md10420859/gallery/medium-interior01.jpg,"1,900,000원",1등급,"2,100",24,,700x990x830,93.0,네이처 베이지,"700x990x1,410",다이얼+풀터치버튼 및 LED 디스플레이,"냉수, 30, 40, 60, 95℃",O 있음,https://gscs-b2c.lge.com/open/downloadFile?fileId=HePzePoyaPhap1gGHrQKw
LG 트롬 오브제컬렉션 + 키높이 수납함,https://www.lge.co.kr/kr/images/washing-machines/md10466838/gallery/medium01.jpg,"2,650,000원",1등급,"2,100",24,,700x990x830,93.0,네이처 베이지,"700x990x1,410",다이얼+풀터치버튼 및 LED 디스플레이,"냉수, 30, 40, 60, 95℃",O 있음,https://gscs-b2c.lge.com/open/downloadFile?fileId=HePzePoyaPhap1gGHrQKw
LG 트롬 오브제컬렉션 + 미니워시,https://www.lge.co.kr/kr/images/washing-machines/md10466836/gallery/medium01.jpg,"2,890,000원",1등급,"2,100",24,,700x990x830,93.0,네이처 베이지,"700x990x1,410",다이얼+풀터치버튼 및 LED 디스플레이,"냉수, 30, 40, 60, 95℃",O 있음,https://gscs-b2c.lge.com/open/downloadFile?fileId=HePzePoyaPhap1gGHrQKw
LG 트롬 오브제컬렉션 세탁기,https://www.lge.co.kr/kr/images/washing-machines/md10420858/gallery/medium-interior01.jpg,,1등급,"2,100",24,,700x990x830,93.0,네이처 그린,"700x990x1,410",다이얼+풀터치버튼 및 LCD+LED 디스플레이,"냉수, 30, 40, 60, 95℃",O 있음,https://gscs-b2c.lge.com/open/downloadFile?fileId=HePzePoyaPhap1gGHrQKw
LG 트롬 오브제컬렉션 + 건조기,https://www.lge.co.kr/kr/images/washing-machines/md10438838/gallery/medium01.jpg,"3,440,000원",1등급,"2,100",24,18,700 x 990 x 830,93.0,스페이스 블랙,"700 x 990 x 1,410",다이얼+풀터치버튼 및 LED 디스플레이,"냉수, 30, 40, 60, 95℃",O 있음,https://gscs-b2c.lge.com/open/downloadFile?fileId=AwpLjUJtXHcGGbgG3BbAg
LG 트롬 오브제컬렉션 + 건조기,https://www.lge.co.kr/kr/images/washing-machines/md10438837/gallery/medium01.jpg,"3,540,000원",1등급,"2,100",24,19,700 x 990 x 830,93.0,스페이스 블랙,"700 x 990 x 1,410",다이얼+풀터치버튼 및 LED 디스플레이,"냉수, 30, 40, 60, 95℃",O 있음,https://gscs-b2c.lge.com/open/downloadFile?fileId=AwpLjUJtXHcGGbgG3BbAg
LG 트롬 오브제컬렉션 + 건조기,https://www.lge.co.kr/kr/images/washing-machines/md10438835/gallery/medium01.jpg,"3,590,000원",1등급,"2,100",24,20,700 x 990 x 830,93.0,스페이스 블랙,"700 x 990 x 1,410",다이얼+풀터치버튼 및 LED 디스플레이,"냉수, 30, 40, 60, 95℃",O 있음,https://gscs-b2c.lge.com/open/downloadFile?fileId=AwpLjUJtXHcGGbgG3BbAg
LG 트롬 오브제컬렉션 + 건조기,https://www.lge.co.kr/kr/images/washing-machines/md10438836/gallery/medium01.jpg,"3,540,000원",1등급,"2,100",24,20,700 x 990 x 830,93.0,스페이스 블랙,"700 x 990 x 1,410",다이얼+풀터치버튼 및 LED 디스플레이,"냉수, 30, 40, 60, 95℃",O 있음,https://gscs-b2c.lge.com/open/downloadFile?fileId=AwpLjUJtXHcGGbgG3BbAg
LG 트롬 오브제컬렉션 세탁기,https://www.lge.co.kr/kr/images/washing-machines/md10041839/gallery/medium-interior01.jpg,"1,943,000원",1등급,"2,100",24,,700 x 990 x 830,93.0,스페이스 블랙,"700 x 990 x 1,410",다이얼+풀터치버튼 및 LED 디스플레이,"냉수, 30, 40, 60, 95℃",O 있음,https://gscs-b2c.lge.com/open/downloadFile?fileId=HePzePoyaPhap1gGHrQKw
LG 트롬 오브제컬렉션 + 미니워시,https://www.lge.co.kr/kr/images/washing-machines/md10441830/gallery/medium01.jpg,"2,831,000원",1등급,"2,100",24,,700 x 990 x 830,93.0,스페이스 블랙,"700 x 990 x 1,410",다이얼+풀터치버튼 및 LED 디스플레이,"냉수, 30, 40, 60, 95℃",O 있음,https://gscs-b2c.lge.com/open/downloadFile?fileId=AwpLjUJtXHcGGbgG3BbAg
LG 트롬 오브제컬렉션 + 건조기,https://www.lge.co.kr/kr/images/washing-machines/md10438840/gallery/medium01.jpg,,1등급,"2,100",24,20,700 x 990 x 830,93.0,모던 스테인리스,"700 x 990 x 1,410",다이얼+풀터치버튼 및 LED 디스플레이,"냉수, 30, 40, 60, 95℃",O 있음,https://gscs-b2c.lge.com/open/downloadFile?fileId=AwpLjUJtXHcGGbgG3BbAg
LG 트롬 오브제컬렉션 세탁기,https://www.lge.co.kr/kr/images/washing-machines/md10404840/gallery/medium-interior01.jpg,"1,800,000원",1등급,"2,100",24,,700 x 990 x 830,93.0,모던 스테인리스,"700 x 990 x 1,410",다이얼+풀터치버튼 및 LED 디스플레이,"냉수, 30, 40, 60, 95℃",O 있음,https://gscs-b2c.lge.com/open/downloadFile?fileId=HePzePoyaPhap1gGHrQKw
LG 트롬 오브제컬렉션 + 미니워시,https://www.lge.co.kr/kr/images/washing-machines/md10441831/gallery/medium01.jpg,,1등급,"2,100",24,,700 x 990 x 830,93.0,모던 스테인리스,"700 x 990 x 1,410",다이얼+풀터치버튼 및 LED 디스플레이,"냉수, 30, 40, 60, 95℃",O 있음,https://gscs-b2c.lge.com/open/downloadFile?fileId=AwpLjUJtXHcGGbgG3BbAg
LG 트롬 오브제컬렉션 키높이 수납함,https://www.lge.co.kr/kr/images/washing-machines/md09089828/gallery/medium01.jpg,"222,000원",,,,,700 × 360 × 770 mm,,네이처 그린,,,,,https://gscs-b2c.lge.com/open/downloadFile?fileId=nvQiUySZtt8Q6PSJZsd0Og
LG 트롬 오브제컬렉션 세탁기,https://www.lge.co.kr/kr/images/washing-machines/md10596830/gallery/medium-interior01.jpg,"1,850,000원",1등급,"2,100",23,,700 x 990 x 830,95.0,네이처 베이지,"700 x 990 x 1,410",다이얼+풀터치버튼 및 LCD+LED 디스플레이,"냉수, 30, 40, 60, 95℃",O 있음,https://gscs-b2c.lge.com/open/downloadFile?fileId=xNrT8CK3QU2HfEUmwEFuEw
LG 트롬 오브제컬렉션 세탁기,https://www.lge.co.kr/kr/images/washing-machines/md10596832/gallery/medium-interior01.jpg,"1,850,000원",1등급,"2,100",23,,700 x 990 x 830,95.0,네이처 그린,"700 x 990 x 1,410",다이얼+풀터치버튼 및 LCD+LED 디스플레이,"냉수, 30, 40, 60, 95℃",O 있음,https://gscs-b2c.lge.com/open/downloadFile?fileId=xNrT8CK3QU2HfEUmwEFuEw
LG 트롬 오브제컬렉션 세탁기,https://www.lge.co.kr/kr/images/washing-machines/md09668831/gallery/medium-interior01.jpg,"1,850,000원",1등급,"2,100",23,,700 x 990 x 830,95.0,스페이스 블랙,"700 x 990 x 1,410",다이얼+풀터치버튼 및 LCD+LED 디스플레이,"냉수, 30, 40, 60, 95℃",O 있음,https://gscs-b2c.lge.com/open/downloadFile?fileId=xNrT8CK3QU2HfEUmwEFuEw
LG 트롬 오브제컬렉션 세탁기,https://www.lge.co.kr/kr/images/washing-machines/md09668833/gallery/medium-interior01.jpg,"1,700,000원",2등급,"2,100",23,,700 x 990 x 830,95.0,모던 스테인리스,"700 x 990 x 1,410",다이얼+풀터치버튼 및 LCD+LED 디스플레이,"냉수, 30, 40, 60, 95℃",O 있음,https://gscs-b2c.lge.com/open/downloadFile?fileId=xNrT8CK3QU2HfEUmwEFuEw
LG 트롬 오브제컬렉션 세탁기,https://www.lge.co.kr/kr/images/washing-machines/md09668833/gallery/medium-interior01.jpg,"1,800,000원",1등급,"2,100",23,,700 x 990 x 830,95.0,모던 스테인리스,"700 x 990 x 1,410",다이얼+풀터치버튼 및 LCD+LED 디스플레이,"냉수, 30, 40, 60, 95℃",O 있음,https://gscs-b2c.lge.com/open/downloadFile?fileId=xNrT8CK3QU2HfEUmwEFuEw
LG 트롬 세탁기,https://www.lge.co.kr/kr/images/washing-machines/md10596835/gallery/medium-interior01.jpg,"1,700,000원",1등급,"2,100",23,,700 x 990 x 830,95.0,화이트,"700 x 990 x 1,406",다이얼+풀터치버튼 및 LCD+LED 디스플레이,"냉수, 30, 40, 60, 95℃",O 있음,https://gscs-b2c.lge.com/open/downloadFile?fileId=xNrT8CK3QU2HfEUmwEFuEw
LG 트롬 오브제컬렉션 세탁기,https://www.lge.co.kr/kr/images/washing-machines/md10596836/gallery/medium-interior01.jpg,"1,850,000원",1등급,"2,100",24,,700 x 990 x 830,95.0,네이처 베이지,"700 x 990 x 1,410",다이얼+풀터치버튼 및 LCD+LED 디스플레이,"냉수, 30, 40, 60, 95℃",O 있음,https://gscs-b2c.lge.com/open/downloadFile?fileId=xNrT8CK3QU2HfEUmwEFuEw
LG 트롬 오브제컬렉션 세탁기,https://www.lge.co.kr/kr/images/washing-machines/md10596837/gallery/medium-interior01.jpg,"1,850,000원",1등급,"2,100",24,,700 x 990 x 830,95.0,네이처 그린,"700 x 990 x 1,410",다이얼+풀터치버튼 및 LCD+LED 디스플레이,"냉수, 30, 40, 60, 95℃",O 있음,https://gscs-b2c.lge.com/open/downloadFile?fileId=xNrT8CK3QU2HfEUmwEFuEw
LG 트롬 오브제컬렉션 세탁기,https://www.lge.co.kr/kr/images/washing-machines/md09914826/gallery/medium-interior01.jpg,"1,953,000원",1등급,"2,100",24,,700 x 990 x 830,95.0,스페이스 블랙,"700 x 990 x 1,410",다이얼+풀터치버튼 및 LCD+LED 디스플레이,"냉수, 30, 40, 60, 95℃",O 있음,https://gscs-b2c.lge.com/open/downloadFile?fileId=xNrT8CK3QU2HfEUmwEFuEw
LG 트롬 세탁기,https://www.lge.co.kr/kr/images/washing-machines/md10596839/gallery/medium-interior01.jpg,"1,850,000원",1등급,"2,100",24,,700 x 990 x 830,95.0,모던 스테인리스,"700 x 990 x 1,410",다이얼+풀터치버튼 및 LCD+LED 디스플레이,"냉수, 30, 40, 60, 95℃",O 있음,https://gscs-b2c.lge.com/open/downloadFile?fileId=jiYBw3hytS4vgp6z03lnsg
LG 트롬 오브제컬렉션 세탁기,https://www.lge.co.kr/kr/images/washing-machines/md09529827/gallery/medium-interior01.jpg,"1,650,000원",2등급,"2,100",24,,700 x 990 x 830,95.0,화이트,"700 x 990 x 1,410",다이얼+풀터치버튼 및 LCD+LED 디스플레이,"냉수, 30, 40, 60, 95℃",O 있음,https://gscs-b2c.lge.com/open/downloadFile?fileId=xNrT8CK3QU2HfEUmwEFuEw
LG 트롬 오브제컬렉션 세탁기 + 스태킹키트,https://www.lge.co.kr/kr/images/washing-machines/md10631855/gallery/medium01.jpg,"1,650,000원",2등급,"2,100",24,,700 x 990 x 830,95.0,화이트,"700 x 990 x 1,410",다이얼+풀터치버튼 및 LCD+LED 디스플레이,"냉수, 30, 40, 60, 95℃",O 있음,https://gscs-b2c.lge.com/open/downloadFile?fileId=xNrT8CK3QU2HfEUmwEFuEw
LG 트롬 오브제컬렉션 세탁기,https://www.lge.co.kr/kr/images/washing-machines/md09529827/gallery/medium-interior01.jpg,"1,750,000원",1등급,"2,100",24,,700 x 990 x 830,95.0,릴리 화이트,"700 x 990 x 1,406",다이얼+풀터치버튼 및 LCD+LED 디스플레이,"냉수, 30, 40, 60, 95℃",O 있음,https://gscs-b2c.lge.com/open/downloadFile?fileId=xNrT8CK3QU2HfEUmwEFuEw
LG 트롬 세탁기 + 건조기,https://www.lge.co.kr/kr/images/washing-machines/md10634839/gallery/medium01.jpg,,2등급,"2,200",24,20,700 x 990 x 830,95.0,화이트,"700 x 990 x 1,410",다이얼+풀터치버튼 및 LCD+LED 디스플레이,"냉수, 30, 40, 60, 95℃",O 있음,https://gscs-b2c.lge.com/open/downloadFile?fileId=jiYBw3hytS4vgp6z03lnsg
LG 트롬 세탁기,https://www.lge.co.kr/kr/images/washing-machines/md10596841/gallery/medium-interior01.jpg,"1,700,000원",2등급,"2,200",24,,700 x 990 x 830,95.0,화이트,"700 x 990 x 1,410",다이얼+풀터치버튼 및 LCD+LED 디스플레이,"냉수, 30, 40, 60, 95℃",O 있음,https://gscs-b2c.lge.com/open/downloadFile?fileId=jiYBw3hytS4vgp6z03lnsg
LG 트롬 세탁기 + 미니워시,https://www.lge.co.kr/kr/images/washing-machines/md10635832/gallery/medium01.jpg,,2등급,"2,200",24,,700 x 990 x 830,95.0,화이트,"700 x 990 x 1,410",다이얼+풀터치버튼 및 LCD+LED 디스플레이,"냉수, 30, 40, 60, 95℃",O 있음,https://gscs-b2c.lge.com/open/downloadFile?fileId=jiYBw3hytS4vgp6z03lnsg
LG 트롬 세탁기,https://www.lge.co.kr/kr/images/washing-machines/md10596841/gallery/medium-interior01.jpg,"1,800,000원",1등급,"2,200",24,,700 x 990 x 830,95.0,화이트,"700 x 990 x 1,410",다이얼+풀터치버튼 및 LCD+LED 디스플레이,"냉수, 30, 40, 60, 95℃",O 있음,https://gscs-b2c.lge.com/open/downloadFile?fileId=jiYBw3hytS4vgp6z03lnsg
LG 트롬 AI 오브제컬렉션 세탁기,https://www.lge.co.kr/kr/images/washing-machines/md10597888/gallery/medium-interior01.jpg,"2,300,000원",1등급,"2,200",25,,700 x 990 x 830,95.0,아몬드,"700 x 990 x 1,410",다이얼+풀터치버튼 및 LCD+LED 디스플레이,"냉수, 30, 40, 60, 95℃",O 있음,https://gscs-b2c.lge.com/open/downloadFile?fileId=SxFfzryaDqEvK6OHaa3sA
LG 트롬 오브제컬렉션 세탁기,https://www.lge.co.kr/kr/images/washing-machines/md10412845/gallery/medium-interior01.jpg,"2,100,000원",1등급,"2,100",25,,700 x 990 x 830,94.0,네이처 베이지,"700 x 990 x 1,410",다이얼+풀터치버튼 및 LCD+LED 디스플레이,"냉수, 30, 40, 60, 95℃",O 있음,https://gscs-b2c.lge.com/open/downloadFile?fileId=1DsUL1PxU6Y9rsW4TBMAtA
LG 트롬 AI 오브제컬렉션 세탁기,https://www.lge.co.kr/kr/images/washing-machines/md10597883/gallery/medium-interior01.jpg,"2,300,000원",1등급,"2,200",25,,700 x 990 x 830,95.0,네이처 베이지,"700 x 990 x 1,410",다이얼+풀터치버튼 및 LCD+LED 디스플레이,"냉수, 30, 40, 60, 95℃",O 있음,https://gscs-b2c.lge.com/open/downloadFile?fileId=SxFfzryaDqEvK6OHaa3sA
LG 트롬 오브제컬렉션 세탁기,https://www.lge.co.kr/kr/images/washing-machines/md10412847/gallery/medium-interior01.jpg,"2,140,000원",1등급,"2,100",25,,700 x 990 x 830,94.0,네이처 베이지,"700 x 990 x 1,410",다이얼+풀터치버튼 및 LCD+LED 디스플레이,"냉수, 30, 40, 60, 95℃",O 있음,https://gscs-b2c.lge.com/open/downloadFile?fileId=kVfSsQlIMVImf93lPwrEaA
LG 트롬 오브제컬렉션 세탁기,https://www.lge.co.kr/kr/images/washing-machines/md10295853/gallery/medium-interior01.jpg,,1등급,"2,200",25,,700 x 990 x 830,94.0,네이처 베이지,"700x990x1,410",다이얼+풀터치버튼 및 LCD+LED 디스플레이,"냉수, 30, 40, 60, 95℃",O 있음,https://gscs-b2c.lge.com/open/downloadFile?fileId=16At4WVG2f4hO0EFLRqcw
LG 트롬 오브제컬렉션 세탁기,https://www.lge.co.kr/kr/images/washing-machines/md10412844/gallery/medium-interior01.jpg,"2,100,000원",1등급,"2,100",25,,700 x 990 x 830,94.0,네이처 그린,"700 x 990 x 1,410",다이얼+풀터치버튼 및 LCD+LED 디스플레이,"냉수, 30, 40, 60, 95℃",O 있음,https://gscs-b2c.lge.com/open/downloadFile?fileId=1DsUL1PxU6Y9rsW4TBMAtA
LG 트롬 AI 오브제컬렉션 세탁기,https://www.lge.co.kr/kr/images/washing-machines/md10597882/gallery/medium-interior01.jpg,"2,300,000원",1등급,"2,200",25,,700 x 990 x 830,95.0,네이처 그린,"700 x 990 x 1,410",다이얼+풀터치버튼 및 LCD+LED 디스플레이,"냉수, 30, 40, 60, 95℃",O 있음,https://gscs-b2c.lge.com/open/downloadFile?fileId=SxFfzryaDqEvK6OHaa3sA
LG 트롬 오브제컬렉션 세탁기,https://www.lge.co.kr/kr/images/washing-machines/md10412846/gallery/medium-interior01.jpg,"2,050,000원",1등급,"2,100",25,,700 x 990 x 830,94.0,네이처 그린,"700 x 990 x 1,410",다이얼+풀터치버튼 및 LCD+LED 디스플레이,"냉수, 30, 40, 60, 95℃",O 있음,https://gscs-b2c.lge.com/open/downloadFile?fileId=nYmPCa4rxUi0DnyBCIKVzg
LG 트롬 오브제컬렉션 세탁기,https://www.lge.co.kr/kr/images/washing-machines/md10295852/gallery/medium-interior01.jpg,"2,276,000원",1등급,"2,200",25,,700 x 990 x 830,94.0,네이처 그린,"700x990x1,410",다이얼+풀터치버튼 및 LCD+LED 디스플레이,"냉수, 30, 40, 60, 95℃",O 있음,https://gscs-b2c.lge.com/open/downloadFile?fileId=16At4WVG2f4hO0EFLRqcw
LG 트롬 오브제컬렉션 세탁기,https://www.lge.co.kr/kr/images/washing-machines/md10412839/gallery/medium-interior01.jpg,"2,190,000원",1등급,"2,200",25,,700 x 990 x 830,94.0,네이처 그린,"700 x 990 x 1,410",다이얼+풀터치버튼 및 LCD+LED 디스플레이,"냉수, 30, 40, 60, 95℃",O 있음,https://gscs-b2c.lge.com/open/downloadFile?fileId=ZMLqWIh0ctu9NtCnuBvntg
LG 트롬 AI 오브제컬렉션 세탁기,https://www.lge.co.kr/kr/images/washing-machines/md10597890/gallery/medium-interior01.jpg,"2,300,000원",1등급,"2,200",25,,700 x 990 x 830,95.0,에센스 화이트,"700 x 990 x 1,410",다이얼+풀터치버튼 및 LCD+LED 디스플레이,"냉수, 30, 40, 60, 95℃",O 있음,https://gscs-b2c.lge.com/open/downloadFile?fileId=SxFfzryaDqEvK6OHaa3sA
LG 트롬 AI 오브제컬렉션 세탁기,https://www.lge.co.kr/kr/images/washing-machines/md10689827/gallery/medium-interior01.jpg,"2,300,000원",1등급,"2,200",25,,700 x 990 x 830,95.0,스페이스 블랙,"700 x 990 x 1,410",다이얼+풀터치버튼 및 LCD+LED 디스플레이,"냉수, 30, 40, 60, 95℃",O 있음,https://gscs-b2c.lge.com/open/downloadFile?fileId=SxFfzryaDqEvK6OHaa3sA
LG 트롬 오브제컬렉션 세탁기,https://www.lge.co.kr/kr/images/washing-machines/md10412841/gallery/medium-interior01.jpg,"2,220,000원",1등급,"2,200",25,,700 x 990 x 830,94.0,스페이스 블랙,"700 x 990 x 1,410",다이얼+풀터치버튼 및 LCD+LED 디스플레이,"냉수, 30, 40, 60, 95℃",O 있음,https://gscs-b2c.lge.com/open/downloadFile?fileId=4k1axc3Kgkt8B3tFtPkuQQ
LG 트롬 AI 오브제컬렉션 세탁기,https://www.lge.co.kr/kr/images/washing-machines/md10597886/gallery/medium-interior01.jpg,"2,300,000원",1등급,"2,200",25,,700 x 990 x 830,95.0,모던 스테인리스,"700 x 990 x 1,410",다이얼+풀터치버튼 및 LCD+LED 디스플레이,"냉수, 30, 40, 60, 95℃",O 있음,https://gscs-b2c.lge.com/open/downloadFile?fileId=SxFfzryaDqEvK6OHaa3sA
LG 트롬 오브제컬렉션 세탁기,https://www.lge.co.kr/kr/images/washing-machines/md09668827/gallery/medium-interior01.jpg,"2,171,000원",1등급,"2,200",25,,700 x 990 x 830,95.0,릴리 화이트,"700 x 990 x 1,410",다이얼+풀터치버튼 및 LCD+LED 디스플레이,"냉수, 30, 40, 60, 95℃",O 있음,https://gscs-b2c.lge.com/open/downloadFile?fileId=jiYBw3hytS4vgp6z03lnsg
LG 트롬 오브제컬렉션 미니워시,https://www.lge.co.kr/kr/images/washing-machines/md09088897/gallery/medium11.jpg,"944,000원",대상 외,"1,500",4,,700 × 360 × 770 mm,,네이처 그린,블랙 강화유리 도어,,,,https://gscs-b2c.lge.com/open/downloadFile?fileId=nx4ytgTmk0Nr5Avl0vT3g
LG 트롬 미니워시,https://www.lge.co.kr/kr/images/washing-machines/md09091838/gallery/medium11.jpg,"700,000원",대상 외,"1,500",4,,700 × 360 × 770 mm,,릴리 화이트,블랙 강화유리 도어,,,,https://gscs-b2c.lge.com/open/downloadFile?fileId=nx4ytgTmk0Nr5Avl0vT3g
LG 트롬 건조 겸용 세탁기 · 9kg / 4.5kg,https://www.lge.co.kr/kr/images/washing-machines/md10561839/gallery/medium-interior01.jpg,"770,000원",2등급,"2,010",9.0,4.5,600x850x550,61.0,화이트,"600x850x1,030",다이얼+풀터치버튼 및 LED 디스플레이,"냉수, 20, 30, 40, 60, 95℃",O 있음,https://gscs-b2c.lge.com/open/downloadFile?fileId=CQuYd3BxA8Odrr2MuuEXUQ
LG 트롬 건조 겸용 세탁기 · 9kg / 4.5kg,https://www.lge.co.kr/kr/images/washing-machines/md10561838/gallery/medium-interior01.jpg,"750,000원",2등급,"2,010",9.0,4.5,600x825x550,59.0,화이트,"600x825x1,030",다이얼+풀터치버튼 및 LED 디스플레이,"냉수, 20, 30, 40, 60, 95℃",O 있음,https://gscs-b2c.lge.com/open/downloadFile?fileId=ThlsRLJ2tfqmFyy5Xr6cug
LG 트롬 오브제컬렉션 + 건조기 + 스태킹키트,https://www.lge.co.kr/kr/images/washing-machines/md10066840/gallery/medium03.jpg,,1등급,"2,100",19,18,700 x 990 x 770,91.0,네이처 그린,"700 x 990 x 1,360",다이얼+풀터치버튼 및 LED 디스플레이,"냉수, 30, 40, 60, 95℃",O 있음,https://gscs-b2c.lge.com/open/downloadFile?fileId=u5wCkEr3mrG8aaEDzmoSSA
LG 트롬 오브제컬렉션 + 건조기 + 스태킹키트,https://www.lge.co.kr/kr/images/washing-machines/md10066838/gallery/medium03.jpg,,1등급,"2,100",19,19,700 x 990 x 770,91.0,네이처 그린,"700 x 990 x 1,360",다이얼+풀터치버튼 및 LED 디스플레이,"냉수, 30, 40, 60, 95℃",O 있음,https://gscs-b2c.lge.com/open/downloadFile?fileId=u5wCkEr3mrG8aaEDzmoSSA
LG 트롬 오브제컬렉션 + 건조기 + 스태킹키트,https://www.lge.co.kr/kr/images/washing-machines/md10066837/gallery/medium03.jpg,,1등급,"2,100",19,19,700 x 990 x 770,91.0,네이처 그린,"700 x 990 x 1,360",다이얼+풀터치버튼 및 LED 디스플레이,"냉수, 30, 40, 60, 95℃",O 있음,https://gscs-b2c.lge.com/open/downloadFile?fileId=u5wCkEr3mrG8aaEDzmoSSA
LG 트롬 오브제컬렉션 + 건조기 + 스태킹키트,https://www.lge.co.kr/kr/images/washing-machines/md10490830/gallery/medium03.jpg,"3,240,000원",3등급,"2,100",21,19,700 x 990 x 770,91.0,모던 스테인리스,"700 x 990 x 1,360",다이얼+풀터치버튼 및 LED 디스플레이,"냉수, 30, 40, 60, 95℃",O 있음,https://gscs-b2c.lge.com/open/downloadFile?fileId=u5wCkEr3mrG8aaEDzmoSSA
LG 트롬 오브제컬렉션 + 건조기 + 스태킹키트,https://www.lge.co.kr/kr/images/washing-machines/md10466834/gallery/medium01.jpg,"3,640,000원",1등급,"2,100",24,20,700x990x830,93.0,네이처 베이지,"700x990x1,410",다이얼+풀터치버튼 및 LED 디스플레이,"냉수, 30, 40, 60, 95℃",O 있음,https://gscs-b2c.lge.com/open/downloadFile?fileId=HePzePoyaPhap1gGHrQKw
LG 트롬 오브제컬렉션 + 건조기 + 스태킹키트,https://www.lge.co.kr/kr/images/washing-machines/md10439829/gallery/medium03.jpg,"3,250,000원",1등급,"2,100",24,18,700 x 990 x 830,93.0,스페이스 블랙,"700 x 990 x 1,410",다이얼+풀터치버튼 및 LED 디스플레이,"냉수, 30, 40, 60, 95℃",O 있음,https://gscs-b2c.lge.com/open/downloadFile?fileId=AwpLjUJtXHcGGbgG3BbAg
LG 트롬 오브제컬렉션 + 건조기 + 스태킹키트,https://www.lge.co.kr/kr/images/washing-machines/md10439828/gallery/medium03.jpg,"3,818,000원",1등급,"2,100",24,19,700 x 990 x 830,93.0,스페이스 블랙,"700 x 990 x 1,410",다이얼+풀터치버튼 및 LED 디스플레이,"냉수, 30, 40, 60, 95℃",O 있음,https://gscs-b2c.lge.com/open/downloadFile?fileId=AwpLjUJtXHcGGbgG3BbAg
LG 트롬 오브제컬렉션 + 건조기 + 스태킹키트,https://www.lge.co.kr/kr/images/washing-machines/md10439826/gallery/medium03.jpg,"3,540,000원",1등급,"2,100",24,20,700 x 990 x 830,93.0,스페이스 블랙,"700 x 990 x 1,410",다이얼+풀터치버튼 및 LED 디스플레이,"냉수, 30, 40, 60, 95℃",O 있음,https://gscs-b2c.lge.com/open/downloadFile?fileId=AwpLjUJtXHcGGbgG3BbAg
LG 트롬 오브제컬렉션 + 건조기 + 스태킹키트,https://www.lge.co.kr/kr/images/washing-machines/md10439827/gallery/medium03.jpg,"3,490,000원",1등급,"2,100",24,20,700 x 990 x 830,93.0,스페이스 블랙,"700 x 990 x 1,410",다이얼+풀터치버튼 및 LED 디스플레이,"냉수, 30, 40, 60, 95℃",O 있음,https://gscs-b2c.lge.com/open/downloadFile?fileId=AwpLjUJtXHcGGbgG3BbAg
LG 트롬 오브제컬렉션 세탁기 + 건조기 + 스태킹키트,https://www.lge.co.kr/kr/images/washing-machines/md10641839/gallery/medium01.jpg,"3,730,000원",1등급,"2,100",24,20.0,700 x 990 x 830,95.0,스페이스 블랙,"700 x 990 x 1,410",다이얼+풀터치버튼 및 LCD+LED 디스플레이,"냉수, 30, 40, 60, 95℃",O 있음,https://gscs-b2c.lge.com/open/downloadFile?fileId=xNrT8CK3QU2HfEUmwEFuEw
LG 트롬 AI 오브제컬렉션 세탁기 + LG 트롬 AI 오브제컬렉션 건조기 + 스태킹키트,https://www.lge.co.kr/kr/images/washing-machines/md10709835/gallery/medium01.jpg,"5,030,000원",1등급,"2,200",25,25,700 x 990 x 830,95.0,아몬드,"700 x 990 x 1,410",다이얼+풀터치버튼 및 LCD+LED 디스플레이,"냉수, 30, 40, 60, 95℃",O 있음,https://gscs-b2c.lge.com/open/downloadFile?fileId=SxFfzryaDqEvK6OHaa3sA
LG 트롬 AI 오브제컬렉션 세탁기 + LG 트롬 AI 오브제컬렉션 건조기 + 스태킹키트,https://www.lge.co.kr/kr/images/washing-machines/md10709837/gallery/medium01.jpg,"5,030,000원",1등급,"2,200",25,25,700 x 990 x 830,95.0,아몬드,"700 x 990 x 1,410",다이얼+풀터치버튼 및 LCD+LED 디스플레이,"냉수, 30, 40, 60, 95℃",O 있음,https://gscs-b2c.lge.com/open/downloadFile?fileId=SxFfzryaDqEvK6OHaa3sA
LG 트롬 오브제컬렉션 + 건조기 + 스태킹키트,https://www.lge.co.kr/kr/images/washing-machines/md10476831/gallery/medium01.jpg,"3,930,000원",1등급,"2,100",25,20,700 x 990 x 830,94.0,네이처 베이지,"700 x 990 x 1,410",다이얼+풀터치버튼 및 LCD+LED 디스플레이,"냉수, 30, 40, 60, 95℃",O 있음,https://gscs-b2c.lge.com/open/downloadFile?fileId=1DsUL1PxU6Y9rsW4TBMAtA
LG 트롬 AI 오브제컬렉션 세탁기 + LG 트롬 AI 오브제컬렉션 건조기 + 스태킹키트,https://www.lge.co.kr/kr/images/washing-machines/md10709846/gallery/medium01.jpg,"5,030,000원",1등급,"2,200",25,25,700 x 990 x 830,95.0,네이처 베이지,"700 x 990 x 1,410",다이얼+풀터치버튼 및 LCD+LED 디스플레이,"냉수, 30, 40, 60, 95℃",O 있음,https://gscs-b2c.lge.com/open/downloadFile?fileId=SxFfzryaDqEvK6OHaa3sA
LG 트롬 AI 오브제컬렉션 세탁기 + LG 트롬 AI 오브제컬렉션 건조기 + 스태킹키트,https://www.lge.co.kr/kr/images/washing-machines/md10709847/gallery/medium01.jpg,"5,030,000원",1등급,"2,200",25,,700 x 990 x 830,95.0,네이처 베이지,"700 x 990 x 1,410",다이얼+풀터치버튼 및 LCD+LED 디스플레이,"냉수, 30, 40, 60, 95℃",O 있음,https://gscs-b2c.lge.com/open/downloadFile?fileId=SxFfzryaDqEvK6OHaa3sA
LG 트롬 오브제컬렉션 + 건조기 + 스태킹키트,https://www.lge.co.kr/kr/images/washing-machines/md10476830/gallery/medium01.jpg,"3,930,000원",1등급,"2,100",25,20,700 x 990 x 830,94.0,네이처 그린,"700 x 990 x 1,410",다이얼+풀터치버튼 및 LCD+LED 디스플레이,"냉수, 30, 40, 60, 95℃",O 있음,https://gscs-b2c.lge.com/open/downloadFile?fileId=1DsUL1PxU6Y9rsW4TBMAtA
LG 트롬 AI 오브제컬렉션 세탁기 + LG 트롬 AI 오브제컬렉션 건조기 + 스태킹키트,https://www.lge.co.kr/kr/images/washing-machines/md10709849/gallery/medium01.jpg,"5,030,000원",1등급,"2,200",25,25,700 x 990 x 830,95.0,네이처 그린,"700 x 990 x 1,410",다이얼+풀터치버튼 및 LCD+LED 디스플레이,"냉수, 30, 40, 60, 95℃",O 있음,https://gscs-b2c.lge.com/open/downloadFile?fileId=SxFfzryaDqEvK6OHaa3sA
LG 트롬 AI 오브제컬렉션 세탁기 + LG 트롬 AI 오브제컬렉션 건조기 + 스태킹키트,https://www.lge.co.kr/kr/images/washing-machines/md10709848/gallery/medium01.jpg,"5,030,000원",1등급,"2,200",25,,700 x 990 x 830,95.0,네이처 그린,"700 x 990 x 1,410",다이얼+풀터치버튼 및 LCD+LED 디스플레이,"냉수, 30, 40, 60, 95℃",O 있음,https://gscs-b2c.lge.com/open/downloadFile?fileId=SxFfzryaDqEvK6OHaa3sA
LG 트롬 AI 오브제컬렉션 세탁기 + LG 트롬 AI 오브제컬렉션 건조기 + 스태킹키트,https://www.lge.co.kr/kr/images/washing-machines/md10709850/gallery/medium01.jpg,"5,030,000원",1등급,"2,200",25,25,700 x 990 x 830,95.0,에센스 화이트,"700 x 990 x 1,410",다이얼+풀터치버튼 및 LCD+LED 디스플레이,"냉수, 30, 40, 60, 95℃",O 있음,https://gscs-b2c.lge.com/open/downloadFile?fileId=SxFfzryaDqEvK6OHaa3sA
LG 트롬 AI 오브제컬렉션 세탁기 + LG 트롬 AI 오브제컬렉션 건조기 + 스태킹키트,https://www.lge.co.kr/kr/images/washing-machines/md10709851/gallery/medium01.jpg,"5,030,000원",1등급,"2,200",25,25,700 x 990 x 830,95.0,스페이스 블랙,"700 x 990 x 1,410",다이얼+풀터치버튼 및 LCD+LED 디스플레이,"냉수, 30, 40, 60, 95℃",O 있음,https://gscs-b2c.lge.com/open/downloadFile?fileId=SxFfzryaDqEvK6OHaa3sA
LG 트롬 AI 오브제컬렉션 세탁기 + LG 트롬 AI 오브제컬렉션 건조기 + 스태킹키트,https://www.lge.co.kr/kr/images/washing-machines/md10709845/gallery/medium01.jpg,"5,030,000원",1등급,"2,200",25,25,700 x 990 x 830,95.0,토프,"700 x 990 x 1,410",다이얼+풀터치버튼 및 LCD+LED 디스플레이,"냉수, 30, 40, 60, 95℃",O 있음,https://gscs-b2c.lge.com/open/downloadFile?fileId=SxFfzryaDqEvK6OHaa3sA
LG 트롬 AI 오브제컬렉션 세탁기 + LG 트롬 AI 오브제컬렉션 건조기 + 스태킹키트,https://www.lge.co.kr/kr/images/washing-machines/md10709844/gallery/medium01.jpg,"5,030,000원",1등급,"2,200",25,25,700 x 990 x 830,95.0,토프,"700 x 990 x 1,410",다이얼+풀터치버튼 및 LCD+LED 디스플레이,"냉수, 30, 40, 60, 95℃",O 있음,https://gscs-b2c.lge.com/open/downloadFile?fileId=SxFfzryaDqEvK6OHaa3sA
LG 트롬 AI 오브제컬렉션 세탁기 + LG 트롬 AI 오브제컬렉션 건조기 + 스태킹키트,https://www.lge.co.kr/kr/images/washing-machines/md10709852/gallery/medium01.jpg,"5,030,000원",1등급,"2,200",25,25,700 x 990 x 830,95.0,모던 스테인리스,"700 x 990 x 1,410",다이얼+풀터치버튼 및 LCD+LED 디스플레이,"냉수, 30, 40, 60, 95℃",O 있음,https://gscs-b2c.lge.com/open/downloadFile?fileId=SxFfzryaDqEvK6OHaa3sA
LG 트롬 오브제컬렉션 세탁기 + 건조기 + 스태킹키트,https://www.lge.co.kr/kr/images/washing-machines/md10641834/gallery/medium01.jpg,"4,030,000원",1등급,"2,100",24,21,700 x 990 x 830,95.0,네이처 베이지,"700 x 990 x 1,410",다이얼+풀터치버튼 및 LCD+LED 디스플레이,"냉수, 30, 40, 60, 95℃",O 있음,https://gscs-b2c.lge.com/open/downloadFile?fileId=xNrT8CK3QU2HfEUmwEFuEw
LG 트롬 오브제컬렉션 세탁기 + 건조기 + 스태킹키트,https://www.lge.co.kr/kr/images/washing-machines/md10635846/gallery/medium01.jpg,"4,180,000원",1등급,"2,100",24,22,700 x 990 x 830,95.0,네이처 베이지,"700 x 990 x 1,410",다이얼+풀터치버튼 및 LCD+LED 디스플레이,"냉수, 30, 40, 60, 95℃",O 있음,https://gscs-b2c.lge.com/open/downloadFile?fileId=xNrT8CK3QU2HfEUmwEFuEw
LG 트롬 오브제컬렉션 건조기 + LG 통돌이 세탁기,https://www.lge.co.kr/kr/images/dryers/md10193830/gallery/medium01.jpg,"2,140,000원",1등급,950,17,18,700 x 990 x 820,75.0,릴리 화이트,"700 x 990 x 1,380",다이얼+풀터치버튼 및 LED 디스플레이,,5단계,https://gscs-b2c.lge.com/open/downloadFile?fileId=It2PEnqsYsiPadfW5G6i6w
LG 트롬 오브제컬렉션 건조기 + LG 통돌이 세탁기,https://www.lge.co.kr/kr/images/dryers/md10193828/gallery/medium01.jpg,"2,190,000원",1등급,950,17,19,700 x 990 x 820,75.0,화이트,"700 x 990 x 1,340",다이얼 + LED 터치 디스플레이,,5단계,https://gscs-b2c.lge.com/open/downloadFile?fileId=It2PEnqsYsiPadfW5G6i6w
LG 통돌이 세탁기,https://www.lge.co.kr/kr/images/washing-machines/md09745829/gallery/medium-interior01.jpg,"700,000원",2등급,500,17,,"632 x 1,018 x 670",44.0,미드프리실버,와이드 다이아몬드 글라스,푸시버튼 및 LED 디스플레이,,5단계,
LG 통돌이 세탁기,https://www.lge.co.kr/kr/images/washing-machines/md09745826/gallery/medium-interior01.jpg,"700,000원",2등급,500,17,,"632 x 1,018 x 670",44.0,미드 블랙,와이드 다이아몬드 글라스,푸시버튼 및 LED 디스플레이,,5단계,https://gscs-b2c.lge.com/open/downloadFile?fileId=5tw3NhS2HlLgW3Ugsr9mfg
LG 통돌이 세탁기,https://www.lge.co.kr/kr/images/washing-machines/md09745830/gallery/medium-interior01.jpg,"600,000원",2등급,500,17,,"632 x 1,018 x 670",44.0,화이트,와이드 다이아몬드 글라스,푸시버튼 및 LED 디스플레이,,5단계,https://gscs-b2c.lge.com/open/downloadFile?fileId=vGEKU03iEXxrWaNqrykQ
LG 통돌이 세탁기,https://www.lge.co.kr/kr/images/washing-machines/md09745840/gallery/medium-interior01.jpg,"888,000원",2등급,500,18,,"632 x 1,040 x 670",45.0,미드 블랙,와이드 다이아몬드 글라스,푸시버튼 및 LED 디스플레이,,5단계,https://gscs-b2c.lge.com/open/downloadFile?fileId=O38E4buv8rWuSUtYtJYjVQ
LG 통돌이 세탁기,https://www.lge.co.kr/kr/images/washing-machines/md09745837/gallery/medium-interior01.jpg,"750,000원",2등급,500,18,,"632 x 1,040 x 670",45.0,미드 블랙,와이드 다이아몬드 글라스,푸시버튼 및 LED 디스플레이,,5단계,https://gscs-b2c.lge.com/open/downloadFile?fileId=O38E4buv8rWuSUtYtJYjVQ
LG 통돌이 세탁기,https://www.lge.co.kr/kr/images/washing-machines/md09745836/gallery/medium-interior01.jpg,,2등급,500,18,,"632 x 1,040 x 670",45.0,화이트,와이드 다이아몬드 글라스,푸시버튼 및 LED 디스플레이,,5단계,
LG 통돌이 세탁기,https://www.lge.co.kr/kr/images/washing-machines/md09745833/gallery/medium-interior01.jpg,"750,000원",2등급,500,19,,"632 x 1,040 x 670",45.0,미드프리실버,와이드 다이아몬드 글라스,푸시버튼 및 LED 디스플레이,,5단계,https://gscs-b2c.lge.com/open/downloadFile?fileId=O38E4buv8rWuSUtYtJYjVQ
LG 통돌이 세탁기,https://www.lge.co.kr/kr/images/washing-machines/md09889843/gallery/medium-interior01.jpg,"900,000원",2등급,500,19,,"632 x 1,040 x 670",46.0,미드프리실버,와이드 다이아몬드 글라스,푸시버튼 및 LED 디스플레이,,5단계,https://gscs-b2c.lge.com/open/downloadFile?fileId=wkmbwoiSfWQYhVl3wgIng
LG 통돌이 세탁기,https://www.lge.co.kr/kr/images/washing-machines/md09745832/gallery/medium-interior01.jpg,"800,000원",2등급,500,19,,"632 x 1,040 x 670",46.0,미드 블랙,와이드 다이아몬드 글라스,푸시버튼 및 LED 디스플레이,,5단계,https://gscs-b2c.lge.com/open/downloadFile?fileId=nnP3EvRUPTVyw8bvyQRbJA
LG 통돌이 세탁기,https://www.lge.co.kr/kr/images/washing-machines/md09745839/gallery/medium-interior01.jpg,"800,000원",2등급,500,19,,"632 x 1,040 x 670",45.0,미드 블랙,와이드 다이아몬드 글라스,푸시버튼 및 LED 디스플레이,,5단계,https://gscs-b2c.lge.com/open/downloadFile?fileId=O38E4buv8rWuSUtYtJYjVQ
LG 통돌이 세탁기,https://www.lge.co.kr/kr/images/washing-machines/md09889844/gallery/medium-interior01.jpg,"950,000원",2등급,500,19,,"632 x 1,040 x 670",46.0,미드 블랙,와이드 다이아몬드 글라스,푸시버튼 및 LED 디스플레이,,5단계,https://gscs-b2c.lge.com/open/downloadFile?fileId=O38E4buv8rWuSUtYtJYjVQ
LG 통돌이 세탁기,https://www.lge.co.kr/kr/images/washing-machines/md09889845/gallery/medium-interior01.jpg,,2등급,500,19,,"632 x 1,040 x 670",46.0,미드 블랙,와이드 다이아몬드 글라스,푸시버튼 및 LED 디스플레이,,5단계,https://gscs-b2c.lge.com/open/downloadFile?fileId=O38E4buv8rWuSUtYtJYjVQ
LG 통돌이 컴포트 세탁기,https://www.lge.co.kr/kr/images/washing-machines/md10762840/gallery/medium-interior01.jpg,"1,190,000원",2등급,500,19,,"651 x 1,060 x 680",48.0,오닉스 블랙,와이드 다이아몬드 글라스,다이얼+풀터치버튼 및 LED 디스플레이,,O 있음,
LG 통돌이 컴포트 세탁기,https://www.lge.co.kr/kr/images/washing-machines/md10582836/gallery/medium-interior01.jpg,"1,362,000원",2등급,500,21,,"686x1,092x721",57.0,에센스 그라파이트,와이드 다이아몬드 글라스,다이얼+풀터치버튼 및 LCD+LED 디스플레이,,O 있음,https://gscs-b2c.lge.com/open/downloadFile?fileId=sbeI1F2NzdUJd54A4ONsdA
LG 통돌이 세탁기,https://www.lge.co.kr/kr/images/washing-machines/md09745843/gallery/medium-interior01.jpg,"1,100,000원",2등급,500,21,,"690 x 1,070 x 730",57.0,미드 블랙,와이드 다이아몬드 글라스,풀터치버튼 및 LCD+LED 디스플레이,,O 있음,https://gscs-b2c.lge.com/open/downloadFile?fileId=5gE333DaYsdulK19CvCMg
LG 통돌이 세탁기,https://www.lge.co.kr/kr/images/washing-machines/md10364830/gallery/medium-interior01.jpg,"1,100,000원",2등급,500,21,,"690 x 1,070 x 730",57.0,미드 블랙,와이드 다이아몬드 글라스,풀터치버튼 및 LCD+LED 디스플레이,,O 있음,https://gscs-b2c.lge.com/open/downloadFile?fileId=5gE333DaYsdulK19CvCMg
LG 통돌이 컴포트 세탁기,https://www.lge.co.kr/kr/images/washing-machines/md10582836/gallery/medium-interior01.jpg,,2등급,500,22,,"686x1,092x721",57.0,플래티늄 블랙,와이드 다이아몬드 글라스,다이얼+풀터치버튼 및 LCD+LED 디스플레이,,O 있음,
LG 통돌이 컴포트 세탁기,https://www.lge.co.kr/kr/images/washing-machines/md10607829/gallery/medium-interior01.jpg,"1,340,000원",2등급,500,23,,"686x1,092x721",57.0,오닉스 블랙,와이드 다이아몬드 글라스,다이얼+풀터치버튼 및 LCD+LED 디스플레이,,O 있음,https://gscs-b2c.lge.com/open/downloadFile?fileId=sbeI1F2NzdUJd54A4ONsdA
LG 통돌이 세탁기,https://www.lge.co.kr/kr/images/washing-machines/md09743826/gallery/medium-interior01.jpg,"1,260,000원",2등급,500,23,,"690 x 1,070 x 730",57.0,플래티늄 블랙,와이드 다이아몬드 글라스,풀터치버튼 및 LCD+LED 디스플레이,,O 있음,https://gscs-b2c.lge.com/open/downloadFile?fileId=5gE333DaYsdulK19CvCMg
LG 통돌이 세탁기,https://www.lge.co.kr/kr/images/washing-machines/md09789827/gallery/medium-interior01.jpg,"1,260,000원",2등급,500,23,,"690 x 1,070 x 730",57.0,플래티넘 블랙,와이드 다이아몬드 글라스,풀터치버튼 및 LCD+LED 디스플레이,,O 있음,https://gscs-b2c.lge.com/open/downloadFile?fileId=5gE333DaYsdulK19CvCMg
LG 통돌이 컴포트 세탁기,https://www.lge.co.kr/kr/images/washing-machines/md10646828/gallery/medium-interior01.jpg,"1,440,000원",2등급,500,25,,"686x1,092x721",59.0,오닉스 블랙,와이드 다이아몬드 글라스,다이얼+풀터치버튼 및 LED 디스플레이,,O 있음,https://gscs-b2c.lge.com/open/downloadFile?fileId=IsD2DXDOPkQCg8ZaZELV3A
LG 통돌이 세탁기,https://www.lge.co.kr/kr/images/washing-machines/md10010829/gallery/medium-interior01.jpg,"1,340,000원",2등급,"1,500",25,,"690 x 1,070 x 730",59.0,플래티늄 블랙,와이드 다이아몬드 글라스,풀터치버튼 및 LCD+LED 디스플레이,,O 있음,https://gscs-b2c.lge.com/open/downloadFile?fileId=8BEhXdYgCiuoMF9R5Fmg
LG 통돌이 세탁기,https://www.lge.co.kr/kr/images/washing-machines/md10010834/gallery/medium-interior01.jpg,"1,340,000원",2등급,"1,500",25,,"690 x 1,070 x 730",59.0,플래티늄 블랙,와이드 다이아몬드 글라스,풀터치버튼 및 LCD+LED 디스플레이,,O 있음,https://gscs-b2c.lge.com/open/downloadFile?fileId=8BEhXdYgCiuoMF9R5Fmg
LG 통돌이 컴포트 세탁기,https://www.lge.co.kr/kr/images/washing-machines/md10517831/gallery/medium-interior01.jpg,"1,640,000원",2등급,"1,500",25,,"686x1,092x721",59.0,에센스 그라파이트,와이드 다이아몬드 글라스,다이얼+풀터치버튼 및 LCD+LED 디스플레이,,O 있음,https://gscs-b2c.lge.com/open/downloadFile?fileId=Q7upFLzaTry7nV4XROMgw
LG 통돌이 세탁기,https://www.lge.co.kr/kr/images/washing-machines/md10474828/gallery/medium-interior01.jpg,"429,000원",2등급,300,10,,590 x 960 x 606,38.0,미드프리실버,와이드 다이아몬드 글라스,푸시버튼 및 LED 디스플레이,,3단계,https://gscs-b2c.lge.com/open/downloadFile?fileId=gh8KEL9WS1uDwV35PZVFCA
LG 통돌이 세탁기,https://www.lge.co.kr/kr/images/washing-machines/md10708830/gallery/medium-interior01.jpg,"527,000원",2등급,300,10,,590 x 965 x 610,39.0,미드 블랙,와이드 다이아몬드 글라스,푸시버튼 및 LED 디스플레이,,O 있음,https://gscs-b2c.lge.com/open/downloadFile?fileId=Y9UM2EXARhv2rQ8piRozA
LG 통돌이 세탁기,https://www.lge.co.kr/kr/images/washing-machines/md10744826/gallery/medium-interior01.jpg,"516,000원",2등급,300,10,,590 x 965 x 610,39.0,화이트,와이드 다이아몬드 글라스,푸시버튼 및 LED 디스플레이,,O 있음,https://gscs-b2c.lge.com/open/downloadFile?fileId=Y9UM2EXARhv2rQ8piRozA
LG 통돌이 세탁기,https://www.lge.co.kr/kr/images/washing-machines/md10474827/gallery/medium-interior01.jpg,"449,000원",2등급,300,12,,590 x 960 x 606,38.0,미드프리실버,와이드 다이아몬드 글라스,푸시버튼 및 LED 디스플레이,,3단계,https://gscs-b2c.lge.com/open/downloadFile?fileId=gh8KEL9WS1uDwV35PZVFCA
LG 통돌이 세탁기,https://www.lge.co.kr/kr/images/washing-machines/md10473827/gallery/medium-interior01.jpg,"439,000원",2등급,300,12,,590 x 960 x 606,38.0,화이트,와이드 다이아몬드 글라스,푸시버튼 및 LED 디스플레이,,3단계,https://gscs-b2c.lge.com/open/downloadFile?fileId=TM3kMf3xGcad9NZJlaPhaQ
LG 통돌이 세탁기,https://www.lge.co.kr/kr/images/washing-machines/md10474826/gallery/medium-interior01.jpg,"500,000원",2등급,300,13,,590 x 960 x 606,38.0,미드 블랙,와이드 다이아몬드 글라스,푸시버튼 및 LED 디스플레이,,3단계,https://gscs-b2c.lge.com/open/downloadFile?fileId=gh8KEL9WS1uDwV35PZVFCA
LG 통돌이 세탁기,https://www.lge.co.kr/kr/images/washing-machines/md10708830/gallery/medium-interior01.jpg,"582,000원",2등급,300,13,,590 x 965 x 610,39.0,미드 블랙,와이드 다이아몬드 글라스,푸시버튼 및 LED 디스플레이,,O 있음,https://gscs-b2c.lge.com/open/downloadFile?fileId=Y9UM2EXARhv2rQ8piRozA
LG 통돌이 세탁기,https://www.lge.co.kr/kr/images/washing-machines/md10744826/gallery/medium-interior01.jpg,"571,000원",2등급,300,13,,590 x 965 x 610,39.0,화이트,와이드 다이아몬드 글라스,푸시버튼 및 LED 디스플레이,,O 있음,https://gscs-b2c.lge.com/open/downloadFile?fileId=Y9UM2EXARhv2rQ8piRozA
LG 통돌이 세탁기,https://www.lge.co.kr/kr/images/washing-machines/md10481828/gallery/medium-interior01.jpg,"550,000원",2등급,300,15,,632x970x670,44.0,미드프리실버,와이드 다이아몬드 글라스,푸시버튼 및 LED 디스플레이,,O 있음,https://gscs-b2c.lge.com/open/downloadFile?fileId=kbjJsuhmJyZIPP6CIbvvaQ
LG 통돌이 세탁기,https://www.lge.co.kr/kr/images/washing-machines/md10481829/gallery/medium-interior01.jpg,"550,000원",2등급,300,15,,632x970x670,44.0,화이트,와이드 다이아몬드 글라스,푸시버튼 및 LED 디스플레이,,O 있음,https://gscs-b2c.lge.com/open/downloadFile?fileId=kbjJsuhmJyZIPP6CIbvvaQ
LG 통돌이 세탁기,https://www.lge.co.kr/kr/images/washing-machines/md10578832/gallery/medium-interior01.jpg,"600,000원",2등급,300,16,,632x970x670,44.0,미드프리실버,와이드 다이아몬드 글라스,푸시버튼 및 LED 디스플레이,,O 있음,https://gscs-b2c.lge.com/open/downloadFile?fileId=kbjJsuhmJyZIPP6CIbvvaQ
LG 통돌이 세탁기,https://www.lge.co.kr/kr/images/washing-machines/md10578831/gallery/medium-interior01.jpg,"600,000원",2등급,300,16,,632x970x670,44.0,미드 블랙,와이드 다이아몬드 글라스,푸시버튼 및 LED 디스플레이,,O 있음,https://gscs-b2c.lge.com/open/downloadFile?fileId=kbjJsuhmJyZIPP6CIbvvaQ
LG 통돌이 세탁기,https://www.lge.co.kr/kr/images/washing-machines/md10578833/gallery/medium-interior01.jpg,"600,000원",2등급,300,16,,632x970x670,39.0,화이트,와이드 다이아몬드 글라스,푸시버튼 및 LED 디스플레이,,O 있음,https://gscs-b2c.lge.com/open/downloadFile?fileId=kbjJsuhmJyZIPP6CIbvvaQ
