product_code,name,img_link,price,proficiency_level,power_consum(W),washing_cap(kg),dryng_cap(kg),width(mm),height(mm),depth(mm),weight(kg),color,door_type,control_type,water_temp,spin_op,manual_link
WMT000,LG 트롬 세탁기,https://www.lge.co.kr/kr/images/washing-machines/md09853827/gallery/medium-interior01.jpg,1150000,1,2000,12,,600,850,615,73,모던 스테인리스,"600 x 850 x 1,145",다이얼+푸시버튼 및 LED 디스플레이,"냉수, 30, 40, 60, 95℃",1,https://gscs-b2c.lge.com/open/downloadFile?fileId=IEswLl1yVo2eq6NubIuoog
WMT001,LG 트롬 세탁기,https://www.lge.co.kr/kr/images/washing-machines/md08748629/gallery/medium-interior01.jpg,1050000,1,2000,12,,600,850,615,73,릴리 화이트,"600 x 850 x 1,145",다이얼+푸시버튼 및 LED 디스플레이,"냉수, 30, 40, 60, 95℃",1,https://gscs-b2c.lge.com/open/downloadFile?fileId=fQGOZDTpaB0Hmc4GyUmA
WMT002,LG 트롬 세탁기,https://www.lge.co.kr/kr/images/washing-machines/md09769828/gallery/medium-interior01.jpg,1250000,1,2000,15,,645,940,770,78,스테인리스 블랙,"645x940x1,280",다이얼 + LED 터치 디스플레이,"냉수, 30, 40, 60, 95℃",1,https://gscs-b2c.lge.com/open/downloadFile?fileId=K8koG4SMFG3C8I691aCEw
WMT003,LG 트롬 세탁기,https://www.lge.co.kr/kr/images/washing-machines/md10455831/gallery/medium-interior01.jpg,1250000,1,2000,17,,650,950,780,80,글로우 에센스 화이트(유광),"650x950x1,280",다이얼+풀터치버튼 및 LED 디스플레이,"냉수, 20, 40, 60, 95℃",1,
WMT004,LG 트롬 세탁기,https://www.lge.co.kr/kr/images/washing-machines/md10455832/gallery/medium-interior01.jpg,1200000,3,2000,17,,650,950,780,80,에센스 그라파이트(무광),"650x950x1,280",다이얼+풀터치버튼 및 LED 디스플레이,"냉수, 20, 40, 60, 95℃",1,https://gscs-b2c.lge.com/open/downloadFile?fileId=gF42sQCUpR317OP4i4HQwg
WMT005,LG 트롬 세탁기,https://www.lge.co.kr/kr/images/washing-machines/md10455832/gallery/medium-interior01.jpg,1310000,1,2000,17,,650,950,780,80,에센스 그라파이트(무광),"650x950x1,280",다이얼+풀터치버튼 및 LED 디스플레이,"냉수, 20, 40, 60, 95℃",1,
WMT006,LG 트롬 세탁기,https://www.lge.co.kr/kr/images/washing-machines/md10649846/gallery/medium-interior01.jpg,1300000,1,2000,17,,650,950,780,80,네이처 에센스 화이트(무광),"650x950x1,280",다이얼+풀터치버튼 및 LED 디스플레이,"냉수, 20, 40, 60, 95℃",1,https://gscs-b2c.lge.com/open/downloadFile?fileId=3j0bcVuSe6RF3OsAmoyA
WMT007,LG 트롬 세탁기,https://www.lge.co.kr/kr/images/washing-machines/md10649845/gallery/medium-interior01.jpg,1200000,3,2000,17,,650,950,780,80,네이처 에센스 블랙,"650x950x1,280",다이얼+풀터치버튼 및 LED 디스플레이,"냉수, 20, 40, 60, 95℃",1,https://gscs-b2c.lge.com/open/downloadFile?fileId=gF42sQCUpR317OP4i4HQwg
WMT008,LG 트롬 세탁기,https://www.lge.co.kr/kr/images/washing-machines/md10649845/gallery/medium-interior01.jpg,1300000,1,2000,17,,650,950,780,80,네이처 에센스 블랙,"650x950x1,280",다이얼+풀터치버튼 및 LED 디스플레이,"냉수, 20, 40, 60, 95℃",1,
WMT009,LG 트롬 세탁기,https://www.lge.co.kr/kr/images/washing-machines/md09786827/gallery/medium-interior01.jpg,1450000,1,2100,19,,700,990,770,92,화이트,"700 x 990 x 1,360",다이얼 + LED 터치 디스플레이,"냉수, 30, 40, 60, 95℃",1,https://gscs-b2c.lge.com/open/downloadFile?fileId=bzAl77mRj92E2ivWphyiqg
WMT010,LG 트롬 세탁기,https://www.lge.co.kr/kr/images/washing-machines/md09769826/gallery/medium-interior01.jpg,1400000,1,2100,19,,700,990,770,92,화이트,"700 x 990 x 1,360",다이얼 + LED 터치 디스플레이,"냉수, 30, 40, 60, 95℃",1,https://gscs-b2c.lge.com/open/downloadFile?fileId=bzAl77mRj92E2ivWphyiqg
WMT011,LG 트롬 세탁기,https://www.lge.co.kr/kr/images/washing-machines/md09922828/gallery/medium-interior01.jpg,1600000,1,2100,21,,700,990,770,92,스테인리스 실버,"700 x 990 x 1,360",다이얼+터치버튼 및 LED 디스플레이,"냉수, 30, 40, 60, 95℃",1,https://gscs-b2c.lge.com/open/downloadFile?fileId=bzAl77mRj92E2ivWphyiqg
WMT012,LG 트롬 세탁기,https://www.lge.co.kr/kr/images/washing-machines/md09768828/gallery/medium-interior01.jpg,1550000,1,2100,21,,700,990,770,92,화이트,"700 x 990 x 1,360",다이얼 + LED 터치 디스플레이,"냉수, 30, 40, 60, 95℃",1,https://gscs-b2c.lge.com/open/downloadFile?fileId=bzAl77mRj92E2ivWphyiqg
WMT013,LG 트롬 세탁기,https://www.lge.co.kr/kr/images/washing-machines/md09922831/gallery/medium-interior01.jpg,,1,2100,21,,700,990,770,92,화이트,"700 x 990 x 1,360",다이얼+터치버튼 및 LED 디스플레이,"냉수, 30, 40, 60, 95℃",1,https://gscs-b2c.lge.com/open/downloadFile?fileId=bzAl77mRj92E2ivWphyiqg
WMT014,LG 트롬 세탁기,https://www.lge.co.kr/kr/images/washing-machines/md09922826/gallery/medium-interior01.jpg,1750000,1,2200,24,,700,990,830,92,스테인리스 실버,"700 x 990 x 1,410",다이얼+터치버튼 및 LED 디스플레이,"냉수, 30, 40, 60, 95℃",1,https://gscs-b2c.lge.com/open/downloadFile?fileId=bzAl77mRj92E2ivWphyiqg
WMT015,LG 트롬 세탁기,https://www.lge.co.kr/kr/images/washing-machines/md09922827/gallery/medium-interior01.jpg,1750000,1,2200,24,,700,990,830,92,스테인리스 실버,"700 x 990 x 1,410",다이얼+터치버튼 및 LED 디스플레이,"냉수, 30, 40, 60, 95℃",1,https://gscs-b2c.lge.com/open/downloadFile?fileId=bzAl77mRj92E2ivWphyiqg
WMT016,LG 트롬 세탁기,https://www.lge.co.kr/kr/images/washing-machines/md09767828/gallery/medium-interior01.jpg,1650000,1,2200,24,,700,990,830,92,화이트,"700 x 990 x 1,410",다이얼 + LED 터치 디스플레이,"냉수, 30, 40, 60, 95℃",1,https://gscs-b2c.lge.com/open/downloadFile?fileId=bzAl77mRj92E2ivWphyiqg
WMT017,LG 트롬 세탁기,https://www.lge.co.kr/kr/images/washing-machines/md09767827/gallery/medium-interior01.jpg,1650000,1,2200,24,,700,990,830,92,화이트,"700 x 990 x 1,410",다이얼 + LED 터치 디스플레이,"냉수, 30, 40, 60, 95℃",1,https://gscs-b2c.lge.com/open/downloadFile?fileId=bzAl77mRj92E2ivWphyiqg
WMT018,LG 꼬망스 플러스,https://www.lge.co.kr/kr/images/washing-machines/md09229826/gallery/medium-interior01.jpg,850000,2,2000,8,,600,850,475,58,모던 스테인리스,"600 x 850 x 1,015 mm",,"냉수, 30, 40, 60, 95℃",1,https://gscs-b2c.lge.com/open/downloadFile?fileId=yLct5TXvXXEJ7XaIgtfHw
WMT019,LG 꼬망스 플러스,https://www.lge.co.kr/kr/images/washing-machines/md09229826/gallery/medium-interior01.jpg,900000,1,2000,8,,600,850,475,60,모던 스테인리스,"600 x 850 x 1,015",다이얼+터치버튼 및 LED 디스플레이,"냉수, 20, 30, 40, 60, 95℃",1,https://gscs-b2c.lge.com/open/downloadFile?fileId=zu3rn1wPl1l4AgsOyb3A
WMT020,LG 꼬망스 플러스,https://www.lge.co.kr/kr/images/washing-machines/md09268826/gallery/medium-interior01.jpg,850000,1,2000,8,,600,850,475,60,화이트,"600 x 850 x 1,015",다이얼+터치버튼 및 LED 디스플레이,"냉수, 20, 30, 40, 60, 95℃",1,https://gscs-b2c.lge.com/open/downloadFile?fileId=9PfX41ayKF2RH9RImtSNw
WMT021,LG 트롬 세탁기,https://www.lge.co.kr/kr/images/washing-machines/md09784829/gallery/medium-interior01.jpg,,3,145,9,,600,825,550,,화이트,"600 × 825 × 1,005 mm",,냉수 / 20 / 30 / 40 / 60 / 95 ℃,0,
WMT022,LG 트롬 세탁기,https://www.lge.co.kr/kr/images/washing-machines/md09784830/gallery/medium-interior01.jpg,,3,2100,9,,600,825,550,,화이트,원형 도어,다이얼 + LED 터치 디스플레이,"냉수, 20, 30, 40, 60, 95℃",1,
WMT023,LG 트롬 세탁기,https://www.lge.co.kr/kr/images/washing-machines/md10374827/gallery/medium-interior01.jpg,630000,2,2000,9,,600,850,550,55,화이트,"600x850x1,005",다이얼+풀터치버튼 및 LED 디스플레이,"냉수, 20, 30, 40, 60, 95℃",1,https://gscs-b2c.lge.com/open/downloadFile?fileId=YTZpkXb3hY8i34KGKPqLQ
WMT024,LG 트롬 세탁기,https://www.lge.co.kr/kr/images/washing-machines/md10374828/gallery/medium-interior01.jpg,610000,2,2000,9,,600,825,550,53,화이트,"600x825x1,005",다이얼+풀터치버튼 및 LED 디스플레이,"냉수, 20, 30, 40, 60, 95℃",1,https://gscs-b2c.lge.com/open/downloadFile?fileId=GPTVVT8wITxbHeWAQIOYsA
WMT025,LG 트롬 세탁기,https://www.lge.co.kr/kr/images/washing-machines/md10374829/gallery/medium-interior01.jpg,580000,2,2000,9,,600,825,550,53,화이트,"600x825x1,005",다이얼+풀터치버튼 및 LED 디스플레이,"냉수, 20, 30, 40, 60, 95℃",1,https://gscs-b2c.lge.com/open/downloadFile?fileId=GPTVVT8wITxbHeWAQIOYsA
WMT026,LG 트롬 세탁기,https://www.lge.co.kr/kr/images/washing-machines/md10374826/gallery/medium-interior01.jpg,600000,2,2000,9,,600,850,550,55,화이트,"600 x 850 x 1,005",다이얼+풀터치버튼 및 LED 디스플레이,"냉수, 20, 30, 40, 60, 95℃",1,https://gscs-b2c.lge.com/open/downloadFile?fileId=YTZpkXb3hY8i34KGKPqLQ
WMT027,LG 트롬 오브제컬렉션 세탁기,https://www.lge.co.kr/kr/images/washing-machines/md10732848/gallery/medium-interior01.jpg,1650000,1,2100,19,,700,990,770,91,네이처 베이지,"700 x 990 x 1,360",다이얼+풀터치버튼 및 LED 디스플레이,"냉수, 30, 40, 60, 95℃",1,https://gscs-b2c.lge.com/open/downloadFile?fileId=u5wCkEr3mrG8aaEDzmoSSA
WMT028,LG 트롬 오브제컬렉션 세탁기,https://www.lge.co.kr/kr/images/washing-machines/md10412833/gallery/medium-interior01.jpg,1550000,3,2100,19,,700,990,770,91,네이처 그린,"700 x 990 x 1,360",다이얼+풀터치버튼 및 LED 디스플레이,"냉수, 30, 40, 60, 95℃",1,https://gscs-b2c.lge.com/open/downloadFile?fileId=u5wCkEr3mrG8aaEDzmoSSA
WMT029,LG 트롬 오브제컬렉션 세탁기,https://www.lge.co.kr/kr/images/washing-machines/md10732849/gallery/medium-interior01.jpg,1650000,1,2100,19,,700,990,770,91,네이처 그린,"700 x 990 x 1,360",다이얼+풀터치버튼 및 LED 디스플레이,"냉수, 30, 40, 60, 95℃",1,https://gscs-b2c.lge.com/open/downloadFile?fileId=u5wCkEr3mrG8aaEDzmoSSA
WMT030,LG 트롬 오브제컬렉션 세탁기,https://www.lge.co.kr/kr/images/washing-machines/md10412835/gallery/medium-interior01.jpg,1450000,3,2100,19,,700,990,770,91,모던 스테인리스,"700 x 990 x 1,360",다이얼+풀터치버튼 및 LED 디스플레이,"냉수, 30, 40, 60, 95℃",1,https://gscs-b2c.lge.com/open/downloadFile?fileId=u5wCkEr3mrG8aaEDzmoSSA
WMT031,LG 트롬 오브제컬렉션 세탁기,https://www.lge.co.kr/kr/images/washing-machines/md10732850/gallery/medium-interior01.jpg,1550000,1,2100,19,,700,990,770,91,모던 스테인리스,"700 x 990 x 1,360",다이얼+풀터치버튼 및 LED 디스플레이,"냉수, 30, 40, 60, 95℃",1,https://gscs-b2c.lge.com/open/downloadFile?fileId=u5wCkEr3mrG8aaEDzmoSSA
WMT032,LG 트롬 오브제컬렉션 세탁기,https://www.lge.co.kr/kr/images/washing-machines/md10732851/gallery/medium-interior01.jpg,1500000,1,2100,19,,700,990,770,91,릴리 화이트,"700 x 990 x 1,360",다이얼+풀터치버튼 및 LED 디스플레이,"냉수, 30, 40, 60, 95℃",1,https://gscs-b2c.lge.com/open/downloadFile?fileId=u5wCkEr3mrG8aaEDzmoSSA
WMT033,LG 트롬 오브제컬렉션 세탁기,https://www.lge.co.kr/kr/images/washing-machines/md10732843/gallery/medium-interior01.jpg,1750000,1,2100,21,,700,990,770,91,네이처 베이지,"700 x 990 x 1,360",다이얼+풀터치버튼 및 LED 디스플레이,"냉수, 30, 40, 60, 95℃",1,https://gscs-b2c.lge.com/open/downloadFile?fileId=u5wCkEr3mrG8aaEDzmoSSA
WMT034,LG 트롬 오브제컬렉션 세탁기,https://www.lge.co.kr/kr/images/washing-machines/md10412829/gallery/medium-interior01.jpg,1650000,3,2100,21,,700,990,770,91,네이처 그린,"700 x 990 x 1,360",다이얼+풀터치버튼 및 LED 디스플레이,"냉수, 30, 40, 60, 95℃",1,https://gscs-b2c.lge.com/open/downloadFile?fileId=u5wCkEr3mrG8aaEDzmoSSA
WMT035,LG 트롬 오브제컬렉션 세탁기,https://www.lge.co.kr/kr/images/washing-machines/md10732844/gallery/medium-interior01.jpg,1750000,1,2100,21,,700,990,770,91,네이처 그린,"700 x 990 x 1,360",다이얼+풀터치버튼 및 LED 디스플레이,"냉수, 30, 40, 60, 95℃",1,https://gscs-b2c.lge.com/open/downloadFile?fileId=u5wCkEr3mrG8aaEDzmoSSA
WMT036,LG 트롬 오브제컬렉션 세탁기,https://www.lge.co.kr/kr/images/washing-machines/md10420860/gallery/medium-interior01.jpg,1705000,1,2100,21,,700,990,770,91,스페이스 블랙,"700 x 990 x 1,360",다이얼+풀터치버튼 및 LED 디스플레이,"냉수, 30, 40, 60, 95℃",1,https://gscs-b2c.lge.com/open/downloadFile?fileId=u5wCkEr3mrG8aaEDzmoSSA
WMT037,LG 트롬 오브제컬렉션 세탁기,https://www.lge.co.kr/kr/images/washing-machines/md10412831/gallery/medium-interior01.jpg,1550000,3,2100,21,,700,990,770,91,모던 스테인리스,"700 x 990 x 1,360",다이얼+풀터치버튼 및 LED 디스플레이,"냉수, 30, 40, 60, 95℃",1,https://gscs-b2c.lge.com/open/downloadFile?fileId=u5wCkEr3mrG8aaEDzmoSSA
WMT038,LG 트롬 오브제컬렉션 세탁기,https://www.lge.co.kr/kr/images/washing-machines/md10732846/gallery/medium-interior01.jpg,1650000,1,2100,21,,700,990,770,91,모던 스테인리스,"700 x 990 x 1,360",다이얼+풀터치버튼 및 LED 디스플레이,"냉수, 30, 40, 60, 95℃",1,https://gscs-b2c.lge.com/open/downloadFile?fileId=u5wCkEr3mrG8aaEDzmoSSA
WMT039,LG 트롬 오브제컬렉션 세탁기,https://www.lge.co.kr/kr/images/washing-machines/md10412832/gallery/medium-interior01.jpg,,3,2100,21,,700,990,770,91,릴리 화이트,"700 x 990 x 1,360",다이얼+풀터치버튼 및 LED 디스플레이,"냉수, 30, 40, 60, 95℃",1,https://gscs-b2c.lge.com/open/downloadFile?fileId=u5wCkEr3mrG8aaEDzmoSSA
WMT040,LG 트롬 오브제컬렉션 세탁기,https://www.lge.co.kr/kr/images/washing-machines/md10732847/gallery/medium-interior01.jpg,1600000,1,2100,21,,700,990,770,91,릴리 화이트,"700 x 990 x 1,360",다이얼+풀터치버튼 및 LED 디스플레이,"냉수, 30, 40, 60, 95℃",1,https://gscs-b2c.lge.com/open/downloadFile?fileId=u5wCkEr3mrG8aaEDzmoSSA
WMT041,LG 트롬 오브제컬렉션 + 건조기,https://www.lge.co.kr/kr/images/washing-machines/md10466832/gallery/medium01.jpg,3690000,1,2100,24,20,700,990,830,93,네이처 베이지,"700x990x1,410",다이얼+풀터치버튼 및 LED 디스플레이,"냉수, 30, 40, 60, 95℃",1,https://gscs-b2c.lge.com/open/downloadFile?fileId=HePzePoyaPhap1gGHrQKw
WMT042,LG 트롬 오브제컬렉션 세탁기,https://www.lge.co.kr/kr/images/washing-machines/md10420859/gallery/medium-interior01.jpg,1900000,1,2100,24,,700,990,830,93,네이처 베이지,"700x990x1,410",다이얼+풀터치버튼 및 LED 디스플레이,"냉수, 30, 40, 60, 95℃",1,https://gscs-b2c.lge.com/open/downloadFile?fileId=HePzePoyaPhap1gGHrQKw
WMT043,LG 트롬 오브제컬렉션 + 키높이 수납함,https://www.lge.co.kr/kr/images/washing-machines/md10466838/gallery/medium01.jpg,2650000,1,2100,24,,700,990,830,93,네이처 베이지,"700x990x1,410",다이얼+풀터치버튼 및 LED 디스플레이,"냉수, 30, 40, 60, 95℃",1,https://gscs-b2c.lge.com/open/downloadFile?fileId=HePzePoyaPhap1gGHrQKw
WMT044,LG 트롬 오브제컬렉션 + 미니워시,https://www.lge.co.kr/kr/images/washing-machines/md10466836/gallery/medium01.jpg,2890000,1,2100,24,,700,990,830,93,네이처 베이지,"700x990x1,410",다이얼+풀터치버튼 및 LED 디스플레이,"냉수, 30, 40, 60, 95℃",1,https://gscs-b2c.lge.com/open/downloadFile?fileId=HePzePoyaPhap1gGHrQKw
WMT045,LG 트롬 오브제컬렉션 세탁기,https://www.lge.co.kr/kr/images/washing-machines/md10420858/gallery/medium-interior01.jpg,,1,2100,24,,700,990,830,93,네이처 그린,"700x990x1,410",다이얼+풀터치버튼 및 LCD+LED 디스플레이,"냉수, 30, 40, 60, 95℃",1,https://gscs-b2c.lge.com/open/downloadFile?fileId=HePzePoyaPhap1gGHrQKw
WMT046,LG 트롬 오브제컬렉션 + 건조기,https://www.lge.co.kr/kr/images/washing-machines/md10438838/gallery/medium01.jpg,3440000,1,2100,24,18,700,990,830,93,스페이스 블랙,"700 x 990 x 1,410",다이얼+풀터치버튼 및 LED 디스플레이,"냉수, 30, 40, 60, 95℃",1,https://gscs-b2c.lge.com/open/downloadFile?fileId=AwpLjUJtXHcGGbgG3BbAg
WMT047,LG 트롬 오브제컬렉션 + 건조기,https://www.lge.co.kr/kr/images/washing-machines/md10438837/gallery/medium01.jpg,3540000,1,2100,24,19,700,990,830,93,스페이스 블랙,"700 x 990 x 1,410",다이얼+풀터치버튼 및 LED 디스플레이,"냉수, 30, 40, 60, 95℃",1,https://gscs-b2c.lge.com/open/downloadFile?fileId=AwpLjUJtXHcGGbgG3BbAg
WMT048,LG 트롬 오브제컬렉션 + 건조기,https://www.lge.co.kr/kr/images/washing-machines/md10438835/gallery/medium01.jpg,3590000,1,2100,24,20,700,990,830,93,스페이스 블랙,"700 x 990 x 1,410",다이얼+풀터치버튼 및 LED 디스플레이,"냉수, 30, 40, 60, 95℃",1,https://gscs-b2c.lge.com/open/downloadFile?fileId=AwpLjUJtXHcGGbgG3BbAg
WMT049,LG 트롬 오브제컬렉션 + 건조기,https://www.lge.co.kr/kr/images/washing-machines/md10438836/gallery/medium01.jpg,3540000,1,2100,24,20,700,990,830,93,스페이스 블랙,"700 x 990 x 1,410",다이얼+풀터치버튼 및 LED 디스플레이,"냉수, 30, 40, 60, 95℃",1,https://gscs-b2c.lge.com/open/downloadFile?fileId=AwpLjUJtXHcGGbgG3BbAg
WMT050,LG 트롬 오브제컬렉션 세탁기,https://www.lge.co.kr/kr/images/washing-machines/md10041839/gallery/medium-interior01.jpg,1943000,1,2100,24,,700,990,830,93,스페이스 블랙,"700 x 990 x 1,410",다이얼+풀터치버튼 및 LED 디스플레이,"냉수, 30, 40, 60, 95℃",1,https://gscs-b2c.lge.com/open/downloadFile?fileId=HePzePoyaPhap1gGHrQKw
WMT051,LG 트롬 오브제컬렉션 + 미니워시,https://www.lge.co.kr/kr/images/washing-machines/md10441830/gallery/medium01.jpg,2831000,1,2100,24,,700,990,830,93,스페이스 블랙,"700 x 990 x 1,410",다이얼+풀터치버튼 및 LED 디스플레이,"냉수, 30, 40, 60, 95℃",1,https://gscs-b2c.lge.com/open/downloadFile?fileId=AwpLjUJtXHcGGbgG3BbAg
WMT052,LG 트롬 오브제컬렉션 + 건조기,https://www.lge.co.kr/kr/images/washing-machines/md10438840/gallery/medium01.jpg,,1,2100,24,20,700,990,830,93,모던 스테인리스,"700 x 990 x 1,410",다이얼+풀터치버튼 및 LED 디스플레이,"냉수, 30, 40, 60, 95℃",1,https://gscs-b2c.lge.com/open/downloadFile?fileId=AwpLjUJtXHcGGbgG3BbAg
WMT053,LG 트롬 오브제컬렉션 세탁기,https://www.lge.co.kr/kr/images/washing-machines/md10404840/gallery/medium-interior01.jpg,1800000,1,2100,24,,700,990,830,93,모던 스테인리스,"700 x 990 x 1,410",다이얼+풀터치버튼 및 LED 디스플레이,"냉수, 30, 40, 60, 95℃",1,https://gscs-b2c.lge.com/open/downloadFile?fileId=HePzePoyaPhap1gGHrQKw
WMT054,LG 트롬 오브제컬렉션 + 미니워시,https://www.lge.co.kr/kr/images/washing-machines/md10441831/gallery/medium01.jpg,,1,2100,24,,700,990,830,93,모던 스테인리스,"700 x 990 x 1,410",다이얼+풀터치버튼 및 LED 디스플레이,"냉수, 30, 40, 60, 95℃",1,https://gscs-b2c.lge.com/open/downloadFile?fileId=AwpLjUJtXHcGGbgG3BbAg
WMT055,LG 트롬 오브제컬렉션 키높이 수납함,https://www.lge.co.kr/kr/images/washing-machines/md09089828/gallery/medium01.jpg,222000,,,,,700,360,770,,네이처 그린,,,,0,https://gscs-b2c.lge.com/open/downloadFile?fileId=nvQiUySZtt8Q6PSJZsd0Og
WMT056,LG 트롬 오브제컬렉션 세탁기,https://www.lge.co.kr/kr/images/washing-machines/md10596830/gallery/medium-interior01.jpg,1850000,1,2100,23,,700,990,830,95,네이처 베이지,"700 x 990 x 1,410",다이얼+풀터치버튼 및 LCD+LED 디스플레이,"냉수, 30, 40, 60, 95℃",1,https://gscs-b2c.lge.com/open/downloadFile?fileId=xNrT8CK3QU2HfEUmwEFuEw
WMT057,LG 트롬 오브제컬렉션 세탁기,https://www.lge.co.kr/kr/images/washing-machines/md10596832/gallery/medium-interior01.jpg,1850000,1,2100,23,,700,990,830,95,네이처 그린,"700 x 990 x 1,410",다이얼+풀터치버튼 및 LCD+LED 디스플레이,"냉수, 30, 40, 60, 95℃",1,https://gscs-b2c.lge.com/open/downloadFile?fileId=xNrT8CK3QU2HfEUmwEFuEw
WMT058,LG 트롬 오브제컬렉션 세탁기,https://www.lge.co.kr/kr/images/washing-machines/md09668831/gallery/medium-interior01.jpg,1850000,1,2100,23,,700,990,830,95,스페이스 블랙,"700 x 990 x 1,410",다이얼+풀터치버튼 및 LCD+LED 디스플레이,"냉수, 30, 40, 60, 95℃",1,https://gscs-b2c.lge.com/open/downloadFile?fileId=xNrT8CK3QU2HfEUmwEFuEw
WMT059,LG 트롬 오브제컬렉션 세탁기,https://www.lge.co.kr/kr/images/washing-machines/md09668833/gallery/medium-interior01.jpg,1700000,2,2100,23,,700,990,830,95,모던 스테인리스,"700 x 990 x 1,410",다이얼+풀터치버튼 및 LCD+LED 디스플레이,"냉수, 30, 40, 60, 95℃",1,https://gscs-b2c.lge.com/open/downloadFile?fileId=xNrT8CK3QU2HfEUmwEFuEw
WMT060,LG 트롬 오브제컬렉션 세탁기,https://www.lge.co.kr/kr/images/washing-machines/md09668833/gallery/medium-interior01.jpg,1800000,1,2100,23,,700,990,830,95,모던 스테인리스,"700 x 990 x 1,410",다이얼+풀터치버튼 및 LCD+LED 디스플레이,"냉수, 30, 40, 60, 95℃",1,https://gscs-b2c.lge.com/open/downloadFile?fileId=xNrT8CK3QU2HfEUmwEFuEw
WMT061,LG 트롬 세탁기,https://www.lge.co.kr/kr/images/washing-machines/md10596835/gallery/medium-interior01.jpg,1700000,1,2100,23,,700,990,830,95,화이트,"700 x 990 x 1,406",다이얼+풀터치버튼 및 LCD+LED 디스플레이,"냉수, 30, 40, 60, 95℃",1,https://gscs-b2c.lge.com/open/downloadFile?fileId=xNrT8CK3QU2HfEUmwEFuEw
WMT062,LG 트롬 오브제컬렉션 세탁기,https://www.lge.co.kr/kr/images/washing-machines/md10596836/gallery/medium-interior01.jpg,1850000,1,2100,24,,700,990,830,95,네이처 베이지,"700 x 990 x 1,410",다이얼+풀터치버튼 및 LCD+LED 디스플레이,"냉수, 30, 40, 60, 95℃",1,https://gscs-b2c.lge.com/open/downloadFile?fileId=xNrT8CK3QU2HfEUmwEFuEw
WMT063,LG 트롬 오브제컬렉션 세탁기,https://www.lge.co.kr/kr/images/washing-machines/md10596837/gallery/medium-interior01.jpg,1850000,1,2100,24,,700,990,830,95,네이처 그린,"700 x 990 x 1,410",다이얼+풀터치버튼 및 LCD+LED 디스플레이,"냉수, 30, 40, 60, 95℃",1,https://gscs-b2c.lge.com/open/downloadFile?fileId=xNrT8CK3QU2HfEUmwEFuEw
WMT064,LG 트롬 오브제컬렉션 세탁기,https://www.lge.co.kr/kr/images/washing-machines/md09914826/gallery/medium-interior01.jpg,1953000,1,2100,24,,700,990,830,95,스페이스 블랙,"700 x 990 x 1,410",다이얼+풀터치버튼 및 LCD+LED 디스플레이,"냉수, 30, 40, 60, 95℃",1,https://gscs-b2c.lge.com/open/downloadFile?fileId=xNrT8CK3QU2HfEUmwEFuEw
WMT065,LG 트롬 세탁기,https://www.lge.co.kr/kr/images/washing-machines/md10596839/gallery/medium-interior01.jpg,1850000,1,2100,24,,700,990,830,95,모던 스테인리스,"700 x 990 x 1,410",다이얼+풀터치버튼 및 LCD+LED 디스플레이,"냉수, 30, 40, 60, 95℃",1,https://gscs-b2c.lge.com/open/downloadFile?fileId=jiYBw3hytS4vgp6z03lnsg
WMT066,LG 트롬 오브제컬렉션 세탁기,https://www.lge.co.kr/kr/images/washing-machines/md09529827/gallery/medium-interior01.jpg,1650000,2,2100,24,,700,990,830,95,화이트,"700 x 990 x 1,410",다이얼+풀터치버튼 및 LCD+LED 디스플레이,"냉수, 30, 40, 60, 95℃",1,https://gscs-b2c.lge.com/open/downloadFile?fileId=xNrT8CK3QU2HfEUmwEFuEw
WMT067,LG 트롬 오브제컬렉션 세탁기 + 스태킹키트,https://www.lge.co.kr/kr/images/washing-machines/md10631855/gallery/medium01.jpg,1650000,2,2100,24,,700,990,830,95,화이트,"700 x 990 x 1,410",다이얼+풀터치버튼 및 LCD+LED 디스플레이,"냉수, 30, 40, 60, 95℃",1,https://gscs-b2c.lge.com/open/downloadFile?fileId=xNrT8CK3QU2HfEUmwEFuEw
WMT068,LG 트롬 오브제컬렉션 세탁기,https://www.lge.co.kr/kr/images/washing-machines/md09529827/gallery/medium-interior01.jpg,1750000,1,2100,24,,700,990,830,95,릴리 화이트,"700 x 990 x 1,406",다이얼+풀터치버튼 및 LCD+LED 디스플레이,"냉수, 30, 40, 60, 95℃",1,https://gscs-b2c.lge.com/open/downloadFile?fileId=xNrT8CK3QU2HfEUmwEFuEw
WMT069,LG 트롬 세탁기 + 건조기,https://www.lge.co.kr/kr/images/washing-machines/md10634839/gallery/medium01.jpg,,2,2200,24,20,700,990,830,95,화이트,"700 x 990 x 1,410",다이얼+풀터치버튼 및 LCD+LED 디스플레이,"냉수, 30, 40, 60, 95℃",1,https://gscs-b2c.lge.com/open/downloadFile?fileId=jiYBw3hytS4vgp6z03lnsg
WMT070,LG 트롬 세탁기,https://www.lge.co.kr/kr/images/washing-machines/md10596841/gallery/medium-interior01.jpg,1700000,2,2200,24,,700,990,830,95,화이트,"700 x 990 x 1,410",다이얼+풀터치버튼 및 LCD+LED 디스플레이,"냉수, 30, 40, 60, 95℃",1,https://gscs-b2c.lge.com/open/downloadFile?fileId=jiYBw3hytS4vgp6z03lnsg
WMT071,LG 트롬 세탁기 + 미니워시,https://www.lge.co.kr/kr/images/washing-machines/md10635832/gallery/medium01.jpg,,2,2200,24,,700,990,830,95,화이트,"700 x 990 x 1,410",다이얼+풀터치버튼 및 LCD+LED 디스플레이,"냉수, 30, 40, 60, 95℃",1,https://gscs-b2c.lge.com/open/downloadFile?fileId=jiYBw3hytS4vgp6z03lnsg
WMT072,LG 트롬 세탁기,https://www.lge.co.kr/kr/images/washing-machines/md10596841/gallery/medium-interior01.jpg,1800000,1,2200,24,,700,990,830,95,화이트,"700 x 990 x 1,410",다이얼+풀터치버튼 및 LCD+LED 디스플레이,"냉수, 30, 40, 60, 95℃",1,https://gscs-b2c.lge.com/open/downloadFile?fileId=jiYBw3hytS4vgp6z03lnsg
WMT073,LG 트롬 AI 오브제컬렉션 세탁기,https://www.lge.co.kr/kr/images/washing-machines/md10597888/gallery/medium-interior01.jpg,2300000,1,2200,25,,700,990,830,95,아몬드,"700 x 990 x 1,410",다이얼+풀터치버튼 및 LCD+LED 디스플레이,"냉수, 30, 40, 60, 95℃",1,https://gscs-b2c.lge.com/open/downloadFile?fileId=SxFfzryaDqEvK6OHaa3sA
WMT074,LG 트롬 오브제컬렉션 세탁기,https://www.lge.co.kr/kr/images/washing-machines/md10412845/gallery/medium-interior01.jpg,2100000,1,2100,25,,700,990,830,94,네이처 베이지,"700 x 990 x 1,410",다이얼+풀터치버튼 및 LCD+LED 디스플레이,"냉수, 30, 40, 60, 95℃",1,https://gscs-b2c.lge.com/open/downloadFile?fileId=1DsUL1PxU6Y9rsW4TBMAtA
WMT075,LG 트롬 AI 오브제컬렉션 세탁기,https://www.lge.co.kr/kr/images/washing-machines/md10597883/gallery/medium-interior01.jpg,2300000,1,2200,25,,700,990,830,95,네이처 베이지,"700 x 990 x 1,410",다이얼+풀터치버튼 및 LCD+LED 디스플레이,"냉수, 30, 40, 60, 95℃",1,https://gscs-b2c.lge.com/open/downloadFile?fileId=SxFfzryaDqEvK6OHaa3sA
WMT076,LG 트롬 오브제컬렉션 세탁기,https://www.lge.co.kr/kr/images/washing-machines/md10412847/gallery/medium-interior01.jpg,2140000,1,2100,25,,700,990,830,94,네이처 베이지,"700 x 990 x 1,410",다이얼+풀터치버튼 및 LCD+LED 디스플레이,"냉수, 30, 40, 60, 95℃",1,https://gscs-b2c.lge.com/open/downloadFile?fileId=kVfSsQlIMVImf93lPwrEaA
WMT077,LG 트롬 오브제컬렉션 세탁기,https://www.lge.co.kr/kr/images/washing-machines/md10295853/gallery/medium-interior01.jpg,,1,2200,25,,700,990,830,94,네이처 베이지,"700x990x1,410",다이얼+풀터치버튼 및 LCD+LED 디스플레이,"냉수, 30, 40, 60, 95℃",1,https://gscs-b2c.lge.com/open/downloadFile?fileId=16At4WVG2f4hO0EFLRqcw
WMT078,LG 트롬 오브제컬렉션 세탁기,https://www.lge.co.kr/kr/images/washing-machines/md10412844/gallery/medium-interior01.jpg,2100000,1,2100,25,,700,990,830,94,네이처 그린,"700 x 990 x 1,410",다이얼+풀터치버튼 및 LCD+LED 디스플레이,"냉수, 30, 40, 60, 95℃",1,https://gscs-b2c.lge.com/open/downloadFile?fileId=1DsUL1PxU6Y9rsW4TBMAtA
WMT079,LG 트롬 AI 오브제컬렉션 세탁기,https://www.lge.co.kr/kr/images/washing-machines/md10597882/gallery/medium-interior01.jpg,2300000,1,2200,25,,700,990,830,95,네이처 그린,"700 x 990 x 1,410",다이얼+풀터치버튼 및 LCD+LED 디스플레이,"냉수, 30, 40, 60, 95℃",1,https://gscs-b2c.lge.com/open/downloadFile?fileId=SxFfzryaDqEvK6OHaa3sA
WMT080,LG 트롬 오브제컬렉션 세탁기,https://www.lge.co.kr/kr/images/washing-machines/md10412846/gallery/medium-interior01.jpg,2050000,1,2100,25,,700,990,830,94,네이처 그린,"700 x 990 x 1,410",다이얼+풀터치버튼 및 LCD+LED 디스플레이,"냉수, 30, 40, 60, 95℃",1,https://gscs-b2c.lge.com/open/downloadFile?fileId=nYmPCa4rxUi0DnyBCIKVzg
WMT081,LG 트롬 오브제컬렉션 세탁기,https://www.lge.co.kr/kr/images/washing-machines/md10295852/gallery/medium-interior01.jpg,2276000,1,2200,25,,700,990,830,94,네이처 그린,"700x990x1,410",다이얼+풀터치버튼 및 LCD+LED 디스플레이,"냉수, 30, 40, 60, 95℃",1,https://gscs-b2c.lge.com/open/downloadFile?fileId=16At4WVG2f4hO0EFLRqcw
WMT082,LG 트롬 오브제컬렉션 세탁기,https://www.lge.co.kr/kr/images/washing-machines/md10412839/gallery/medium-interior01.jpg,2190000,1,2200,25,,700,990,830,94,네이처 그린,"700 x 990 x 1,410",다이얼+풀터치버튼 및 LCD+LED 디스플레이,"냉수, 30, 40, 60, 95℃",1,https://gscs-b2c.lge.com/open/downloadFile?fileId=ZMLqWIh0ctu9NtCnuBvntg
WMT083,LG 트롬 AI 오브제컬렉션 세탁기,https://www.lge.co.kr/kr/images/washing-machines/md10597890/gallery/medium-interior01.jpg,2300000,1,2200,25,,700,990,830,95,에센스 화이트,"700 x 990 x 1,410",다이얼+풀터치버튼 및 LCD+LED 디스플레이,"냉수, 30, 40, 60, 95℃",1,https://gscs-b2c.lge.com/open/downloadFile?fileId=SxFfzryaDqEvK6OHaa3sA
WMT084,LG 트롬 AI 오브제컬렉션 세탁기,https://www.lge.co.kr/kr/images/washing-machines/md10689827/gallery/medium-interior01.jpg,2300000,1,2200,25,,700,990,830,95,스페이스 블랙,"700 x 990 x 1,410",다이얼+풀터치버튼 및 LCD+LED 디스플레이,"냉수, 30, 40, 60, 95℃",1,https://gscs-b2c.lge.com/open/downloadFile?fileId=SxFfzryaDqEvK6OHaa3sA
WMT085,LG 트롬 오브제컬렉션 세탁기,https://www.lge.co.kr/kr/images/washing-machines/md10412841/gallery/medium-interior01.jpg,2220000,1,2200,25,,700,990,830,94,스페이스 블랙,"700 x 990 x 1,410",다이얼+풀터치버튼 및 LCD+LED 디스플레이,"냉수, 30, 40, 60, 95℃",1,https://gscs-b2c.lge.com/open/downloadFile?fileId=4k1axc3Kgkt8B3tFtPkuQQ
WMT086,LG 트롬 AI 오브제컬렉션 세탁기,https://www.lge.co.kr/kr/images/washing-machines/md10597886/gallery/medium-interior01.jpg,2300000,1,2200,25,,700,990,830,95,모던 스테인리스,"700 x 990 x 1,410",다이얼+풀터치버튼 및 LCD+LED 디스플레이,"냉수, 30, 40, 60, 95℃",1,https://gscs-b2c.lge.com/open/downloadFile?fileId=SxFfzryaDqEvK6OHaa3sA
WMT087,LG 트롬 오브제컬렉션 세탁기,https://www.lge.co.kr/kr/images/washing-machines/md09668827/gallery/medium-interior01.jpg,2171000,1,2200,25,,700,990,830,95,릴리 화이트,"700 x 990 x 1,410",다이얼+풀터치버튼 및 LCD+LED 디스플레이,"냉수, 30, 40, 60, 95℃",1,https://gscs-b2c.lge.com/open/downloadFile?fileId=jiYBw3hytS4vgp6z03lnsg
WMT088,LG 트롬 오브제컬렉션 미니워시,https://www.lge.co.kr/kr/images/washing-machines/md09088897/gallery/medium11.jpg,944000,,1500,4,,700,360,770,,네이처 그린,블랙 강화유리 도어,,,0,https://gscs-b2c.lge.com/open/downloadFile?fileId=nx4ytgTmk0Nr5Avl0vT3g
WMT089,LG 트롬 미니워시,https://www.lge.co.kr/kr/images/washing-machines/md09091838/gallery/medium11.jpg,700000,,1500,4,,700,360,770,,릴리 화이트,블랙 강화유리 도어,,,0,https://gscs-b2c.lge.com/open/downloadFile?fileId=nx4ytgTmk0Nr5Avl0vT3g
WMT090,LG 트롬 건조 겸용 세탁기 · 9kg / 4.5kg,https://www.lge.co.kr/kr/images/washing-machines/md10561839/gallery/medium-interior01.jpg,770000,2,2010,9,4,600,850,550,61,화이트,"600x850x1,030",다이얼+풀터치버튼 및 LED 디스플레이,"냉수, 20, 30, 40, 60, 95℃",1,https://gscs-b2c.lge.com/open/downloadFile?fileId=CQuYd3BxA8Odrr2MuuEXUQ
WMT091,LG 트롬 건조 겸용 세탁기 · 9kg / 4.5kg,https://www.lge.co.kr/kr/images/washing-machines/md10561838/gallery/medium-interior01.jpg,750000,2,2010,9,4,600,825,550,59,화이트,"600x825x1,030",다이얼+풀터치버튼 및 LED 디스플레이,"냉수, 20, 30, 40, 60, 95℃",1,https://gscs-b2c.lge.com/open/downloadFile?fileId=ThlsRLJ2tfqmFyy5Xr6cug
WMT092,LG 트롬 오브제컬렉션 + 건조기 + 스태킹키트,https://www.lge.co.kr/kr/images/washing-machines/md10066840/gallery/medium03.jpg,,1,2100,19,18,700,990,770,91,네이처 그린,"700 x 990 x 1,360",다이얼+풀터치버튼 및 LED 디스플레이,"냉수, 30, 40, 60, 95℃",1,https://gscs-b2c.lge.com/open/downloadFile?fileId=u5wCkEr3mrG8aaEDzmoSSA
WMT093,LG 트롬 오브제컬렉션 + 건조기 + 스태킹키트,https://www.lge.co.kr/kr/images/washing-machines/md10066838/gallery/medium03.jpg,,1,2100,19,19,700,990,770,91,네이처 그린,"700 x 990 x 1,360",다이얼+풀터치버튼 및 LED 디스플레이,"냉수, 30, 40, 60, 95℃",1,https://gscs-b2c.lge.com/open/downloadFile?fileId=u5wCkEr3mrG8aaEDzmoSSA
WMT094,LG 트롬 오브제컬렉션 + 건조기 + 스태킹키트,https://www.lge.co.kr/kr/images/washing-machines/md10066837/gallery/medium03.jpg,,1,2100,19,19,700,990,770,91,네이처 그린,"700 x 990 x 1,360",다이얼+풀터치버튼 및 LED 디스플레이,"냉수, 30, 40, 60, 95℃",1,https://gscs-b2c.lge.com/open/downloadFile?fileId=u5wCkEr3mrG8aaEDzmoSSA
WMT095,LG 트롬 오브제컬렉션 + 건조기 + 스태킹키트,https://www.lge.co.kr/kr/images/washing-machines/md10490830/gallery/medium03.jpg,3240000,3,2100,21,19,700,990,770,91,모던 스테인리스,"700 x 990 x 1,360",다이얼+풀터치버튼 및 LED 디스플레이,"냉수, 30, 40, 60, 95℃",1,https://gscs-b2c.lge.com/open/downloadFile?fileId=u5wCkEr3mrG8aaEDzmoSSA
WMT096,LG 트롬 오브제컬렉션 + 건조기 + 스태킹키트,https://www.lge.co.kr/kr/images/washing-machines/md10466834/gallery/medium01.jpg,3640000,1,2100,24,20,700,990,830,93,네이처 베이지,"700x990x1,410",다이얼+풀터치버튼 및 LED 디스플레이,"냉수, 30, 40, 60, 95℃",1,https://gscs-b2c.lge.com/open/downloadFile?fileId=HePzePoyaPhap1gGHrQKw
WMT097,LG 트롬 오브제컬렉션 + 건조기 + 스태킹키트,https://www.lge.co.kr/kr/images/washing-machines/md10439829/gallery/medium03.jpg,3250000,1,2100,24,18,700,990,830,93,스페이스 블랙,"700 x 990 x 1,410",다이얼+풀터치버튼 및 LED 디스플레이,"냉수, 30, 40, 60, 95℃",1,https://gscs-b2c.lge.com/open/downloadFile?fileId=AwpLjUJtXHcGGbgG3BbAg
WMT098,LG 트롬 오브제컬렉션 + 건조기 + 스태킹키트,https://www.lge.co.kr/kr/images/washing-machines/md10439828/gallery/medium03.jpg,3818000,1,2100,24,19,700,990,830,93,스페이스 블랙,"700 x 990 x 1,410",다이얼+풀터치버튼 및 LED 디스플레이,"냉수, 30, 40, 60, 95℃",1,https://gscs-b2c.lge.com/open/downloadFile?fileId=AwpLjUJtXHcGGbgG3BbAg
WMT099,LG 트롬 오브제컬렉션 + 건조기 + 스태킹키트,https://www.lge.co.kr/kr/images/washing-machines/md10439826/gallery/medium03.jpg,3540000,1,2100,24,20,700,990,830,93,스페이스 블랙,"700 x 990 x 1,410",다이얼+풀터치버튼 및 LED 디스플레이,"냉수, 30, 40, 60, 95℃",1,https://gscs-b2c.lge.com/open/downloadFile?fileId=AwpLjUJtXHcGGbgG3BbAg
WMT100,LG 트롬 오브제컬렉션 + 건조기 + 스태킹키트,https://www.lge.co.kr/kr/images/washing-machines/md10439827/gallery/medium03.jpg,3490000,1,2100,24,20,700,990,830,93,스페이스 블랙,"700 x 990 x 1,410",다이얼+풀터치버튼 및 LED 디스플레이,"냉수, 30, 40, 60, 95℃",1,https://gscs-b2c.lge.com/open/downloadFile?fileId=AwpLjUJtXHcGGbgG3BbAg
WMT101,LG 트롬 오브제컬렉션 세탁기 + 건조기 + 스태킹키트,https://www.lge.co.kr/kr/images/washing-machines/md10641839/gallery/medium01.jpg,3730000,1,2100,24,20,700,990,830,95,스페이스 블랙,"700 x 990 x 1,410",다이얼+풀터치버튼 및 LCD+LED 디스플레이,"냉수, 30, 40, 60, 95℃",1,https://gscs-b2c.lge.com/open/downloadFile?fileId=xNrT8CK3QU2HfEUmwEFuEw
WMT102,LG 트롬 AI 오브제컬렉션 세탁기 + LG 트롬 AI 오브제컬렉션 건조기 + 스태킹키트,https://www.lge.co.kr/kr/images/washing-machines/md10709835/gallery/medium01.jpg,5030000,1,2200,25,25,700,990,830,95,아몬드,"700 x 990 x 1,410",다이얼+풀터치버튼 및 LCD+LED 디스플레이,"냉수, 30, 40, 60, 95℃",1,https://gscs-b2c.lge.com/open/downloadFile?fileId=SxFfzryaDqEvK6OHaa3sA
WMT103,LG 트롬 AI 오브제컬렉션 세탁기 + LG 트롬 AI 오브제컬렉션 건조기 + 스태킹키트,https://www.lge.co.kr/kr/images/washing-machines/md10709837/gallery/medium01.jpg,5030000,1,2200,25,25,700,990,830,95,아몬드,"700 x 990 x 1,410",다이얼+풀터치버튼 및 LCD+LED 디스플레이,"냉수, 30, 40, 60, 95℃",1,https://gscs-b2c.lge.com/open/downloadFile?fileId=SxFfzryaDqEvK6OHaa3sA
WMT104,LG 트롬 오브제컬렉션 + 건조기 + 스태킹키트,https://www.lge.co.kr/kr/images/washing-machines/md10476831/gallery/medium01.jpg,3930000,1,2100,25,20,700,990,830,94,네이처 베이지,"700 x 990 x 1,410",다이얼+풀터치버튼 및 LCD+LED 디스플레이,"냉수, 30, 40, 60, 95℃",1,https://gscs-b2c.lge.com/open/downloadFile?fileId=1DsUL1PxU6Y9rsW4TBMAtA
WMT105,LG 트롬 AI 오브제컬렉션 세탁기 + LG 트롬 AI 오브제컬렉션 건조기 + 스태킹키트,https://www.lge.co.kr/kr/images/washing-machines/md10709846/gallery/medium01.jpg,5030000,1,2200,25,25,700,990,830,95,네이처 베이지,"700 x 990 x 1,410",다이얼+풀터치버튼 및 LCD+LED 디스플레이,"냉수, 30, 40, 60, 95℃",1,https://gscs-b2c.lge.com/open/downloadFile?fileId=SxFfzryaDqEvK6OHaa3sA
WMT106,LG 트롬 AI 오브제컬렉션 세탁기 + LG 트롬 AI 오브제컬렉션 건조기 + 스태킹키트,https://www.lge.co.kr/kr/images/washing-machines/md10709847/gallery/medium01.jpg,5030000,1,2200,25,,700,990,830,95,네이처 베이지,"700 x 990 x 1,410",다이얼+풀터치버튼 및 LCD+LED 디스플레이,"냉수, 30, 40, 60, 95℃",1,https://gscs-b2c.lge.com/open/downloadFile?fileId=SxFfzryaDqEvK6OHaa3sA
WMT107,LG 트롬 오브제컬렉션 + 건조기 + 스태킹키트,https://www.lge.co.kr/kr/images/washing-machines/md10476830/gallery/medium01.jpg,3930000,1,2100,25,20,700,990,830,94,네이처 그린,"700 x 990 x 1,410",다이얼+풀터치버튼 및 LCD+LED 디스플레이,"냉수, 30, 40, 60, 95℃",1,https://gscs-b2c.lge.com/open/downloadFile?fileId=1DsUL1PxU6Y9rsW4TBMAtA
WMT108,LG 트롬 AI 오브제컬렉션 세탁기 + LG 트롬 AI 오브제컬렉션 건조기 + 스태킹키트,https://www.lge.co.kr/kr/images/washing-machines/md10709849/gallery/medium01.jpg,5030000,1,2200,25,25,700,990,830,95,네이처 그린,"700 x 990 x 1,410",다이얼+풀터치버튼 및 LCD+LED 디스플레이,"냉수, 30, 40, 60, 95℃",1,https://gscs-b2c.lge.com/open/downloadFile?fileId=SxFfzryaDqEvK6OHaa3sA
WMT109,LG 트롬 AI 오브제컬렉션 세탁기 + LG 트롬 AI 오브제컬렉션 건조기 + 스태킹키트,https://www.lge.co.kr/kr/images/washing-machines/md10709848/gallery/medium01.jpg,5030000,1,2200,25,,700,990,830,95,네이처 그린,"700 x 990 x 1,410",다이얼+풀터치버튼 및 LCD+LED 디스플레이,"냉수, 30, 40, 60, 95℃",1,https://gscs-b2c.lge.com/open/downloadFile?fileId=SxFfzryaDqEvK6OHaa3sA
WMT110,LG 트롬 AI 오브제컬렉션 세탁기 + LG 트롬 AI 오브제컬렉션 건조기 + 스태킹키트,https://www.lge.co.kr/kr/images/washing-machines/md10709850/gallery/medium01.jpg,5030000,1,2200,25,25,700,990,830,95,에센스 화이트,"700 x 990 x 1,410",다이얼+풀터치버튼 및 LCD+LED 디스플레이,"냉수, 30, 40, 60, 95℃",1,https://gscs-b2c.lge.com/open/downloadFile?fileId=SxFfzryaDqEvK6OHaa3sA
WMT111,LG 트롬 AI 오브제컬렉션 세탁기 + LG 트롬 AI 오브제컬렉션 건조기 + 스태킹키트,https://www.lge.co.kr/kr/images/washing-machines/md10709851/gallery/medium01.jpg,5030000,1,2200,25,25,700,990,830,95,스페이스 블랙,"700 x 990 x 1,410",다이얼+풀터치버튼 및 LCD+LED 디스플레이,"냉수, 30, 40, 60, 95℃",1,https://gscs-b2c.lge.com/open/downloadFile?fileId=SxFfzryaDqEvK6OHaa3sA
WMT112,LG 트롬 AI 오브제컬렉션 세탁기 + LG 트롬 AI 오브제컬렉션 건조기 + 스태킹키트,https://www.lge.co.kr/kr/images/washing-machines/md10709845/gallery/medium01.jpg,5030000,1,2200,25,25,700,990,830,95,토프,"700 x 990 x 1,410",다이얼+풀터치버튼 및 LCD+LED 디스플레이,"냉수, 30, 40, 60, 95℃",1,https://gscs-b2c.lge.com/open/downloadFile?fileId=SxFfzryaDqEvK6OHaa3sA
WMT113,LG 트롬 AI 오브제컬렉션 세탁기 + LG 트롬 AI 오브제컬렉션 건조기 + 스태킹키트,https://www.lge.co.kr/kr/images/washing-machines/md10709844/gallery/medium01.jpg,5030000,1,2200,25,25,700,990,830,95,토프,"700 x 990 x 1,410",다이얼+풀터치버튼 및 LCD+LED 디스플레이,"냉수, 30, 40, 60, 95℃",1,https://gscs-b2c.lge.com/open/downloadFile?fileId=SxFfzryaDqEvK6OHaa3sA
WMT114,LG 트롬 AI 오브제컬렉션 세탁기 + LG 트롬 AI 오브제컬렉션 건조기 + 스태킹키트,https://www.lge.co.kr/kr/images/washing-machines/md10709852/gallery/medium01.jpg,5030000,1,2200,25,25,700,990,830,95,모던 스테인리스,"700 x 990 x 1,410",다이얼+풀터치버튼 및 LCD+LED 디스플레이,"냉수, 30, 40, 60, 95℃",1,https://gscs-b2c.lge.com/open/downloadFile?fileId=SxFfzryaDqEvK6OHaa3sA
WMT115,LG 트롬 오브제컬렉션 세탁기 + 건조기 + 스태킹키트,https://www.lge.co.kr/kr/images/washing-machines/md10641834/gallery/medium01.jpg,4030000,1,2100,24,21,700,990,830,95,네이처 베이지,"700 x 990 x 1,410",다이얼+풀터치버튼 및 LCD+LED 디스플레이,"냉수, 30, 40, 60, 95℃",1,https://gscs-b2c.lge.com/open/downloadFile?fileId=xNrT8CK3QU2HfEUmwEFuEw
WMT116,LG 트롬 오브제컬렉션 세탁기 + 건조기 + 스태킹키트,https://www.lge.co.kr/kr/images/washing-machines/md10635846/gallery/medium01.jpg,4180000,1,2100,24,22,700,990,830,95,네이처 베이지,"700 x 990 x 1,410",다이얼+풀터치버튼 및 LCD+LED 디스플레이,"냉수, 30, 40, 60, 95℃",1,https://gscs-b2c.lge.com/open/downloadFile?fileId=xNrT8CK3QU2HfEUmwEFuEw
WMT117,LG 트롬 오브제컬렉션 건조기 + LG 통돌이 세탁기,https://www.lge.co.kr/kr/images/dryers/md10193830/gallery/medium01.jpg,2140000,1,950,17,18,700,990,820,75,릴리 화이트,"700 x 990 x 1,380",다이얼+풀터치버튼 및 LED 디스플레이,,0,https://gscs-b2c.lge.com/open/downloadFile?fileId=It2PEnqsYsiPadfW5G6i6w
WMT118,LG 트롬 오브제컬렉션 건조기 + LG 통돌이 세탁기,https://www.lge.co.kr/kr/images/dryers/md10193828/gallery/medium01.jpg,2190000,1,950,17,19,700,990,820,75,화이트,"700 x 990 x 1,340",다이얼 + LED 터치 디스플레이,,0,https://gscs-b2c.lge.com/open/downloadFile?fileId=It2PEnqsYsiPadfW5G6i6w
WMT119,LG 통돌이 세탁기,https://www.lge.co.kr/kr/images/washing-machines/md09745829/gallery/medium-interior01.jpg,700000,2,500,17,,632,1018,670,44,미드프리실버,와이드 다이아몬드 글라스,푸시버튼 및 LED 디스플레이,,0,
WMT120,LG 통돌이 세탁기,https://www.lge.co.kr/kr/images/washing-machines/md09745826/gallery/medium-interior01.jpg,700000,2,500,17,,632,1018,670,44,미드 블랙,와이드 다이아몬드 글라스,푸시버튼 및 LED 디스플레이,,0,https://gscs-b2c.lge.com/open/downloadFile?fileId=5tw3NhS2HlLgW3Ugsr9mfg
WMT121,LG 통돌이 세탁기,https://www.lge.co.kr/kr/images/washing-machines/md09745830/gallery/medium-interior01.jpg,600000,2,500,17,,632,1018,670,44,화이트,와이드 다이아몬드 글라스,푸시버튼 및 LED 디스플레이,,0,https://gscs-b2c.lge.com/open/downloadFile?fileId=vGEKU03iEXxrWaNqrykQ
WMT122,LG 통돌이 세탁기,https://www.lge.co.kr/kr/images/washing-machines/md09745840/gallery/medium-interior01.jpg,888000,2,500,18,,632,1040,670,45,미드 블랙,와이드 다이아몬드 글라스,푸시버튼 및 LED 디스플레이,,0,https://gscs-b2c.lge.com/open/downloadFile?fileId=O38E4buv8rWuSUtYtJYjVQ
WMT123,LG 통돌이 세탁기,https://www.lge.co.kr/kr/images/washing-machines/md09745837/gallery/medium-interior01.jpg,750000,2,500,18,,632,1040,670,45,미드 블랙,와이드 다이아몬드 글라스,푸시버튼 및 LED 디스플레이,,0,https://gscs-b2c.lge.com/open/downloadFile?fileId=O38E4buv8rWuSUtYtJYjVQ
WMT124,LG 통돌이 세탁기,https://www.lge.co.kr/kr/images/washing-machines/md09745836/gallery/medium-interior01.jpg,,2,500,18,,632,1040,670,45,화이트,와이드 다이아몬드 글라스,푸시버튼 및 LED 디스플레이,,0,
WMT125,LG 통돌이 세탁기,https://www.lge.co.kr/kr/images/washing-machines/md09745833/gallery/medium-interior01.jpg,750000,2,500,19,,632,1040,670,45,미드프리실버,와이드 다이아몬드 글라스,푸시버튼 및 LED 디스플레이,,0,https://gscs-b2c.lge.com/open/downloadFile?fileId=O38E4buv8rWuSUtYtJYjVQ
WMT126,LG 통돌이 세탁기,https://www.lge.co.kr/kr/images/washing-machines/md09889843/gallery/medium-interior01.jpg,900000,2,500,19,,632,1040,670,46,미드프리실버,와이드 다이아몬드 글라스,푸시버튼 및 LED 디스플레이,,0,https://gscs-b2c.lge.com/open/downloadFile?fileId=wkmbwoiSfWQYhVl3wgIng
WMT127,LG 통돌이 세탁기,https://www.lge.co.kr/kr/images/washing-machines/md09745832/gallery/medium-interior01.jpg,800000,2,500,19,,632,1040,670,46,미드 블랙,와이드 다이아몬드 글라스,푸시버튼 및 LED 디스플레이,,0,https://gscs-b2c.lge.com/open/downloadFile?fileId=nnP3EvRUPTVyw8bvyQRbJA
WMT128,LG 통돌이 세탁기,https://www.lge.co.kr/kr/images/washing-machines/md09745839/gallery/medium-interior01.jpg,800000,2,500,19,,632,1040,670,45,미드 블랙,와이드 다이아몬드 글라스,푸시버튼 및 LED 디스플레이,,0,https://gscs-b2c.lge.com/open/downloadFile?fileId=O38E4buv8rWuSUtYtJYjVQ
WMT129,LG 통돌이 세탁기,https://www.lge.co.kr/kr/images/washing-machines/md09889844/gallery/medium-interior01.jpg,950000,2,500,19,,632,1040,670,46,미드 블랙,와이드 다이아몬드 글라스,푸시버튼 및 LED 디스플레이,,0,https://gscs-b2c.lge.com/open/downloadFile?fileId=O38E4buv8rWuSUtYtJYjVQ
WMT130,LG 통돌이 세탁기,https://www.lge.co.kr/kr/images/washing-machines/md09889845/gallery/medium-interior01.jpg,,2,500,19,,632,1040,670,46,미드 블랙,와이드 다이아몬드 글라스,푸시버튼 및 LED 디스플레이,,0,https://gscs-b2c.lge.com/open/downloadFile?fileId=O38E4buv8rWuSUtYtJYjVQ
WMT131,LG 통돌이 컴포트 세탁기,https://www.lge.co.kr/kr/images/washing-machines/md10762840/gallery/medium-interior01.jpg,1190000,2,500,19,,651,1060,680,48,오닉스 블랙,와이드 다이아몬드 글라스,다이얼+풀터치버튼 및 LED 디스플레이,,1,
WMT132,LG 통돌이 컴포트 세탁기,https://www.lge.co.kr/kr/images/washing-machines/md10582836/gallery/medium-interior01.jpg,1362000,2,500,21,,686,1092,721,57,에센스 그라파이트,와이드 다이아몬드 글라스,다이얼+풀터치버튼 및 LCD+LED 디스플레이,,1,https://gscs-b2c.lge.com/open/downloadFile?fileId=sbeI1F2NzdUJd54A4ONsdA
WMT133,LG 통돌이 세탁기,https://www.lge.co.kr/kr/images/washing-machines/md09745843/gallery/medium-interior01.jpg,1100000,2,500,21,,690,1070,730,57,미드 블랙,와이드 다이아몬드 글라스,풀터치버튼 및 LCD+LED 디스플레이,,1,https://gscs-b2c.lge.com/open/downloadFile?fileId=5gE333DaYsdulK19CvCMg
WMT134,LG 통돌이 세탁기,https://www.lge.co.kr/kr/images/washing-machines/md10364830/gallery/medium-interior01.jpg,1100000,2,500,21,,690,1070,730,57,미드 블랙,와이드 다이아몬드 글라스,풀터치버튼 및 LCD+LED 디스플레이,,1,https://gscs-b2c.lge.com/open/downloadFile?fileId=5gE333DaYsdulK19CvCMg
WMT135,LG 통돌이 컴포트 세탁기,https://www.lge.co.kr/kr/images/washing-machines/md10582836/gallery/medium-interior01.jpg,,2,500,22,,686,1092,721,57,플래티늄 블랙,와이드 다이아몬드 글라스,다이얼+풀터치버튼 및 LCD+LED 디스플레이,,1,
WMT136,LG 통돌이 컴포트 세탁기,https://www.lge.co.kr/kr/images/washing-machines/md10607829/gallery/medium-interior01.jpg,1340000,2,500,23,,686,1092,721,57,오닉스 블랙,와이드 다이아몬드 글라스,다이얼+풀터치버튼 및 LCD+LED 디스플레이,,1,https://gscs-b2c.lge.com/open/downloadFile?fileId=sbeI1F2NzdUJd54A4ONsdA
WMT137,LG 통돌이 세탁기,https://www.lge.co.kr/kr/images/washing-machines/md09743826/gallery/medium-interior01.jpg,1260000,2,500,23,,690,1070,730,57,플래티늄 블랙,와이드 다이아몬드 글라스,풀터치버튼 및 LCD+LED 디스플레이,,1,https://gscs-b2c.lge.com/open/downloadFile?fileId=5gE333DaYsdulK19CvCMg
WMT138,LG 통돌이 세탁기,https://www.lge.co.kr/kr/images/washing-machines/md09789827/gallery/medium-interior01.jpg,1260000,2,500,23,,690,1070,730,57,플래티넘 블랙,와이드 다이아몬드 글라스,풀터치버튼 및 LCD+LED 디스플레이,,1,https://gscs-b2c.lge.com/open/downloadFile?fileId=5gE333DaYsdulK19CvCMg
WMT139,LG 통돌이 컴포트 세탁기,https://www.lge.co.kr/kr/images/washing-machines/md10646828/gallery/medium-interior01.jpg,1440000,2,500,25,,686,1092,721,59,오닉스 블랙,와이드 다이아몬드 글라스,다이얼+풀터치버튼 및 LED 디스플레이,,1,https://gscs-b2c.lge.com/open/downloadFile?fileId=IsD2DXDOPkQCg8ZaZELV3A
WMT140,LG 통돌이 세탁기,https://www.lge.co.kr/kr/images/washing-machines/md10010829/gallery/medium-interior01.jpg,1340000,2,1500,25,,690,1070,730,59,플래티늄 블랙,와이드 다이아몬드 글라스,풀터치버튼 및 LCD+LED 디스플레이,,1,https://gscs-b2c.lge.com/open/downloadFile?fileId=8BEhXdYgCiuoMF9R5Fmg
WMT141,LG 통돌이 세탁기,https://www.lge.co.kr/kr/images/washing-machines/md10010834/gallery/medium-interior01.jpg,1340000,2,1500,25,,690,1070,730,59,플래티늄 블랙,와이드 다이아몬드 글라스,풀터치버튼 및 LCD+LED 디스플레이,,1,https://gscs-b2c.lge.com/open/downloadFile?fileId=8BEhXdYgCiuoMF9R5Fmg
WMT142,LG 통돌이 컴포트 세탁기,https://www.lge.co.kr/kr/images/washing-machines/md10517831/gallery/medium-interior01.jpg,1640000,2,1500,25,,686,1092,721,59,에센스 그라파이트,와이드 다이아몬드 글라스,다이얼+풀터치버튼 및 LCD+LED 디스플레이,,1,https://gscs-b2c.lge.com/open/downloadFile?fileId=Q7upFLzaTry7nV4XROMgw
WMT143,LG 통돌이 세탁기,https://www.lge.co.kr/kr/images/washing-machines/md10474828/gallery/medium-interior01.jpg,429000,2,300,10,,590,960,606,38,미드프리실버,와이드 다이아몬드 글라스,푸시버튼 및 LED 디스플레이,,0,https://gscs-b2c.lge.com/open/downloadFile?fileId=gh8KEL9WS1uDwV35PZVFCA
WMT144,LG 통돌이 세탁기,https://www.lge.co.kr/kr/images/washing-machines/md10708830/gallery/medium-interior01.jpg,527000,2,300,10,,590,965,610,39,미드 블랙,와이드 다이아몬드 글라스,푸시버튼 및 LED 디스플레이,,1,https://gscs-b2c.lge.com/open/downloadFile?fileId=Y9UM2EXARhv2rQ8piRozA
WMT145,LG 통돌이 세탁기,https://www.lge.co.kr/kr/images/washing-machines/md10744826/gallery/medium-interior01.jpg,516000,2,300,10,,590,965,610,39,화이트,와이드 다이아몬드 글라스,푸시버튼 및 LED 디스플레이,,1,https://gscs-b2c.lge.com/open/downloadFile?fileId=Y9UM2EXARhv2rQ8piRozA
WMT146,LG 통돌이 세탁기,https://www.lge.co.kr/kr/images/washing-machines/md10474827/gallery/medium-interior01.jpg,449000,2,300,12,,590,960,606,38,미드프리실버,와이드 다이아몬드 글라스,푸시버튼 및 LED 디스플레이,,0,https://gscs-b2c.lge.com/open/downloadFile?fileId=gh8KEL9WS1uDwV35PZVFCA
WMT147,LG 통돌이 세탁기,https://www.lge.co.kr/kr/images/washing-machines/md10473827/gallery/medium-interior01.jpg,439000,2,300,12,,590,960,606,38,화이트,와이드 다이아몬드 글라스,푸시버튼 및 LED 디스플레이,,0,https://gscs-b2c.lge.com/open/downloadFile?fileId=TM3kMf3xGcad9NZJlaPhaQ
WMT148,LG 통돌이 세탁기,https://www.lge.co.kr/kr/images/washing-machines/md10474826/gallery/medium-interior01.jpg,500000,2,300,13,,590,960,606,38,미드 블랙,와이드 다이아몬드 글라스,푸시버튼 및 LED 디스플레이,,0,https://gscs-b2c.lge.com/open/downloadFile?fileId=gh8KEL9WS1uDwV35PZVFCA
WMT149,LG 통돌이 세탁기,https://www.lge.co.kr/kr/images/washing-machines/md10708830/gallery/medium-interior01.jpg,582000,2,300,13,,590,965,610,39,미드 블랙,와이드 다이아몬드 글라스,푸시버튼 및 LED 디스플레이,,1,https://gscs-b2c.lge.com/open/downloadFile?fileId=Y9UM2EXARhv2rQ8piRozA
WMT150,LG 통돌이 세탁기,https://www.lge.co.kr/kr/images/washing-machines/md10744826/gallery/medium-interior01.jpg,571000,2,300,13,,590,965,610,39,화이트,와이드 다이아몬드 글라스,푸시버튼 및 LED 디스플레이,,1,https://gscs-b2c.lge.com/open/downloadFile?fileId=Y9UM2EXARhv2rQ8piRozA
WMT151,LG 통돌이 세탁기,https://www.lge.co.kr/kr/images/washing-machines/md10481828/gallery/medium-interior01.jpg,550000,2,300,15,,632,970,670,44,미드프리실버,와이드 다이아몬드 글라스,푸시버튼 및 LED 디스플레이,,1,https://gscs-b2c.lge.com/open/downloadFile?fileId=kbjJsuhmJyZIPP6CIbvvaQ
WMT152,LG 통돌이 세탁기,https://www.lge.co.kr/kr/images/washing-machines/md10481829/gallery/medium-interior01.jpg,550000,2,300,15,,632,970,670,44,화이트,와이드 다이아몬드 글라스,푸시버튼 및 LED 디스플레이,,1,https://gscs-b2c.lge.com/open/downloadFile?fileId=kbjJsuhmJyZIPP6CIbvvaQ
WMT153,LG 통돌이 세탁기,https://www.lge.co.kr/kr/images/washing-machines/md10578832/gallery/medium-interior01.jpg,600000,2,300,16,,632,970,670,44,미드프리실버,와이드 다이아몬드 글라스,푸시버튼 및 LED 디스플레이,,1,https://gscs-b2c.lge.com/open/downloadFile?fileId=kbjJsuhmJyZIPP6CIbvvaQ
WMT154,LG 통돌이 세탁기,https://www.lge.co.kr/kr/images/washing-machines/md10578831/gallery/medium-interior01.jpg,600000,2,300,16,,632,970,670,44,미드 블랙,와이드 다이아몬드 글라스,푸시버튼 및 LED 디스플레이,,1,https://gscs-b2c.lge.com/open/downloadFile?fileId=kbjJsuhmJyZIPP6CIbvvaQ
WMT155,LG 통돌이 세탁기,https://www.lge.co.kr/kr/images/washing-machines/md10578833/gallery/medium-interior01.jpg,600000,2,300,16,,632,970,670,39,화이트,와이드 다이아몬드 글라스,푸시버튼 및 LED 디스플레이,,1,https://gscs-b2c.lge.com/open/downloadFile?fileId=kbjJsuhmJyZIPP6CIbvvaQ
