product_code,name,img_link,price,proficiency_level,power_consum(W),cool_cap(W),voltage(V),hertz(Hz),in_width(mm),in_height(mm),in_depth(mm),out_width(mm),out_height(mm),out_depth(mm),coverage(㎡),wind_speed(level),dehumid,color,manual_link
ACT000,LG 휘센 오브제컬렉션 타워II 에어컨 2in1 (4시리즈),https://www.lge.co.kr/kr/images/air-conditioners/md10302855/gallery/medium-interior01.jpg,,2,1830,6500,220,60,380,1915,295,870,650,330,71.5,5,1,크림 화이트,https://gscs-b2c.lge.com/open/downloadFile?fileId=CSr78KtELvOMwqG5DMlLw
ACT001,LG 휘센 AI 오브제컬렉션 뷰I 프로 에어컨 2in1 (6시리즈),https://www.lge.co.kr/kr/images/air-conditioners/md10495867/gallery/medium-interior01.jpg,4107000,2,2100,7200,220,60,350,1840,295,870,650,330,71.5,5,1,에센스 화이트,https://gscs-b2c.lge.com/open/downloadFile?fileId=CtIk6J6F6mXmEPYS6XYVZA
ACT002,LG 휘센 오브제컬렉션 타워II 에어컨 2in1 (1시리즈),https://www.lge.co.kr/kr/images/air-conditioners/md10302862/gallery/medium-interior01.jpg,,2,2070,7000,220,60,380,1915,295,870,650,330,75.6,5,1,카밍 베이지,https://gscs-b2c.lge.com/open/downloadFile?fileId=CSr78KtELvOMwqG5DMlLw
ACT003,LG 휘센 오브제컬렉션 타워II 에어컨 2in1 (1시리즈),https://www.lge.co.kr/kr/images/air-conditioners/md10397832/gallery/medium-interior01.jpg,,2,2070,7000,220,60,380,1915,295,870,650,330,75.6,5,1,카밍 베이지,https://gscs-b2c.lge.com/open/downloadFile?fileId=CSr78KtELvOMwqG5DMlLw
ACT004,LG 휘센 오브제컬렉션 타워II 에어컨 2in1 (1시리즈),https://www.lge.co.kr/kr/images/air-conditioners/md10396871/gallery/medium-interior01.jpg,,2,2070,7000,220,60,380,1915,295,870,650,330,75.6,5,1,크림 화이트,https://gscs-b2c.lge.com/open/downloadFile?fileId=CSr78KtELvOMwqG5DMlLw
ACT005,LG 휘센 오브제컬렉션 타워II 에어컨 2in1 (2시리즈),https://www.lge.co.kr/kr/images/air-conditioners/md10396863/gallery/medium-interior01.jpg,,2,2070,7000,220,60,380,1915,295,870,650,330,75.6,5,1,카밍 베이지,https://gscs-b2c.lge.com/open/downloadFile?fileId=CSr78KtELvOMwqG5DMlLw
ACT006,LG 휘센 오브제컬렉션 뷰II 에어컨 싱글 (1시리즈),https://www.lge.co.kr/kr/images/air-conditioners/md10382826/gallery/medium-interior01.jpg,,3,2080,7000,220,60,350,1840,295,870,650,330,56.9,5,1,에센스 화이트,https://gscs-b2c.lge.com/open/downloadFile?fileId=ditrBeCvVWBXk8ETocZrQ
ACT007,LG 휘센 오브제컬렉션 뷰II 에어컨 2in1 (1시리즈),https://www.lge.co.kr/kr/images/air-conditioners/md10462826/gallery/medium-interior01.jpg,,3,2080,7000,220,60,350,1840,295,870,650,330,75.6,5,1,에센스 화이트,https://gscs-b2c.lge.com/open/downloadFile?fileId=ditrBeCvVWBXk8ETocZrQ
ACT008,LG 휘센 오브제컬렉션 뷰II 에어컨 2in1 (1시리즈) + 뷰케이스,https://www.lge.co.kr/kr/images/air-conditioners/md10436850/gallery/medium-interior01.jpg,,3,2080,7000,220,60,350,1840,295,870,650,330,75.6,5,1,에센스 화이트,https://gscs-b2c.lge.com/open/downloadFile?fileId=ditrBeCvVWBXk8ETocZrQ
ACT009,LG 휘센 오브제컬렉션 뷰II 에어컨 2in1 (1시리즈),https://www.lge.co.kr/kr/images/air-conditioners/md10462826/gallery/medium-interior01.jpg,,3,2080,7000,220,60,350,1840,295,870,650,330,75.6,5,1,에센스 화이트,https://gscs-b2c.lge.com/open/downloadFile?fileId=ditrBeCvVWBXk8ETocZrQ
ACT010,LG 휘센 오브제컬렉션 쿨 에어컨 2in1 (1시리즈),https://www.lge.co.kr/kr/images/air-conditioners/md10560846/gallery/medium-interior02.jpg,2945000,3,2350,7000,220,60,350,1795,266,870,650,330,75.6,5,1,에센스 화이트,https://gscs-b2c.lge.com/open/downloadFile?fileId=HZtfnmMP7cpxSJ5TcMtT3w
ACT011,LG 휘센 오브제컬렉션 쿨 에어컨 2in1 (1시리즈),https://www.lge.co.kr/kr/images/air-conditioners/md10560847/gallery/medium-interior02.jpg,2650000,3,2350,7000,220,60,350,1795,266,870,650,330,75.6,5,1,에센스 화이트,https://gscs-b2c.lge.com/open/downloadFile?fileId=HZtfnmMP7cpxSJ5TcMtT3w
ACT012,LG 휘센 오브제컬렉션 쿨 에어컨 2in1 (1시리즈),https://www.lge.co.kr/kr/images/air-conditioners/md10560847/gallery/medium-interior02.jpg,,3,2350,7000,220,60,350,1795,266,870,650,330,75.6,5,1,에센스 화이트,https://gscs-b2c.lge.com/open/downloadFile?fileId=HZtfnmMP7cpxSJ5TcMtT3w
ACT013,LG 휘센 AI 오브제컬렉션 뷰II 에어컨 2in1 (1시리즈),https://www.lge.co.kr/kr/images/air-conditioners/md10558826/gallery/medium-interior02.jpg,2942000,3,2080,7000,220,60,350,1840,295,870,650,330,75.6,5,1,에센스 화이트,https://gscs-b2c.lge.com/open/downloadFile?fileId=2Arpmb0HBJ4s18wvcKHcUQ
ACT014,LG 휘센 AI 오브제컬렉션 뷰II 에어컨 2in1 (1시리즈),https://www.lge.co.kr/kr/images/air-conditioners/md10558826/gallery/medium-interior02.jpg,,3,2080,7000,220,60,350,1840,295,870,650,330,75.6,5,1,에센스 화이트,https://gscs-b2c.lge.com/open/downloadFile?fileId=2Arpmb0HBJ4s18wvcKHcUQ
ACT015,LG 휘센 AI 오브제컬렉션 뷰II 에어컨 2in1 (1시리즈) + 뷰케이스,https://www.lge.co.kr/kr/images/air-conditioners/md10664833/gallery/medium-interior01.jpg,3042000,3,2080,7000,220,60,350,1840,295,870,650,330,75.6,5,1,에센스 화이트,https://gscs-b2c.lge.com/open/downloadFile?fileId=2Arpmb0HBJ4s18wvcKHcUQ
ACT016,LG 휘센 AI 오브제컬렉션 뷰II 에어컨 2in1 (2시리즈),https://www.lge.co.kr/kr/images/air-conditioners/md10558877/gallery/medium-interior01.jpg,,3,2080,7000,220,60,350,1840,295,870,650,330,75.6,5,1,카밍 베이지,https://gscs-b2c.lge.com/open/downloadFile?fileId=2Arpmb0HBJ4s18wvcKHcUQ
ACT017,LG 휘센 AI 오브제컬렉션 뷰II 에어컨 2in1 (2시리즈),https://www.lge.co.kr/kr/images/air-conditioners/md10597864/gallery/medium-interior01.jpg,,3,2080,7000,220,60,350,1840,295,870,650,330,75.6,5,1,카밍 베이지,https://gscs-b2c.lge.com/open/downloadFile?fileId=2Arpmb0HBJ4s18wvcKHcUQ
ACT018,LG 휘센 AI 오브제컬렉션 뷰II 에어컨 2in1 (2시리즈),https://www.lge.co.kr/kr/images/air-conditioners/md10558866/gallery/medium-interior02.jpg,3108000,3,2080,7000,220,60,350,1840,295,870,650,330,75.6,5,1,에센스 화이트,https://gscs-b2c.lge.com/open/downloadFile?fileId=2Arpmb0HBJ4s18wvcKHcUQ
ACT019,LG 휘센 AI 오브제컬렉션 뷰II 에어컨 2in1 (2시리즈),https://www.lge.co.kr/kr/images/air-conditioners/md10558866/gallery/medium-interior02.jpg,,3,2080,7000,220,60,350,1840,295,870,650,330,75.6,5,1,에센스 화이트,https://gscs-b2c.lge.com/open/downloadFile?fileId=2Arpmb0HBJ4s18wvcKHcUQ
ACT020,LG 휘센 AI 오브제컬렉션 뷰I 에어컨 2in1 (3시리즈),https://www.lge.co.kr/kr/images/air-conditioners/md10576884/gallery/medium-interior01.jpg,3663000,2,2070,7000,220,60,350,1840,295,870,650,330,75.6,5,1,에센스 화이트,https://gscs-b2c.lge.com/open/downloadFile?fileId=vCJ2j1ZpB3CUaXNv5tGqw
ACT021,LG 휘센 AI 오브제컬렉션 뷰I 에어컨 싱글 (3시리즈),https://www.lge.co.kr/kr/images/air-conditioners/md10576878/gallery/medium-interior01.jpg,3131000,2,2070,7000,220,60,350,1840,295,870,650,330,56.9,5,1,에센스 화이트,https://gscs-b2c.lge.com/open/downloadFile?fileId=vCJ2j1ZpB3CUaXNv5tGqw
ACT022,LG 휘센 AI 오브제컬렉션 뷰I 에어컨 2in1 (3시리즈),https://www.lge.co.kr/kr/images/air-conditioners/md10576880/gallery/medium-interior01.jpg,3663000,2,2070,7000,220,60,350,1840,295,870,650,330,75.6,5,1,에센스 화이트,https://gscs-b2c.lge.com/open/downloadFile?fileId=vCJ2j1ZpB3CUaXNv5tGqw
ACT023,LG 휘센 AI 오브제컬렉션 뷰I 에어컨 2in1 (3시리즈),https://www.lge.co.kr/kr/images/air-conditioners/md10576857/gallery/medium-interior01.jpg,,2,2070,7000,220,60,350,1840,295,870,650,330,75.6,5,1,에센스 화이트,https://gscs-b2c.lge.com/open/downloadFile?fileId=vCJ2j1ZpB3CUaXNv5tGqw
ACT024,LG 휘센 AI 오브제컬렉션 뷰I 프로 에어컨 2in1 (4시리즈),https://www.lge.co.kr/kr/images/air-conditioners/md10495856/gallery/medium-interior01.jpg,,2,2070,7000,220,60,350,1840,295,870,650,330,75.6,5,1,에센스 화이트,https://gscs-b2c.lge.com/open/downloadFile?fileId=iBCaXvBMzrwPCIqgUftGXw
ACT025,LG 휘센 AI 오브제컬렉션 뷰I 프로 에어컨 2in1 (4시리즈),https://www.lge.co.kr/kr/images/air-conditioners/md10547837/gallery/medium-interior01.jpg,,2,2070,7000,220,60,350,1840,295,870,650,330,75.6,5,1,에센스 화이트,https://gscs-b2c.lge.com/open/downloadFile?fileId=bz6kRHDfY6kvueXPQ6q3Fg
ACT026,LG 휘센 AI 오브제컬렉션 뷰I 프로 에어컨 2in1 (6시리즈),https://www.lge.co.kr/kr/images/air-conditioners/md10495867/gallery/medium-interior01.jpg,,2,2070,7000,220,60,350,1840,295,870,650,330,75.6,5,1,에센스 화이트,https://gscs-b2c.lge.com/open/downloadFile?fileId=iBCaXvBMzrwPCIqgUftGXw
ACT027,LG 휘센 AI 오브제컬렉션 뷰I 프로 에어컨 2in1 (6시리즈)매립배관형,https://www.lge.co.kr/kr/images/air-conditioners/md10598851/gallery/medium-interior01.jpg,,2,2070,7000,220,60,350,1840,295,870,650,330,75.6,5,1,에센스 화이트,https://gscs-b2c.lge.com/open/downloadFile?fileId=iBCaXvBMzrwPCIqgUftGXw
ACT028,LG 휘센 AI 오브제컬렉션 뷰I 프로 에어컨 2in1 (6시리즈),https://www.lge.co.kr/kr/images/air-conditioners/md10495862/gallery/medium-interior01.jpg,,2,2070,7000,220,60,350,1840,295,870,650,330,75.6,5,1,에센스 화이트,https://gscs-b2c.lge.com/open/downloadFile?fileId=iBCaXvBMzrwPCIqgUftGXw
ACT029,LG 휘센 AI 오브제컬렉션 뷰I 프로 에어컨 2in1 (6시리즈),https://www.lge.co.kr/kr/images/air-conditioners/md10495866/gallery/medium-interior02.jpg,,2,2070,7000,220,60,350,1840,295,870,650,330,75.6,5,1,에센스 화이트,https://gscs-b2c.lge.com/open/downloadFile?fileId=iBCaXvBMzrwPCIqgUftGXw
ACT030,LG 휘센 AI 오브제컬렉션 쿨 에어컨 2in1 (1시리즈),https://www.lge.co.kr/kr/images/air-conditioners/md10781884/gallery/medium-interior01.jpg,,3,2350,7000,220,60,350,1795,288,870,650,330,56.9,5,1,에센스 화이트,https://gscs-b2c.lge.com/open/downloadFile?fileId=Squ2mSleGrHJrdsdbqFfrQ
ACT031,LG 휘센 AI 오브제컬렉션 쿨 에어컨 2in1 (1시리즈),https://www.lge.co.kr/kr/images/air-conditioners/md10781883/gallery/medium-interior01.jpg,2664000,3,2350,7000,220,60,350,1795,288,870,650,330,75.6,5,1,에센스 화이트,https://gscs-b2c.lge.com/open/downloadFile?fileId=Squ2mSleGrHJrdsdbqFfrQ
ACT032,LG 휘센 AI 오브제컬렉션 쿨 에어컨 2in1 (1시리즈),https://www.lge.co.kr/kr/images/air-conditioners/md10781883/gallery/medium-interior01.jpg,2775000,3,2350,7000,220,60,350,1795,288,870,650,330,56.9,5,1,에센스 화이트,https://gscs-b2c.lge.com/open/downloadFile?fileId=Squ2mSleGrHJrdsdbqFfrQ
ACT033,LG 휘센 AI 오브제컬렉션 쿨 에어컨 2in1 (2시리즈),https://www.lge.co.kr/kr/images/air-conditioners/md10781857/gallery/medium-interior01.jpg,2775000,3,2350,7000,220,60,350,1795,320,870,650,330,56.9,5,1,에센스 화이트,https://gscs-b2c.lge.com/open/downloadFile?fileId=Squ2mSleGrHJrdsdbqFfrQ
ACT034,LG 휘센 AI 오브제컬렉션 쿨 프로 에어컨 2in1 (3시리즈),https://www.lge.co.kr/kr/images/air-conditioners/md10781832/gallery/medium-interior01.jpg,2831000,3,2350,7000,220,60,350,1795,288,870,650,330,56.9,5,1,에센스 화이트,https://gscs-b2c.lge.com/open/downloadFile?fileId=JmceXZIHbAnaVlg7p5W68A
ACT035,LG 휘센 AI 오브제컬렉션 쿨 프로 에어컨 2in1 (3시리즈),https://www.lge.co.kr/kr/images/air-conditioners/md10781832/gallery/medium-interior01.jpg,2831000,3,2350,7000,220,60,350,1795,288,870,650,330,56.9,5,1,에센스 화이트,https://gscs-b2c.lge.com/open/downloadFile?fileId=JmceXZIHbAnaVlg7p5W68A
ACT036,LG 휘센 AI 오브제컬렉션 쿨 프로 에어컨 2in1 (4시리즈),https://www.lge.co.kr/kr/images/air-conditioners/md10780832/gallery/medium-interior01.jpg,2942000,3,2350,7000,220,60,350,1795,320,870,650,330,56.9,5,1,에센스 화이트,https://gscs-b2c.lge.com/open/downloadFile?fileId=JmceXZIHbAnaVlg7p5W68A
ACT037,LG 휘센 AI 오브제컬렉션 칸 에어컨 2in1 (1시리즈),https://www.lge.co.kr/kr/images/air-conditioners/md10807837/gallery/medium-interior01.jpg,,3,2350,7000,220,60,350,1820,300,870,650,330,56.9,3,1,크림 화이트,https://gscs-b2c.lge.com/open/downloadFile?fileId=ARUQSiBEwDHMcqgkpCug
ACT038,LG 휘센 AI 오브제컬렉션 뷰II 에어컨 2in1 (1시리즈),https://www.lge.co.kr/kr/images/air-conditioners/md10783854/gallery/medium-interior01.jpg,2997000,3,2080,7000,220,60,350,1840,295,870,650,330,56.9,5,1,카밍 베이지,https://gscs-b2c.lge.com/open/downloadFile?fileId=SMm5qgJSPI1u0qUXwsNJnw
ACT039,LG 휘센 AI 오브제컬렉션 뷰II 에어컨 2in1 (1시리즈),https://www.lge.co.kr/kr/images/air-conditioners/md10783852/gallery/medium-interior01.jpg,3053000,3,2080,7000,220,60,350,1840,295,870,650,330,75.6,5,1,에센스 화이트,https://gscs-b2c.lge.com/open/downloadFile?fileId=SMm5qgJSPI1u0qUXwsNJnw
ACT040,LG 휘센 AI 오브제컬렉션 뷰II 에어컨 2in1 (2시리즈),https://www.lge.co.kr/kr/images/air-conditioners/md10783834/gallery/medium-interior01.jpg,3219000,3,2080,7000,220,60,350,1840,295,870,650,330,75.6,5,1,에센스 화이트,https://gscs-b2c.lge.com/open/downloadFile?fileId=SMm5qgJSPI1u0qUXwsNJnw
ACT041,LG 휘센 AI 오브제컬렉션 뷰I 에어컨 2in1 (3시리즈),https://www.lge.co.kr/kr/images/air-conditioners/md10782858/gallery/medium-interior01.jpg,3719000,2,2070,7000,220,60,350,1840,295,870,650,330,56.9,5,1,에센스 화이트,https://gscs-b2c.lge.com/open/downloadFile?fileId=1h2334ObrNW8ouyu4DCVbA
ACT042,LG 휘센 AI 오브제컬렉션 뷰I 에어컨 2in1 (4시리즈),https://www.lge.co.kr/kr/images/air-conditioners/md10782832/gallery/medium-interior01.jpg,3941000,2,2070,7000,220,60,350,1840,295,870,650,330,56.9,5,1,에센스 화이트,https://gscs-b2c.lge.com/open/downloadFile?fileId=1h2334ObrNW8ouyu4DCVbA
ACT043,LG 휘센 AI 오브제컬렉션 뷰I 프로 에어컨 2in1 (5시리즈),https://www.lge.co.kr/kr/images/air-conditioners/md10742844/gallery/medium-interior01.jpg,4385000,2,2070,7000,220,60,350,1840,295,870,650,330,56.9,5,1,에센스 화이트,https://gscs-b2c.lge.com/open/downloadFile?fileId=Gj6u0VM7mUI05PFMjFrvJA
ACT044,LG 휘센 AI 오브제컬렉션 뷰I 프로 에어컨 2in1 (6시리즈),https://www.lge.co.kr/kr/images/air-conditioners/md10742836/gallery/medium-interior01.jpg,4551000,2,2070,7000,220,60,350,1840,295,870,650,330,56.9,5,1,에센스 화이트,https://gscs-b2c.lge.com/open/downloadFile?fileId=Gj6u0VM7mUI05PFMjFrvJA
ACT045,LG 휘센 AI 오브제컬렉션 위너 에어컨 2in1 (1시리즈),https://www.lge.co.kr/kr/images/air-conditioners/md10807833/gallery/medium-interior01.jpg,2686000,3,2350,7000,220,60,350,1820,300,870,650,330,56.9,3,1,크림 화이트,https://gscs-b2c.lge.com/open/downloadFile?fileId=ARUQSiBEwDHMcqgkpCug
ACT046,LG 휘센 오브제컬렉션 칸 에어컨,https://www.lge.co.kr/kr/images/air-conditioners/md09948858/gallery/medium-interior01.jpg,2145000,3,2080,7000,220,60,350,1820,300,870,650,330,56.9,3,1,크림 화이트,https://gscs-b2c.lge.com/open/downloadFile?fileId=XNJ37mp9XDGEOMDTuHJbeg
ACT047,LG 휘센 오브제컬렉션 칸 에어컨 2in1,https://www.lge.co.kr/kr/images/air-conditioners/md10278873/gallery/medium-interior01.jpg,2609000,3,2080,7000,220,60,350,1820,300,870,650,330,75.6,3,1,크림 화이트,https://gscs-b2c.lge.com/open/downloadFile?fileId=XNJ37mp9XDGEOMDTuHJbeg
ACT048,LG 휘센 오브제컬렉션 위너 에어컨 2in1,https://www.lge.co.kr/kr/images/air-conditioners/md10278875/gallery/medium-interior01.jpg,2609000,3,2080,7000,220,60,350,1820,300,870,650,330,75.6,3,1,크림 화이트,https://gscs-b2c.lge.com/open/downloadFile?fileId=XNJ37mp9XDGEOMDTuHJbeg
ACT049,LG 휘센 오브제컬렉션 위너 2in1,https://www.lge.co.kr/kr/images/air-conditioners/md10124829/gallery/medium-interior01.jpg,,3,2080,7000,220,60,350,1820,300,870,650,330,75.6,3,1,크림 화이트,https://gscs-b2c.lge.com/open/downloadFile?fileId=XNJ37mp9XDGEOMDTuHJbeg
ACT050,LG 휘센 오브제컬렉션 타워I 에어컨 2in1 (9시리즈),https://www.lge.co.kr/kr/images/air-conditioners/md10297832/gallery/medium-interior02.jpg,,1,1670,7200,220,60,380,1915,295,870,800,320,77.2,5,1,카밍 베이지,https://gscs-b2c.lge.com/open/downloadFile?fileId=HmiMeCCB8wPNCBFSJICCPg
ACT051,LG 휘센 오브제컬렉션 타워II 싱글 에어컨 (4시리즈),https://www.lge.co.kr/kr/images/air-conditioners/md10302833/gallery/medium-interior01.jpg,,2,2100,7200,220,60,380,1915,295,870,650,330,58.5,5,1,카밍 베이지,https://gscs-b2c.lge.com/open/downloadFile?fileId=CSr78KtELvOMwqG5DMlLw
ACT052,LG 휘센 오브제컬렉션 뷰II 에어컨 싱글 (1시리즈),https://www.lge.co.kr/kr/images/air-conditioners/md10472831/gallery/medium-interior01.jpg,,3,2200,7200,220,60,350,1840,295,870,650,330,58.5,5,1,에센스 화이트,https://gscs-b2c.lge.com/open/downloadFile?fileId=ditrBeCvVWBXk8ETocZrQ
ACT053,LG 휘센 오브제컬렉션 뷰II 에어컨 2in1 (2시리즈),https://www.lge.co.kr/kr/images/air-conditioners/md10359832/gallery/medium-interior01.jpg,,3,2200,7200,220,60,350,1840,295,870,650,330,77.2,5,1,에센스 화이트,https://gscs-b2c.lge.com/open/downloadFile?fileId=ditrBeCvVWBXk8ETocZrQ
ACT054,LG 휘센 오브제컬렉션 뷰 에어컨 2in1 (3시리즈),https://www.lge.co.kr/kr/images/air-conditioners/md10351842/gallery/medium-interior01.jpg,,2,2100,7200,220,60,350,1840,295,870,650,330,77.2,5,1,에센스 화이트,https://gscs-b2c.lge.com/open/downloadFile?fileId=bVl0qzaIyepXmx9gDtUAQ
ACT055,LG 휘센 오브제컬렉션 뷰 에어컨 2in1 (3시리즈) + 뷰케이스,https://www.lge.co.kr/kr/images/air-conditioners/md10420847/gallery/medium-interior01.jpg,,2,2100,7200,220,60,350,1840,295,870,650,330,77.2,5,1,에센스 화이트,https://gscs-b2c.lge.com/open/downloadFile?fileId=bVl0qzaIyepXmx9gDtUAQ
ACT056,LG 휘센 오브제컬렉션 뷰 에어컨 2in1 (3시리즈)매립배관형,https://www.lge.co.kr/kr/images/air-conditioners/md10396848/gallery/medium-interior01.jpg,,2,2100,7200,220,60,350,1840,295,870,650,330,77.2,5,1,에센스 화이트,https://gscs-b2c.lge.com/open/downloadFile?fileId=bVl0qzaIyepXmx9gDtUAQ
ACT057,LG 휘센 오브제컬렉션 뷰 에어컨 싱글 (4시리즈),https://www.lge.co.kr/kr/images/air-conditioners/md10344834/gallery/medium-interior01.jpg,,2,2100,7200,220,60,350,1840,295,870,650,330,58.5,5,1,에센스 화이트,https://gscs-b2c.lge.com/open/downloadFile?fileId=pipZ3hkxZXhxiPY39teMwg
ACT058,LG 휘센 오브제컬렉션 뷰 에어컨 2in1 (4시리즈),https://www.lge.co.kr/kr/images/air-conditioners/md10347832/gallery/medium-interior01.jpg,,1,1810,7200,220,60,350,1840,295,870,800,320,77.2,5,1,에센스 화이트,https://gscs-b2c.lge.com/open/downloadFile?fileId=pipZ3hkxZXhxiPY39teMwg
ACT059,LG 휘센 오브제컬렉션 쿨 에어컨 2in1 (1시리즈),https://www.lge.co.kr/kr/images/air-conditioners/md10561826/gallery/medium-interior01.jpg,2773000,3,2400,7200,220,60,350,1795,266,870,650,330,77.2,5,1,에센스 화이트,https://gscs-b2c.lge.com/open/downloadFile?fileId=HZtfnmMP7cpxSJ5TcMtT3w
ACT060,LG 휘센 오브제컬렉션 쿨 에어컨 싱글 (1시리즈),https://www.lge.co.kr/kr/images/air-conditioners/md10560846/gallery/medium-interior02.jpg,,3,2400,7200,220,60,350,1795,266,870,650,330,58.5,5,1,에센스 화이트,https://gscs-b2c.lge.com/open/downloadFile?fileId=HZtfnmMP7cpxSJ5TcMtT3w
ACT061,LG 휘센 오브제컬렉션 쿨 에어컨 싱글 (1시리즈)매립배관형,https://www.lge.co.kr/kr/images/air-conditioners/md10560846/gallery/medium-interior02.jpg,,3,2400,7200,220,60,350,1795,266,870,650,330,58.5,5,1,에센스 화이트,https://gscs-b2c.lge.com/open/downloadFile?fileId=HZtfnmMP7cpxSJ5TcMtT3w
ACT062,LG 휘센 오브제컬렉션 쿨 에어컨 2in1 (1시리즈),https://www.lge.co.kr/kr/images/air-conditioners/md10560846/gallery/medium-interior02.jpg,,3,2400,7200,220,60,350,1795,266,870,650,330,77.2,5,1,에센스 화이트,https://gscs-b2c.lge.com/open/downloadFile?fileId=HZtfnmMP7cpxSJ5TcMtT3w
ACT063,LG 휘센 오브제컬렉션 쿨 에어컨 2in1 (1시리즈)매립배관형,https://www.lge.co.kr/kr/images/air-conditioners/md10560846/gallery/medium-interior02.jpg,,3,2400,7200,220,60,350,1795,266,870,650,330,77.2,5,1,에센스 화이트,https://gscs-b2c.lge.com/open/downloadFile?fileId=HZtfnmMP7cpxSJ5TcMtT3w
ACT064,LG 휘센 오브제컬렉션 쿨 에어컨 2in1 (1시리즈),https://www.lge.co.kr/kr/images/air-conditioners/md10561826/gallery/medium-interior01.jpg,,3,2400,7200,220,60,350,1795,266,870,650,330,77.2,5,1,에센스 화이트,https://gscs-b2c.lge.com/open/downloadFile?fileId=HZtfnmMP7cpxSJ5TcMtT3w
ACT065,LG 휘센 오브제컬렉션 쿨 에어컨 2in1 (2시리즈),https://www.lge.co.kr/kr/images/air-conditioners/md10561826/gallery/medium-interior01.jpg,2896000,3,2400,7200,220,60,350,1795,266,870,650,330,77.2,5,1,에센스 화이트,https://gscs-b2c.lge.com/open/downloadFile?fileId=HZtfnmMP7cpxSJ5TcMtT3w
ACT066,LG 휘센 오브제컬렉션 쿨 에어컨 2in1 (2시리즈),https://www.lge.co.kr/kr/images/air-conditioners/md10561826/gallery/medium-interior01.jpg,,3,2400,7200,220,60,350,1795,266,870,650,330,77.2,5,1,에센스 화이트,https://gscs-b2c.lge.com/open/downloadFile?fileId=HZtfnmMP7cpxSJ5TcMtT3w
ACT067,LG 휘센 AI 오브제컬렉션 타워I 에어컨 2in1 (5시리즈),https://www.lge.co.kr/kr/images/air-conditioners/md10547829/gallery/medium-interior01.jpg,4773000,2,1830,7200,220,60,380,1915,295,870,650,330,77.2,5,1,카밍 베이지,https://gscs-b2c.lge.com/open/downloadFile?fileId=Nfb8Zk3OveQ8W2a25HmiRQ
ACT068,LG 휘센 AI 오브제컬렉션 타워I 에어컨 2in1 (5시리즈),https://www.lge.co.kr/kr/images/air-conditioners/md10495848/gallery/medium-interior01.jpg,,2,1830,7200,220,60,380,1915,295,870,650,330,77.2,5,1,카밍 베이지,https://gscs-b2c.lge.com/open/downloadFile?fileId=Nfb8Zk3OveQ8W2a25HmiRQ
ACT069,LG 휘센 AI 오브제컬렉션 타워I 에어컨 2in1 (5시리즈),https://www.lge.co.kr/kr/images/air-conditioners/md10547829/gallery/medium-interior01.jpg,,2,1830,7200,220,60,380,1915,295,870,650,330,77.2,5,1,카밍 베이지,https://gscs-b2c.lge.com/open/downloadFile?fileId=Nfb8Zk3OveQ8W2a25HmiRQ
ACT070,LG 휘센 AI 오브제컬렉션 타워I 에어컨 2in1 (5시리즈),https://www.lge.co.kr/kr/images/air-conditioners/md10547829/gallery/medium-interior01.jpg,,2,1830,7200,220,60,380,1915,295,870,650,330,77.2,5,1,카밍 베이지,https://gscs-b2c.lge.com/open/downloadFile?fileId=Nfb8Zk3OveQ8W2a25HmiRQ
ACT071,LG 휘센 AI 오브제컬렉션 타워I 에어컨 2in1 (5시리즈),https://www.lge.co.kr/kr/images/air-conditioners/md10495851/gallery/medium-interior01.jpg,,2,1830,7200,220,60,380,1915,295,870,650,330,77.2,5,1,크림 화이트,https://gscs-b2c.lge.com/open/downloadFile?fileId=Nfb8Zk3OveQ8W2a25HmiRQ
ACT072,LG 휘센 AI 오브제컬렉션 타워I 에어컨 2in1 (5시리즈),https://www.lge.co.kr/kr/images/air-conditioners/md10547831/gallery/medium-interior01.jpg,,2,1830,7200,220,60,380,1915,295,870,650,330,77.2,5,1,크림 화이트,https://gscs-b2c.lge.com/open/downloadFile?fileId=Nfb8Zk3OveQ8W2a25HmiRQ
ACT073,LG 휘센 AI 오브제컬렉션 타워I 에어컨 싱글 (5시리즈),https://www.lge.co.kr/kr/images/air-conditioners/md10495849/gallery/medium-interior01.jpg,,2,1830,7200,220,60,380,1915,295,870,650,330,58.5,5,1,크림 화이트,https://gscs-b2c.lge.com/open/downloadFile?fileId=Nfb8Zk3OveQ8W2a25HmiRQ
ACT074,LG 휘센 AI 오브제컬렉션 타워I 에어컨 2in1 (5시리즈),https://www.lge.co.kr/kr/images/air-conditioners/md10547831/gallery/medium-interior01.jpg,,2,1830,7200,220,60,380,1915,295,870,650,330,77.2,5,1,크림 화이트,https://gscs-b2c.lge.com/open/downloadFile?fileId=Nfb8Zk3OveQ8W2a25HmiRQ
ACT075,LG 휘센 AI 오브제컬렉션 타워I 에어컨 2in1 (5시리즈),https://www.lge.co.kr/kr/images/air-conditioners/md10547831/gallery/medium-interior01.jpg,,2,1830,7200,220,60,380,1915,295,870,650,330,77.2,5,1,크림 화이트,https://gscs-b2c.lge.com/open/downloadFile?fileId=Nfb8Zk3OveQ8W2a25HmiRQ
ACT076,LG 휘센 AI 오브제컬렉션 타워I 에어컨 2in1 (7시리즈),https://www.lge.co.kr/kr/images/air-conditioners/md10493839/gallery/medium-interior01.jpg,,2,1830,7200,220,60,380,1915,295,870,650,330,77.2,5,1,카밍 베이지,https://gscs-b2c.lge.com/open/downloadFile?fileId=Nfb8Zk3OveQ8W2a25HmiRQ
ACT077,LG 휘센 AI 오브제컬렉션 타워I 에어컨 2in1 (7시리즈),https://www.lge.co.kr/kr/images/air-conditioners/md10495848/gallery/medium-interior01.jpg,,2,1830,7200,220,60,380,1915,295,870,650,330,77.2,5,1,카밍 베이지,https://gscs-b2c.lge.com/open/downloadFile?fileId=Nfb8Zk3OveQ8W2a25HmiRQ
ACT078,LG 휘센 AI 오브제컬렉션 타워I 에어컨 싱글 (7시리즈),https://www.lge.co.kr/kr/images/air-conditioners/md10495838/gallery/medium-interior01.jpg,,2,1830,7200,220,60,380,1915,295,870,650,330,58.5,5,1,크림 화이트,https://gscs-b2c.lge.com/open/downloadFile?fileId=Nfb8Zk3OveQ8W2a25HmiRQ
ACT079,LG 휘센 AI 오브제컬렉션 타워I 에어컨 싱글 (7시리즈),https://www.lge.co.kr/kr/images/air-conditioners/md10495838/gallery/medium-interior01.jpg,,2,1830,7200,220,60,380,1915,295,870,650,330,58.5,5,1,크림 화이트,https://gscs-b2c.lge.com/open/downloadFile?fileId=Nfb8Zk3OveQ8W2a25HmiRQ
ACT080,LG 휘센 AI 오브제컬렉션 타워I 에어컨 2in1 (9시리즈),https://www.lge.co.kr/kr/images/air-conditioners/md10493835/gallery/medium-interior01.jpg,,2,1830,7200,220,60,380,1915,295,870,650,330,77.2,5,1,카밍 베이지,https://gscs-b2c.lge.com/open/downloadFile?fileId=Nfb8Zk3OveQ8W2a25HmiRQ
ACT081,LG 휘센 AI 오브제컬렉션 타워I 에어컨 싱글 (9시리즈),https://www.lge.co.kr/kr/images/air-conditioners/md10492847/gallery/medium-interior01.jpg,,2,1830,7200,220,60,380,1915,295,870,650,330,58.5,5,1,카밍 베이지,https://gscs-b2c.lge.com/open/downloadFile?fileId=Nfb8Zk3OveQ8W2a25HmiRQ
ACT082,LG 휘센 AI 오브제컬렉션 타워I 에어컨 싱글 (9시리즈),https://www.lge.co.kr/kr/images/air-conditioners/md10493831/gallery/medium-interior01.jpg,,1,1670,7200,220,60,380,1915,295,870,800,320,58.5,5,1,크림 화이트,https://gscs-b2c.lge.com/open/downloadFile?fileId=Nfb8Zk3OveQ8W2a25HmiRQ
ACT083,LG 휘센 AI 오브제컬렉션 뷰II 에어컨 2in1 (1시리즈),https://www.lge.co.kr/kr/images/air-conditioners/md10558826/gallery/medium-interior02.jpg,2997000,3,2200,7200,220,60,350,1840,295,870,650,330,77.2,5,1,에센스 화이트,https://gscs-b2c.lge.com/open/downloadFile?fileId=2Arpmb0HBJ4s18wvcKHcUQ
ACT084,LG 휘센 AI 오브제컬렉션 뷰II 에어컨 2in1 (1시리즈),https://www.lge.co.kr/kr/images/air-conditioners/md10558826/gallery/medium-interior02.jpg,,3,2200,7200,220,60,350,1840,295,870,650,330,77.2,5,1,에센스 화이트,https://gscs-b2c.lge.com/open/downloadFile?fileId=2Arpmb0HBJ4s18wvcKHcUQ
ACT085,LG 휘센 AI 오브제컬렉션 뷰II 에어컨 2in1 (2시리즈),https://www.lge.co.kr/kr/images/air-conditioners/md10558866/gallery/medium-interior02.jpg,3164000,3,2200,7200,220,60,350,1840,295,870,650,330,77.2,5,1,에센스 화이트,https://gscs-b2c.lge.com/open/downloadFile?fileId=2Arpmb0HBJ4s18wvcKHcUQ
ACT086,LG 휘센 AI 오브제컬렉션 뷰II 에어컨 2in1 (2시리즈),https://www.lge.co.kr/kr/images/air-conditioners/md10558866/gallery/medium-interior02.jpg,,3,2200,7200,220,60,350,1840,295,870,650,330,77.2,5,1,에센스 화이트,https://gscs-b2c.lge.com/open/downloadFile?fileId=2Arpmb0HBJ4s18wvcKHcUQ
ACT087,LG 휘센 AI 오브제컬렉션 뷰I 에어컨 2in1 (3시리즈),https://www.lge.co.kr/kr/images/air-conditioners/md10576861/gallery/medium-interior01.jpg,3719000,2,2100,7200,220,60,350,1840,295,870,650,330,77.2,5,1,에센스 화이트,https://gscs-b2c.lge.com/open/downloadFile?fileId=vCJ2j1ZpB3CUaXNv5tGqw
ACT088,LG 휘센 AI 오브제컬렉션 뷰I 에어컨 2in1 (3시리즈),https://www.lge.co.kr/kr/images/air-conditioners/md10576888/gallery/medium-interior01.jpg,4274000,1,1810,7200,220,60,350,1840,295,870,800,320,77.2,5,1,에센스 화이트,https://gscs-b2c.lge.com/open/downloadFile?fileId=vCJ2j1ZpB3CUaXNv5tGqw
ACT089,LG 휘센 AI 오브제컬렉션 뷰I 에어컨 2in1 (3시리즈),https://www.lge.co.kr/kr/images/air-conditioners/md10576853/gallery/medium-interior01.jpg,,2,2100,7200,220,60,350,1840,295,870,650,330,77.2,5,1,에센스 화이트,https://gscs-b2c.lge.com/open/downloadFile?fileId=vCJ2j1ZpB3CUaXNv5tGqw
ACT090,LG 휘센 AI 오브제컬렉션 뷰I 프로 에어컨 2in1 (4시리즈),https://www.lge.co.kr/kr/images/air-conditioners/md10493843/gallery/medium-interior01.jpg,,2,2100,7200,220,60,350,1840,295,870,650,330,77.2,5,1,에센스 화이트,https://gscs-b2c.lge.com/open/downloadFile?fileId=iBCaXvBMzrwPCIqgUftGXw
ACT091,LG 휘센 AI 오브제컬렉션 뷰I 프로 에어컨 2in1 (4시리즈),https://www.lge.co.kr/kr/images/air-conditioners/md10495862/gallery/medium-interior01.jpg,,2,2100,7200,220,60,350,1840,295,870,650,330,77.2,5,1,에센스 화이트,https://gscs-b2c.lge.com/open/downloadFile?fileId=iBCaXvBMzrwPCIqgUftGXw
ACT092,LG 휘센 AI 오브제컬렉션 뷰I 프로 에어컨 2in1 (4시리즈),https://www.lge.co.kr/kr/images/air-conditioners/md10495862/gallery/medium-interior01.jpg,,2,2100,7200,220,60,350,1840,295,870,650,330,77.2,5,1,에센스 화이트,https://gscs-b2c.lge.com/open/downloadFile?fileId=iBCaXvBMzrwPCIqgUftGXw
ACT093,LG 휘센 AI 오브제컬렉션 뷰I 프로 에어컨 2in1 (4시리즈),https://www.lge.co.kr/kr/images/air-conditioners/md10495868/gallery/medium-interior01.jpg,,2,2100,7200,220,60,350,1840,295,870,650,330,77.2,5,1,에센스 화이트,https://gscs-b2c.lge.com/open/downloadFile?fileId=iBCaXvBMzrwPCIqgUftGXw
ACT094,LG 휘센 AI 오브제컬렉션 뷰I 프로 에어컨 2in1 (6시리즈),https://www.lge.co.kr/kr/images/air-conditioners/md10495864/gallery/medium-interior01.jpg,,2,2100,7200,220,60,350,1840,295,870,650,330,77.2,5,1,에센스 화이트,https://gscs-b2c.lge.com/open/downloadFile?fileId=iBCaXvBMzrwPCIqgUftGXw
ACT095,LG 휘센 AI 오브제컬렉션 뷰I 프로 에어컨 2in1 (6시리즈),https://www.lge.co.kr/kr/images/air-conditioners/md10495858/gallery/medium-interior01.jpg,,1,1810,7200,220,60,350,1840,295,870,800,320,77.2,5,1,에센스 화이트,https://gscs-b2c.lge.com/open/downloadFile?fileId=iBCaXvBMzrwPCIqgUftGXw
ACT096,LG 휘센 AI 오브제컬렉션 뷰I 프로 에어컨 2in1 (6시리즈),https://www.lge.co.kr/kr/images/air-conditioners/md10495862/gallery/medium-interior01.jpg,,2,2100,7200,220,60,350,1840,295,870,650,330,77.2,5,1,에센스 화이트,https://gscs-b2c.lge.com/open/downloadFile?fileId=iBCaXvBMzrwPCIqgUftGXw
ACT097,LG 휘센 AI 오브제컬렉션 뷰I 프로 에어컨 2in1 (6시리즈),https://www.lge.co.kr/kr/images/air-conditioners/md10495862/gallery/medium-interior01.jpg,,2,2100,7200,220,60,350,1840,295,870,650,330,77.2,5,1,에센스 화이트,https://gscs-b2c.lge.com/open/downloadFile?fileId=iBCaXvBMzrwPCIqgUftGXw
ACT098,LG 휘센 AI 오브제컬렉션 뷰I 프로 에어컨 2in1 (6시리즈),https://www.lge.co.kr/kr/images/air-conditioners/md10495862/gallery/medium-interior01.jpg,4440000,2,2100,7200,220,60,350,1840,295,870,650,330,77.2,5,1,에센스 화이트,https://gscs-b2c.lge.com/open/downloadFile?fileId=iBCaXvBMzrwPCIqgUftGXw
ACT099,LG 휘센 AI 오브제컬렉션 쿨 에어컨 2in1 (1시리즈),https://www.lge.co.kr/kr/images/air-conditioners/md10781880/gallery/medium-interior01.jpg,2664000,3,2400,7200,220,60,350,1795,288,870,650,330,58.5,5,1,에센스 화이트,https://gscs-b2c.lge.com/open/downloadFile?fileId=Squ2mSleGrHJrdsdbqFfrQ
ACT100,LG 휘센 AI 오브제컬렉션 쿨 에어컨 2in1 (1시리즈),https://www.lge.co.kr/kr/images/air-conditioners/md10781880/gallery/medium-interior01.jpg,2775000,3,2400,7200,220,60,350,1795,288,870,650,330,58.5,5,1,에센스 화이트,https://gscs-b2c.lge.com/open/downloadFile?fileId=Squ2mSleGrHJrdsdbqFfrQ
ACT101,LG 휘센 AI 오브제컬렉션 쿨 에어컨 2in1 (2시리즈),https://www.lge.co.kr/kr/images/air-conditioners/md10781853/gallery/medium-interior01.jpg,2775000,3,2400,7200,220,60,350,1795,320,870,650,330,58.5,5,1,에센스 화이트,https://gscs-b2c.lge.com/open/downloadFile?fileId=Squ2mSleGrHJrdsdbqFfrQ
ACT102,LG 휘센 AI 오브제컬렉션 쿨 에어컨 2in1 (2시리즈),https://www.lge.co.kr/kr/images/air-conditioners/md10781853/gallery/medium-interior01.jpg,2886000,3,2400,7200,220,60,350,1795,320,870,650,330,58.5,5,1,에센스 화이트,https://gscs-b2c.lge.com/open/downloadFile?fileId=Squ2mSleGrHJrdsdbqFfrQ
ACT103,LG 휘센 AI 오브제컬렉션 쿨 프로 에어컨 2in1 (3시리즈),https://www.lge.co.kr/kr/images/air-conditioners/md10781832/gallery/medium-interior01.jpg,2831000,3,2400,7200,220,60,350,1795,288,870,650,330,58.5,5,1,에센스 화이트,https://gscs-b2c.lge.com/open/downloadFile?fileId=JmceXZIHbAnaVlg7p5W68A
ACT104,LG 휘센 AI 오브제컬렉션 쿨 프로 에어컨 2in1 (4시리즈),https://www.lge.co.kr/kr/images/air-conditioners/md10780832/gallery/medium-interior01.jpg,2942000,3,2400,7200,220,60,350,1795,320,870,650,330,58.5,5,1,에센스 화이트,https://gscs-b2c.lge.com/open/downloadFile?fileId=JmceXZIHbAnaVlg7p5W68A
ACT105,LG 휘센 AI 오브제컬렉션 칸 에어컨 2in1 (1시리즈),https://www.lge.co.kr/kr/images/air-conditioners/md10807835/gallery/medium-interior01.jpg,,3,2400,7200,220,60,350,1820,300,870,650,330,58.5,3,1,크림 화이트,https://gscs-b2c.lge.com/open/downloadFile?fileId=ARUQSiBEwDHMcqgkpCug
ACT106,LG 휘센 AI 오브제컬렉션 칸 에어컨 2in1 (1시리즈),https://www.lge.co.kr/kr/images/air-conditioners/md10807836/gallery/medium-interior01.jpg,,3,2400,7200,220,60,350,1820,300,870,650,330,58.5,3,1,크림 화이트,https://gscs-b2c.lge.com/open/downloadFile?fileId=ARUQSiBEwDHMcqgkpCug
ACT107,LG 휘센 AI 오브제컬렉션 타워I 에어컨 2in1 (5시리즈),https://www.lge.co.kr/kr/images/air-conditioners/md10738852/gallery/medium-interior01.jpg,5051000,2,1830,7200,220,60,380,1915,295,870,650,330,58.5,5,1,카밍 베이지,https://gscs-b2c.lge.com/open/downloadFile?fileId=5SHQsiqHe1vu8UyHjoto9g
ACT108,LG 휘센 AI 오브제컬렉션 타워I 에어컨 2in1 (5시리즈),https://www.lge.co.kr/kr/images/air-conditioners/md10738853/gallery/medium-interior01.jpg,5051000,2,1830,7200,220,60,380,1915,295,870,650,330,58.5,5,1,크림 화이트,https://gscs-b2c.lge.com/open/downloadFile?fileId=5SHQsiqHe1vu8UyHjoto9g
ACT109,LG 휘센 AI 오브제컬렉션 타워I 에어컨 2in1 (7시리즈),https://www.lge.co.kr/kr/images/air-conditioners/md10738850/gallery/medium-interior01.jpg,5550000,2,1830,7200,220,60,380,1915,295,870,800,320,58.5,5,1,카밍 베이지,https://gscs-b2c.lge.com/open/downloadFile?fileId=VeBvxgsv9u6PPFuMrJQ
ACT110,LG 휘센 AI 오브제컬렉션 타워I 에어컨 2in1 (7시리즈),https://www.lge.co.kr/kr/images/air-conditioners/md10738851/gallery/medium-interior01.jpg,5550000,2,1830,7200,220,60,380,1915,295,870,800,320,58.5,5,1,크림 화이트,https://gscs-b2c.lge.com/open/downloadFile?fileId=VeBvxgsv9u6PPFuMrJQ
ACT111,LG 휘센 AI 오브제컬렉션 타워I 에어컨 2in1 (9시리즈),https://www.lge.co.kr/kr/images/air-conditioners/md10738845/gallery/medium-interior01.jpg,6049000,2,1830,7200,220,60,380,1915,295,870,800,320,58.5,5,1,카밍 베이지,https://gscs-b2c.lge.com/open/downloadFile?fileId=VeBvxgsv9u6PPFuMrJQ
ACT112,LG 휘센 AI 오브제컬렉션 타워I 에어컨 2in1 (9시리즈),https://www.lge.co.kr/kr/images/air-conditioners/md10738841/gallery/medium-interior01.jpg,6627000,1,2050,7200,220,60,380,1915,295,870,800,320,58.5,5,1,카밍 베이지,https://gscs-b2c.lge.com/open/downloadFile?fileId=VeBvxgsv9u6PPFuMrJQ
ACT113,LG 휘센 AI 오브제컬렉션 타워I 에어컨 2in1 (9시리즈),https://www.lge.co.kr/kr/images/air-conditioners/md10738846/gallery/medium-interior01.jpg,6049000,2,1830,7200,220,60,380,1915,295,870,800,320,58.5,5,1,크림 화이트,https://gscs-b2c.lge.com/open/downloadFile?fileId=VeBvxgsv9u6PPFuMrJQ
ACT114,LG 휘센 AI 오브제컬렉션 타워I 에어컨 2in1 (9시리즈),https://www.lge.co.kr/kr/images/air-conditioners/md10738842/gallery/medium-interior01.jpg,6627000,1,2050,7200,220,60,380,1915,295,870,800,320,58.5,5,1,크림 화이트,https://gscs-b2c.lge.com/open/downloadFile?fileId=VeBvxgsv9u6PPFuMrJQ
ACT115,LG 휘센 AI 오브제컬렉션 뷰II 에어컨 2in1 (1시리즈),https://www.lge.co.kr/kr/images/air-conditioners/md10783852/gallery/medium-interior01.jpg,3053000,3,2200,7200,220,60,350,1840,295,870,650,330,58.5,5,1,에센스 화이트,https://gscs-b2c.lge.com/open/downloadFile?fileId=SMm5qgJSPI1u0qUXwsNJnw
ACT116,LG 휘센 AI 오브제컬렉션 뷰II 에어컨 2in1 (2시리즈),https://www.lge.co.kr/kr/images/air-conditioners/md10783834/gallery/medium-interior01.jpg,3219000,3,2200,7200,220,60,350,1840,295,870,650,330,58.5,5,1,에센스 화이트,https://gscs-b2c.lge.com/open/downloadFile?fileId=SMm5qgJSPI1u0qUXwsNJnw
ACT117,LG 휘센 AI 오브제컬렉션 뷰I 에어컨 2in1 (3시리즈),https://www.lge.co.kr/kr/images/air-conditioners/md10782860/gallery/medium-interior01.jpg,3885000,2,2100,7200,220,60,350,1840,295,870,650,330,58.5,5,1,카밍 베이지,https://gscs-b2c.lge.com/open/downloadFile?fileId=1h2334ObrNW8ouyu4DCVbA
ACT118,LG 휘센 AI 오브제컬렉션 뷰I 에어컨 2in1 (3시리즈),https://www.lge.co.kr/kr/images/air-conditioners/md10782858/gallery/medium-interior01.jpg,3774000,2,2100,7200,220,60,350,1840,295,870,650,330,58.5,5,1,에센스 화이트,https://gscs-b2c.lge.com/open/downloadFile?fileId=1h2334ObrNW8ouyu4DCVbA
ACT119,LG 휘센 AI 오브제컬렉션 뷰I 에어컨 2in1 (3시리즈),https://www.lge.co.kr/kr/images/air-conditioners/md10782857/gallery/medium-interior01.jpg,4351000,1,1810,7200,220,60,350,1840,295,870,800,320,58.5,5,1,에센스 화이트,https://gscs-b2c.lge.com/open/downloadFile?fileId=1h2334ObrNW8ouyu4DCVbA
ACT120,LG 휘센 AI 오브제컬렉션 뷰I 에어컨 2in1 (4시리즈),https://www.lge.co.kr/kr/images/air-conditioners/md10782832/gallery/medium-interior01.jpg,3941000,2,2100,7200,220,60,350,1840,295,870,650,330,58.5,5,1,에센스 화이트,https://gscs-b2c.lge.com/open/downloadFile?fileId=1h2334ObrNW8ouyu4DCVbA
ACT121,LG 휘센 AI 오브제컬렉션 뷰I 프로 에어컨 2in1 (5시리즈),https://www.lge.co.kr/kr/images/air-conditioners/md10742839/gallery/medium-interior01.jpg,4496000,2,2100,7200,220,60,350,1840,295,870,650,330,58.5,5,1,카밍 베이지,https://gscs-b2c.lge.com/open/downloadFile?fileId=Gj6u0VM7mUI05PFMjFrvJA
ACT122,LG 휘센 AI 오브제컬렉션 뷰I 프로 에어컨 2in1 (5시리즈),https://www.lge.co.kr/kr/images/air-conditioners/md10742844/gallery/medium-interior01.jpg,4385000,2,2100,7200,220,60,350,1840,295,870,650,330,58.5,5,1,에센스 화이트,https://gscs-b2c.lge.com/open/downloadFile?fileId=Gj6u0VM7mUI05PFMjFrvJA
ACT123,LG 휘센 AI 오브제컬렉션 뷰I 프로 에어컨 2in1 (6시리즈),https://www.lge.co.kr/kr/images/air-conditioners/md10742837/gallery/medium-interior01.jpg,4662000,2,2100,7200,220,60,350,1840,295,870,650,330,58.5,5,1,카밍 베이지,https://gscs-b2c.lge.com/open/downloadFile?fileId=Gj6u0VM7mUI05PFMjFrvJA
ACT124,LG 휘센 AI 오브제컬렉션 뷰I 프로 에어컨 2in1 (6시리즈),https://www.lge.co.kr/kr/images/air-conditioners/md10742836/gallery/medium-interior01.jpg,4551000,2,2100,7200,220,60,350,1840,295,870,650,330,58.5,5,1,에센스 화이트,https://gscs-b2c.lge.com/open/downloadFile?fileId=Gj6u0VM7mUI05PFMjFrvJA
ACT125,LG 휘센 AI 오브제컬렉션 뷰I 프로 에어컨 2in1 (6시리즈),https://www.lge.co.kr/kr/images/air-conditioners/md10742833/gallery/medium-interior01.jpg,5350000,1,2050,7200,220,60,350,1840,295,870,800,320,58.5,5,1,에센스 화이트,https://gscs-b2c.lge.com/open/downloadFile?fileId=2T9LtZIbc7D5duR8qrISw
ACT126,LG 휘센 AI 오브제컬렉션 위너 에어컨 2in1 (1시리즈),https://www.lge.co.kr/kr/images/air-conditioners/md10821833/gallery/medium-interior01.jpg,,3,2400,7200,220,60,350,1820,300,870,650,330,58.5,3,1,크림 화이트,https://gscs-b2c.lge.com/open/downloadFile?fileId=ARUQSiBEwDHMcqgkpCug
ACT127,LG 휘센 오브제컬렉션 위너 에어컨 2in1,https://www.lge.co.kr/kr/images/air-conditioners/md10278857/gallery/medium-interior01.jpg,,3,2200,7200,220,60,350,1820,300,870,650,330,77.2,3,1,크림 화이트,https://gscs-b2c.lge.com/open/downloadFile?fileId=XNJ37mp9XDGEOMDTuHJbeg
ACT128,LG 휘센 오브제컬렉션 위너 에어컨 2in1,https://www.lge.co.kr/kr/images/air-conditioners/md10278867/gallery/medium-interior01.jpg,2609000,3,2200,7200,220,60,350,1820,300,870,650,330,77.2,3,1,크림 화이트,https://gscs-b2c.lge.com/open/downloadFile?fileId=XNJ37mp9XDGEOMDTuHJbeg
ACT129,LG 휘센 오브제컬렉션 위너 에어컨,https://www.lge.co.kr/kr/images/air-conditioners/md10207830/gallery/medium-interior01.jpg,,3,2200,7200,220,60,350,1820,300,870,650,330,58.5,3,1,크림 화이트,https://gscs-b2c.lge.com/open/downloadFile?fileId=XNJ37mp9XDGEOMDTuHJbeg
ACT130,LG 휘센 오브제컬렉션 위너 에어컨 2in1,https://www.lge.co.kr/kr/images/air-conditioners/md10160840/gallery/medium-interior01.jpg,,3,2200,7200,220,60,350,1820,300,870,650,330,77.2,3,1,크림 화이트,https://gscs-b2c.lge.com/open/downloadFile?fileId=XNJ37mp9XDGEOMDTuHJbeg
ACT131,LG 휘센 오브제컬렉션 위너 에어컨 2in1,https://www.lge.co.kr/kr/images/air-conditioners/md10481830/gallery/medium-interior01.jpg,,3,2200,7200,220,60,350,1820,300,870,650,330,77.2,3,1,크림 화이트,https://gscs-b2c.lge.com/open/downloadFile?fileId=XNJ37mp9XDGEOMDTuHJbeg
ACT132,LG 휘센 오브제컬렉션 위너 에어컨 2in1 매립배관형,https://www.lge.co.kr/kr/images/air-conditioners/md10160841/gallery/medium-interior01.jpg,,3,2200,7200,220,60,350,1820,300,870,650,330,77.2,3,1,크림 화이트,https://gscs-b2c.lge.com/open/downloadFile?fileId=XNJ37mp9XDGEOMDTuHJbeg
ACT133,LG 휘센 AI 오브제컬렉션 뷰II 에어컨 2in1 (1시리즈),https://www.lge.co.kr/kr/images/air-conditioners/md10558826/gallery/medium-interior02.jpg,3108000,3,2300,7700,220,60,350,1840,295,870,800,320,81.3,5,1,에센스 화이트,https://gscs-b2c.lge.com/open/downloadFile?fileId=2Arpmb0HBJ4s18wvcKHcUQ
ACT134,LG 휘센 AI 오브제컬렉션 뷰II 에어컨 2in1 (2시리즈),https://www.lge.co.kr/kr/images/air-conditioners/md10558866/gallery/medium-interior02.jpg,,3,2300,7700,220,60,350,1840,295,870,800,320,81.3,5,1,에센스 화이트,https://gscs-b2c.lge.com/open/downloadFile?fileId=2Arpmb0HBJ4s18wvcKHcUQ
ACT135,LG 휘센 AI 오브제컬렉션 뷰I 에어컨 2in1 (3시리즈),https://www.lge.co.kr/kr/images/air-conditioners/md10576857/gallery/medium-interior01.jpg,,2,2300,7700,220,60,350,1840,295,870,800,320,81.3,5,1,에센스 화이트,https://gscs-b2c.lge.com/open/downloadFile?fileId=vCJ2j1ZpB3CUaXNv5tGqw
ACT136,LG 휘센 AI 오브제컬렉션 뷰II 에어컨 2in1 (1시리즈),https://www.lge.co.kr/kr/images/air-conditioners/md10783852/gallery/medium-interior01.jpg,3186000,3,2300,7700,220,60,350,1840,295,870,800,320,62.6,5,1,에센스 화이트,https://gscs-b2c.lge.com/open/downloadFile?fileId=SMm5qgJSPI1u0qUXwsNJnw
ACT137,LG 휘센 오브제컬렉션 타워II 에어컨 2in1 (2시리즈)매립배관형,https://www.lge.co.kr/kr/images/air-conditioners/md10324841/gallery/medium-interior01.jpg,,2,2350,8100,220,60,380,1915,295,870,800,320,84.6,5,1,카밍 베이지,https://gscs-b2c.lge.com/open/downloadFile?fileId=CSr78KtELvOMwqG5DMlLw
ACT138,LG 휘센 오브제컬렉션 쿨 에어컨 2in1 (2시리즈),https://www.lge.co.kr/kr/images/air-conditioners/md10561826/gallery/medium-interior01.jpg,3389000,3,2800,8100,220,60,350,1795,266,870,800,320,84.6,5,1,에센스 화이트,https://gscs-b2c.lge.com/open/downloadFile?fileId=HZtfnmMP7cpxSJ5TcMtT3w
ACT139,LG 휘센 오브제컬렉션 쿨 에어컨 2in1 (2시리즈),https://www.lge.co.kr/kr/images/air-conditioners/md10561826/gallery/medium-interior01.jpg,,3,2800,8100,220,60,350,1795,266,870,800,320,84.6,5,1,에센스 화이트,https://gscs-b2c.lge.com/open/downloadFile?fileId=HZtfnmMP7cpxSJ5TcMtT3w
ACT140,LG 휘센 AI 오브제컬렉션 뷰I 프로 에어컨 2in1 (6시리즈),https://www.lge.co.kr/kr/images/air-conditioners/md10495867/gallery/medium-interior01.jpg,4606000,2,2400,8200,220,60,350,1840,295,870,800,320,84.6,5,1,에센스 화이트,https://gscs-b2c.lge.com/open/downloadFile?fileId=CtIk6J6F6mXmEPYS6XYVZA
ACT141,LG 휘센 AI 오브제컬렉션 쿨 에어컨 2in1 (2시리즈),https://www.lge.co.kr/kr/images/air-conditioners/md10781853/gallery/medium-interior01.jpg,,3,2800,8100,220,60,350,1795,320,870,800,320,65.9,5,1,에센스 화이트,https://gscs-b2c.lge.com/open/downloadFile?fileId=Squ2mSleGrHJrdsdbqFfrQ
ACT142,LG 휘센 AI 오브제컬렉션 위너 에어컨 2in1 (2시리즈),https://www.lge.co.kr/kr/images/air-conditioners/md10807831/gallery/medium-interior01.jpg,,3,2530,8100,220,60,350,1820,300,870,800,320,65.9,3,1,크림 화이트,https://gscs-b2c.lge.com/open/downloadFile?fileId=AI2yqWoSZESJ9tICDWVvA
ACT143,LG 휘센 오브제컬렉션 타워II 에어컨 2in1 (4시리즈),https://www.lge.co.kr/kr/images/air-conditioners/md10301831/gallery/medium-interior01.jpg,,2,2400,8200,220,60,380,1915,295,870,800,320,93.2,5,1,카밍 베이지,https://gscs-b2c.lge.com/open/downloadFile?fileId=CSr78KtELvOMwqG5DMlLw
ACT144,LG 휘센 AI 오브제컬렉션 타워I 에어컨 2in1 (9시리즈),https://www.lge.co.kr/kr/images/air-conditioners/md10492861/gallery/medium-interior01.jpg,,1,2050,8200,220,60,380,1915,295,870,800,320,93.2,5,1,크림 화이트,https://gscs-b2c.lge.com/open/downloadFile?fileId=Nfb8Zk3OveQ8W2a25HmiRQ
ACT145,LG 휘센 AI 오브제컬렉션 뷰I 프로 에어컨 2in1 (6시리즈),https://www.lge.co.kr/kr/images/air-conditioners/md10495861/gallery/medium-interior01.jpg,,2,2400,8200,220,60,350,1840,295,870,800,320,93.2,5,1,에센스 화이트,https://gscs-b2c.lge.com/open/downloadFile?fileId=iBCaXvBMzrwPCIqgUftGXw
ACT146,LG 휘센 AI 오브제컬렉션 뷰I 프로 에어컨 2in1 (6시리즈),https://www.lge.co.kr/kr/images/air-conditioners/md10495860/gallery/medium-interior01.jpg,,2,2400,8200,220,60,350,1840,295,870,800,320,93.2,5,1,에센스 화이트,https://gscs-b2c.lge.com/open/downloadFile?fileId=iBCaXvBMzrwPCIqgUftGXw
ACT147,LG 휘센 AI 오브제컬렉션 타워I 에어컨 2in1 (9시리즈),https://www.lge.co.kr/kr/images/air-conditioners/md10738838/gallery/medium-interior01.jpg,7182000,1,2200,8200,220,60,380,1915,295,870,800,320,74.5,5,1,카밍 베이지,https://gscs-b2c.lge.com/open/downloadFile?fileId=VeBvxgsv9u6PPFuMrJQ
ACT148,LG 휘센 AI 오브제컬렉션 타워I 에어컨 2in1 (9시리즈),https://www.lge.co.kr/kr/images/air-conditioners/md10738840/gallery/medium-interior01.jpg,7182000,1,2200,8200,220,60,380,1915,295,870,800,320,74.5,5,1,크림 화이트,https://gscs-b2c.lge.com/open/downloadFile?fileId=VeBvxgsv9u6PPFuMrJQ
ACT149,LG 휘센 AI 오브제컬렉션 뷰II 에어컨 2in1 (2시리즈),https://www.lge.co.kr/kr/images/air-conditioners/md10783834/gallery/medium-interior01.jpg,3796000,,,,,,,,,,,,,,,,https://gscs-b2c.lge.com/open/downloadFile?fileId=SMm5qgJSPI1u0qUXwsNJnw
ACT150,LG 휘센 AI 오브제컬렉션 뷰I 에어컨 2in1 (3시리즈),https://www.lge.co.kr/kr/images/air-conditioners/md10782858/gallery/medium-interior01.jpg,4351000,2,2800,8200,220,60,350,1840,295,870,800,320,74.5,5,1,에센스 화이트,https://gscs-b2c.lge.com/open/downloadFile?fileId=1h2334ObrNW8ouyu4DCVbA
ACT151,LG 휘센 AI 오브제컬렉션 뷰I 프로 에어컨 2in1 (6시리즈),https://www.lge.co.kr/kr/images/air-conditioners/md10742835/gallery/medium-interior01.jpg,5350000,2,2500,8200,220,60,350,1840,295,870,800,320,74.5,5,1,에센스 화이트,https://gscs-b2c.lge.com/open/downloadFile?fileId=2T9LtZIbc7D5duR8qrISw
ACT152,LG 휘센 오브제컬렉션 타워I 에어컨 2in1 (6시리즈),https://www.lge.co.kr/kr/images/air-conditioners/md10333829/gallery/medium-interior01.jpg,,1,2350,9000,220,60,380,1915,295,870,800,320,100.5,5,1,카밍 베이지,https://gscs-b2c.lge.com/open/downloadFile?fileId=cofEdVGrPuYpbwXPl49A
ACT153,LG 휘센 AI 오브제컬렉션 타워I 에어컨 2in1 (5시리즈),https://www.lge.co.kr/kr/images/air-conditioners/md10733834/gallery/medium-interior01.jpg,5627000,2,2280,9000,220,60,380,1915,295,870,800,320,81.8,5,1,카밍 베이지,https://gscs-b2c.lge.com/open/downloadFile?fileId=7PJedwHolVWDWBKsTN35g
ACT154,LG 휘센 AI 오브제컬렉션 타워I 에어컨 2in1 (5시리즈),https://www.lge.co.kr/kr/images/air-conditioners/md10495851/gallery/medium-interior01.jpg,5627000,2,2280,9000,220,60,380,1915,295,870,800,320,81.8,5,1,크림 화이트,https://gscs-b2c.lge.com/open/downloadFile?fileId=7PJedwHolVWDWBKsTN35g
ACT155,LG 휘센 AI 오브제컬렉션 타워I 에어컨 2in1 (9시리즈),https://www.lge.co.kr/kr/images/air-conditioners/md10492853/gallery/medium-interior01.jpg,,1,2350,9000,220,60,380,1915,295,870,800,320,100.5,5,1,크림 화이트,https://gscs-b2c.lge.com/open/downloadFile?fileId=Nfb8Zk3OveQ8W2a25HmiRQ
ACT156,LG 휘센 AI 오브제컬렉션 타워I 에어컨 2in1 (9시리즈),https://www.lge.co.kr/kr/images/air-conditioners/md10738836/gallery/medium-interior01.jpg,7570000,1,2500,9000,220,60,380,1915,295,870,800,320,81.8,5,1,카밍 베이지,https://gscs-b2c.lge.com/open/downloadFile?fileId=VeBvxgsv9u6PPFuMrJQ
ACT157,LG 휘센 AI 오브제컬렉션 타워I 에어컨 2in1 (9시리즈),https://www.lge.co.kr/kr/images/air-conditioners/md10738837/gallery/medium-interior01.jpg,7570000,1,2500,9000,220,60,380,1915,295,870,800,320,81.8,5,1,크림 화이트,https://gscs-b2c.lge.com/open/downloadFile?fileId=VeBvxgsv9u6PPFuMrJQ
ACT158,LG 휘센 오브제컬렉션 쿨 사계절에어컨 2in1 (1시리즈),https://www.lge.co.kr/kr/images/air-conditioners/md10658826/gallery/medium-interior01.jpg,3608000,,1850,6500,220,60,350,1795,266,870,800,320,71.5,5,1,에센스 화이트,https://gscs-b2c.lge.com/open/downloadFile?fileId=x9KwisOE2GEP6gjg2BV3A
ACT159,LG 휘센 오브제컬렉션 쿨 사계절에어컨 2in1 (1시리즈),https://www.lge.co.kr/kr/images/air-conditioners/md10658826/gallery/medium-interior01.jpg,3719000,,1850,6500,220,60,350,1795,266,870,800,320,71.5,5,1,에센스 화이트,https://gscs-b2c.lge.com/open/downloadFile?fileId=x9KwisOE2GEP6gjg2BV3A
ACT160,LG 휘센 사계절에어컨 (위너),https://www.lge.co.kr/kr/images/air-conditioners/md09765838/gallery/medium-interior01.jpg,2775000,4,2200,6500,220,60,350,1820,300,870,800,320,52.8,3,1,웨딩 스노우,https://gscs-b2c.lge.com/open/downloadFile?fileId=6f2JtfbaFr0tUxdp8xKVUQ
ACT161,LG 휘센 오브제컬렉션 뷰I 사계절에어컨(3시리즈),https://www.lge.co.kr/kr/images/air-conditioners/md10463831/gallery/medium-interior02.jpg,3719000,3,2080,7200,220,60,350,1840,295,870,800,320,58.5,5,1,에센스 화이트,https://gscs-b2c.lge.com/open/downloadFile?fileId=wW21X2ofjE877CwlzfjN5Q
ACT162,LG 휘센 오브제컬렉션 사계절에어컨 2in1 (타워 히트),https://www.lge.co.kr/kr/images/air-conditioners/md10278853/gallery/medium-interior01.jpg,4329000,,2390,8100,220,60,380,1915,295,870,800,320,84.6,5,1,카밍 베이지,https://gscs-b2c.lge.com/open/downloadFile?fileId=Uwmas4HUrmnZAQrvRJXg
ACT163,LG 휘센 오브제컬렉션 타워I 사계절에어컨 (프리미엄),https://www.lge.co.kr/kr/images/air-conditioners/md10262833/gallery/medium-interior01.jpg,,,2390,8100,220,60,380,1915,295,870,800,320,84.6,5,1,크림 화이트,https://gscs-b2c.lge.com/open/downloadFile?fileId=Ku2S1gA2eFa7oshT0BnNw
ACT164,LG 휘센 오브제컬렉션 사계절에어컨 2in1 (타워 스페셜),https://www.lge.co.kr/kr/images/air-conditioners/md10278851/gallery/medium-interior01.jpg,,,2390,8100,220,60,380,1915,295,870,800,320,84.6,5,1,카밍 베이지,https://gscs-b2c.lge.com/open/downloadFile?fileId=WXLRod5NkjG8XpAmwcg
ACT165,LG 휘센 오브제컬렉션 이동식 에어컨 (듀얼호스),https://www.lge.co.kr/kr/images/air-conditioners/md10572830/gallery/medium-interior01.jpg,1166000,1,1260,2800,220,60,,,,,,,23.0,3,1,화이트(로즈데코),https://gscs-b2c.lge.com/open/downloadFile?fileId=CN4m80sJ7KkqaVbxxWRQ
ACT166,LG 휘센 오브제컬렉션 이동식 에어컨 (듀얼호스),https://www.lge.co.kr/kr/images/air-conditioners/md10572827/gallery/medium-interior01.jpg,1277000,1,1540,3200,220,60,,,,,,,26.0,3,1,카밍 베이지(로즈데코),https://gscs-b2c.lge.com/open/downloadFile?fileId=CN4m80sJ7KkqaVbxxWRQ
ACT167,LG 휘센 오브제컬렉션 이동식 에어컨 (듀얼호스),https://www.lge.co.kr/kr/images/air-conditioners/md10572832/gallery/medium-interior01.jpg,1221000,1,1540,3200,220,60,,,,,,,26.0,3,1,화이트(로즈데코),https://gscs-b2c.lge.com/open/downloadFile?fileId=CN4m80sJ7KkqaVbxxWRQ
ACT168,LG 휘센 오브제컬렉션 벽걸이에어컨 (2in1),https://www.lge.co.kr/kr/images/air-conditioners/md09107826/gallery/medium-interior01.jpg,,,,2300,220,60,857,348,192,,,,18.7,6,1,카밍 그린,https://gscs-b2c.lge.com/open/downloadFile?fileId=t8aUBxdbWHwXG4frd6bzg
ACT169,LG 휘센 오브제컬렉션 벽걸이에어컨 (2in1),https://www.lge.co.kr/kr/images/air-conditioners/md09126826/gallery/medium-interior01.jpg,,,,2300,220,60,837,302,192,,,,18.7,6,1,카밍 베이지,https://gscs-b2c.lge.com/open/downloadFile?fileId=XhXPqlqrq6lCqYGFMLP3PQ
ACT170,LG 휘센 오브제컬렉션 벽걸이에어컨 (2in1),https://www.lge.co.kr/kr/images/air-conditioners/md09863828/gallery/medium-interior01.jpg,,,550,2300,220,60,774,348,192,,,,18.7,6,1,카밍 베이지,https://gscs-b2c.lge.com/open/downloadFile?fileId=Ewc3YNeBmqqLvKbZqAO8g
ACT171,LG 휘센 오브제컬렉션 벽걸이에어컨 (2in1),https://www.lge.co.kr/kr/images/air-conditioners/md09863829/gallery/medium-interior01.jpg,,,550,2300,220,60,774,348,192,,,,18.7,6,1,크림 화이트,https://gscs-b2c.lge.com/open/downloadFile?fileId=Ewc3YNeBmqqLvKbZqAO8g
ACT172,LG 휘센 오브제컬렉션 벽걸이에어컨 (2in1),https://www.lge.co.kr/kr/images/air-conditioners/md09863830/gallery/medium-interior01.jpg,,,550,2300,220,60,774,348,192,,,,18.7,6,1,크림 그레이,https://gscs-b2c.lge.com/open/downloadFile?fileId=Ewc3YNeBmqqLvKbZqAO8g
ACT173,LG 휘센 오브제컬렉션 벽걸이에어컨 (2in1),https://www.lge.co.kr/kr/images/air-conditioners/md09853832/gallery/medium-interior01.jpg,,,530,2300,220,60,857,348,192,,,,18.7,6,1,카밍 베이지,https://gscs-b2c.lge.com/open/downloadFile?fileId=Ewc3YNeBmqqLvKbZqAO8g
ACT174,LG 휘센 오브제컬렉션 벽걸이에어컨 (2in1),https://www.lge.co.kr/kr/images/air-conditioners/md09863826/gallery/medium-interior01.jpg,,,530,2300,220,60,857,348,192,,,,18.7,6,1,크림 화이트,https://gscs-b2c.lge.com/open/downloadFile?fileId=Ewc3YNeBmqqLvKbZqAO8g
ACT175,LG 휘센 오브제컬렉션 벽걸이에어컨 (2in1),https://www.lge.co.kr/kr/images/air-conditioners/md09863827/gallery/medium-interior01.jpg,,,530,2300,220,60,857,348,192,,,,18.7,6,1,크림 그레이,https://gscs-b2c.lge.com/open/downloadFile?fileId=Ewc3YNeBmqqLvKbZqAO8g
ACT176,LG 휘센 벽걸이에어컨 (2in1),https://www.lge.co.kr/kr/images/air-conditioners/md09151829/gallery/medium-interior01.jpg,,,,2300,220,60,754,308,189,,,,18.7,6,1,웨딩 스노우,https://gscs-b2c.lge.com/open/downloadFile?fileId=Z1rgvo56SG4OHtjNBdnwQ
ACT177,LG 휘센 벽걸이에어컨 (2in1),https://www.lge.co.kr/kr/images/air-conditioners/md09126830/gallery/medium-interior01.jpg,,,,2300,220,60,837,302,189,,,,18.7,6,1,화이트,https://gscs-b2c.lge.com/open/downloadFile?fileId=tqPxb5Rgb4xZBDbkQ7V1Q
ACT178,LG 휘센 벽걸이에어컨 (2in1),https://www.lge.co.kr/kr/images/air-conditioners/md09119854/gallery/medium-interior01.jpg,,,,2300,220,60,756,265,184,,,,18.7,6,1,화이트,https://gscs-b2c.lge.com/open/downloadFile?fileId=MyPBS9yXD5mF1JcPuWTaw
ACT179,LG 휘센 벽걸이에어컨 (2in1),https://www.lge.co.kr/kr/images/air-conditioners/md09119855/gallery/medium-interior01.jpg,,,,2300,220,60,756,265,184,,,,18.7,3,1,화이트,https://gscs-b2c.lge.com/open/downloadFile?fileId=xiJbFQMaYOX9CospThuw
ACT180,LG 휘센 벽걸이에어컨 (2in1),https://www.lge.co.kr/kr/images/air-conditioners/md09863831/gallery/medium-interior01.jpg,,,550,2300,220,60,754,308,189,,,,18.7,6,1,웨딩 스노우,https://gscs-b2c.lge.com/open/downloadFile?fileId=KWAqFaPEu3PovLp1nqC2Q
ACT181,LG 휘센 벽걸이에어컨 (2in1),https://www.lge.co.kr/kr/images/air-conditioners/md09863832/gallery/medium-interior01.jpg,,,530,2300,220,60,837,302,189,,,,18.7,6,1,화이트,https://gscs-b2c.lge.com/open/downloadFile?fileId=KWAqFaPEu3PovLp1nqC2Q
ACT182,LG 휘센 벽걸이에어컨,https://www.lge.co.kr/kr/images/air-conditioners/md10296826/gallery/medium-interior01.jpg,743000,5,690,2300,220,60,754,308,189,717,495,230,18.7,6,1,웨딩 스노우,https://gscs-b2c.lge.com/open/downloadFile?fileId=SWV4EG3ihxtKuPigMTOiJQ
ACT183,LG 휘센 벽걸이에어컨 (2in1),https://www.lge.co.kr/kr/images/air-conditioners/md10302869/gallery/medium-interior01.jpg,,,550,2300,220,60,754,308,189,,,,18.7,6,1,웨딩 스노우,https://gscs-b2c.lge.com/open/downloadFile?fileId=0nrQhSrjaoOhVEdSiUOMOw
ACT184,LG 휘센 벽걸이에어컨,https://www.lge.co.kr/kr/images/air-conditioners/md10302868/gallery/medium-interior01.jpg,,,550,2300,220,60,754,348,192,,,,18.7,6,1,크림 화이트,https://gscs-b2c.lge.com/open/downloadFile?fileId=R4YNgpPA8M23gTcoWfl1w
ACT185,LG 휘센 벽걸이에어컨 (2in1),https://www.lge.co.kr/kr/images/air-conditioners/md10333826/gallery/medium-interior01.jpg,,,530,2300,220,60,837,308,189,,,,18.7,6,1,웨딩 스노우,https://gscs-b2c.lge.com/open/downloadFile?fileId=yaIDB4SxCrgI60to8ybYkg
ACT186,LG 휘센 벽걸이에어컨,https://www.lge.co.kr/kr/images/air-conditioners/md10269826/gallery/medium-interior01.jpg,1263000,1,510,2300,220,60,837,308,189,770,545,288,18.7,6,1,화이트,https://gscs-b2c.lge.com/open/downloadFile?fileId=7vIu6wPwkyhRWgROS1oUg
ACT187,LG 휘센 벽걸이에어컨,https://www.lge.co.kr/kr/images/air-conditioners/md10302867/gallery/medium-interior01.jpg,,,530,2300,220,60,837,348,192,,,,18.7,6,1,크림 화이트,https://gscs-b2c.lge.com/open/downloadFile?fileId=R4YNgpPA8M23gTcoWfl1w
ACT188,LG 휘센 벽걸이에어컨 (2in1),https://www.lge.co.kr/kr/images/air-conditioners/md10509827/gallery/medium-interior01.jpg,,,550,2300,220,60,754,308,189,,,,18.7,6,1,화이트,https://gscs-b2c.lge.com/open/downloadFile?fileId=Vf37tqBmi6gbxyS6rdnWA
ACT189,LG 휘센 벽걸이에어컨 (2in1),https://www.lge.co.kr/kr/images/air-conditioners/md10509827/gallery/medium-interior01.jpg,,,550,2300,220,60,799,307,235,,,,,6,,화이트,https://gscs-b2c.lge.com/open/downloadFile?fileId=Vf37tqBmi6gbxyS6rdnWA
ACT190,LG 휘센 벽걸이에어컨 (2in1),https://www.lge.co.kr/kr/images/air-conditioners/md10768826/gallery/medium-interior01.jpg,,,550,2300,220,60,754,308,189,,,,18.7,6,1,화이트,https://gscs-b2c.lge.com/open/downloadFile?fileId=VBpnMlL0PR7Uw3qTnomvIA
ACT191,LG 휘센 벽걸이에어컨,https://www.lge.co.kr/kr/images/air-conditioners/md10516827/gallery/medium-interior01.jpg,743000,5,690,2300,220,60,754,308,189,717,495,230,18.7,6,1,화이트,https://gscs-b2c.lge.com/open/downloadFile?fileId=QQQ6Skcd6TTtFjJsip84QA
ACT192,LG 휘센 벽걸이에어컨 (2in1),https://www.lge.co.kr/kr/images/air-conditioners/md10509826/gallery/medium-interior01.jpg,,,530,2300,220,60,837,308,189,,,,,6,1,화이트,https://gscs-b2c.lge.com/open/downloadFile?fileId=Vf37tqBmi6gbxyS6rdnWA
ACT193,LG 휘센 AI 오브제컬렉션 듀얼쿨 벽걸이에어컨 (2in1),https://www.lge.co.kr/kr/images/air-conditioners/md10509828/gallery/medium-interior01.jpg,,,530,2300,220,60,799,307,235,,,,,6,1,화이트,https://gscs-b2c.lge.com/open/downloadFile?fileId=fR7WnJxuytLLtEhTkrHnuw
ACT194,LG 휘센 벽걸이에어컨 (2in1),https://www.lge.co.kr/kr/images/air-conditioners/md10731834/gallery/medium-interior01.jpg,,,550,2300,220,60,754,308,189,,,,18.7,6,1,화이트,https://gscs-b2c.lge.com/open/downloadFile?fileId=H4SvJs7oZ3I6E1tReRig
ACT195,LG 휘센 벽걸이에어컨 (2in1),https://www.lge.co.kr/kr/images/air-conditioners/md10738835/gallery/medium-interior01.jpg,,,530,2300,220,60,837,308,189,,,,18.7,6,1,화이트,https://gscs-b2c.lge.com/open/downloadFile?fileId=lOUz6f4aYelGLU6cdZ3YPw
ACT196,LG 휘센 벽걸이에어컨,https://www.lge.co.kr/kr/images/air-conditioners/md10731831/gallery/medium-interior01.jpg,1199000,1,550,2300,220,60,837,308,189,717,495,230,18.7,6,1,화이트,https://gscs-b2c.lge.com/open/downloadFile?fileId=TxqsGo4xpEk7stzaD26Og
ACT197,LG 휘센 벽걸이에어컨,https://www.lge.co.kr/kr/images/air-conditioners/md10766829/gallery/medium-interior01.jpg,1188000,1,550,2300,220,60,837,308,189,717,495,230,18.7,6,1,화이트,https://gscs-b2c.lge.com/open/downloadFile?fileId=6JhtyIhhl0vFqngujcRs8A
ACT198,LG 휘센 오브제컬렉션 듀얼쿨 벽걸이에어컨 (2in1),https://www.lge.co.kr/kr/images/air-conditioners/md10731828/gallery/medium-interior01.jpg,,,530,2300,220,60,799,307,235,,,,18.7,6,1,화이트,https://gscs-b2c.lge.com/open/downloadFile?fileId=J7OckAbDsY3qEnYQvo6uw
ACT199,LG 휘센 오브제컬렉션 듀얼쿨 벽걸이에어컨 (2in1),https://www.lge.co.kr/kr/images/air-conditioners/md10754846/gallery/medium-interior01.jpg,,,530,2300,220,60,799,307,235,,,,18.7,6,1,화이트,https://gscs-b2c.lge.com/open/downloadFile?fileId=c4bhajdq5xxQ3weIhPmg
ACT200,LG 휘센 벽걸이에어컨,https://www.lge.co.kr/kr/images/air-conditioners/md10770842/gallery/medium-interior01.jpg,722000,5,765,2300,220,60,778,277,197,660,443,225,18.7,8,1,화이트,https://gscs-b2c.lge.com/open/downloadFile?fileId=9vWpoRy7kdwgsdR9s9pA
ACT201,LG 휘센 벽걸이에어컨 (2in1),https://www.lge.co.kr/kr/images/air-conditioners/md08043927/gallery/medium-interior01.jpg,,,,2800,220,60,837,302,189,,,,22.8,,1,화이트,https://gscs-b2c.lge.com/open/downloadFile?fileId=Ru0SfSHR36xKNL5iPs3Q
ACT202,LG 휘센 벽걸이에어컨 (2in1),https://www.lge.co.kr/kr/images/air-conditioners/md08921863/gallery/medium-interior01.jpg,,,,2800,220,60,837,302,189,,,,22.8,,1,화이트,https://gscs-b2c.lge.com/open/downloadFile?fileId=A5mJSePS6cGgA5jYWMWA
ACT203,LG 휘센 벽걸이에어컨,https://www.lge.co.kr/kr/images/air-conditioners/md10333832/gallery/medium-interior01.jpg,,5,930,2800,220,60,754,308,189,717,495,230,22.8,6,1,웨딩 스노우,https://gscs-b2c.lge.com/open/downloadFile?fileId=SWV4EG3ihxtKuPigMTOiJQ
ACT204,LG 휘센 벽걸이에어컨,https://www.lge.co.kr/kr/images/air-conditioners/md10738835/gallery/medium-interior01.jpg,1321000,1,700,2800,220,60,837,308,189,770,545,288,22.8,6,1,화이트,https://gscs-b2c.lge.com/open/downloadFile?fileId=6JhtyIhhl0vFqngujcRs8A
ACT205,LG 휘센 벽걸이에어컨,https://www.lge.co.kr/kr/images/air-conditioners/md10731831/gallery/medium-interior01.jpg,1332000,1,700,2800,220,60,837,308,189,770,545,288,22.8,6,1,화이트,https://gscs-b2c.lge.com/open/downloadFile?fileId=OON2jlqyEYltpbgNozFHtw
ACT206,LG 휘센 오브제컬렉션 듀얼쿨 벽걸이에어컨,https://www.lge.co.kr/kr/images/air-conditioners/md10754846/gallery/medium-interior01.jpg,1221000,3,820,2800,220,60,799,307,235,717,495,230,22.8,6,1,에센스 화이트,https://gscs-b2c.lge.com/open/downloadFile?fileId=yfe5OtgweW0ThRDGf0j9jg
ACT207,LG 휘센 오브제컬렉션 듀얼쿨 벽걸이에어컨,https://www.lge.co.kr/kr/images/air-conditioners/md10731828/gallery/medium-interior01.jpg,1399000,3,820,2800,220,60,799,307,235,717,495,230,22.8,6,1,에센스 화이트,https://gscs-b2c.lge.com/open/downloadFile?fileId=YRxFj8UhgYc08MP76ormA
ACT208,LG 휘센 AI 오브제컬렉션 듀얼쿨 벽걸이에어컨,https://www.lge.co.kr/kr/images/air-conditioners/md10731828/gallery/medium-interior01.jpg,1716000,1,690,2800,220,60,799,307,235,770,545,288,22.8,6,1,에센스 화이트,https://gscs-b2c.lge.com/open/downloadFile?fileId=J7OckAbDsY3qEnYQvo6uw
ACT209,LG 휘센 벽걸이에어컨,https://www.lge.co.kr/kr/images/air-conditioners/md10405827/gallery/medium-interior01.jpg,1188000,3,1150,3600,220,60,837,308,189,717,495,230,29.3,6,1,화이트,https://gscs-b2c.lge.com/open/downloadFile?fileId=muchH3CbD8iRZie9GAEA
ACT210,LG 휘센 벽걸이에어컨,https://www.lge.co.kr/kr/images/air-conditioners/md10333831/gallery/medium-interior01.jpg,1332000,1,870,3600,220,60,998,330,210,870,650,330,29.3,6,1,화이트,https://gscs-b2c.lge.com/open/downloadFile?fileId=SWV4EG3ihxtKuPigMTOiJQ
ACT211,LG 휘센 벽걸이에어컨,https://www.lge.co.kr/kr/images/air-conditioners/md10731831/gallery/medium-interior01.jpg,1232000,3,1150,3600,220,60,837,308,189,717,495,230,29.3,6,1,화이트,https://gscs-b2c.lge.com/open/downloadFile?fileId=68jGX37KZxRkmRZEphmZA
ACT212,LG 휘센 벽걸이에어컨,https://www.lge.co.kr/kr/images/air-conditioners/md10778836/gallery/medium-interior01.jpg,1499000,1,870,3600,220,60,998,330,210,870,650,330,29.3,6,1,화이트,https://gscs-b2c.lge.com/open/downloadFile?fileId=oJrnvikqFVPxPFSg2BlJTQ
ACT213,LG 휘센 벽걸이에어컨,https://www.lge.co.kr/kr/images/air-conditioners/md10766829/gallery/medium-interior01.jpg,1233000,4,1250,3900,220,60,837,308,189,717,495,230,31.7,6,1,화이트,https://gscs-b2c.lge.com/open/downloadFile?fileId=JsfBhrGxS5USOFUlWOTKMQ
ACT214,LG 휘센 벽걸이에어컨,https://www.lge.co.kr/kr/images/air-conditioners/md10269827/gallery/medium-interior01.jpg,1610000,1,1000,4200,220,60,998,330,210,870,650,330,34.1,6,1,화이트,https://gscs-b2c.lge.com/open/downloadFile?fileId=7vIu6wPwkyhRWgROS1oUg
ACT215,LG 휘센 벽걸이에어컨,https://www.lge.co.kr/kr/images/air-conditioners/md10778836/gallery/medium-interior01.jpg,1621000,1,1000,4200,220,60,998,330,210,870,650,330,34.1,6,1,화이트,https://gscs-b2c.lge.com/open/downloadFile?fileId=oJrnvikqFVPxPFSg2BlJTQ
ACT216,LG 휘센 벽걸이에어컨,https://www.lge.co.kr/kr/images/air-conditioners/md10269828/gallery/medium-interior01.jpg,1794000,2,1420,5200,220,60,998,330,210,870,650,330,42.3,6,1,화이트,https://gscs-b2c.lge.com/open/downloadFile?fileId=7vIu6wPwkyhRWgROS1oUg
ACT217,LG 휘센 벽걸이에어컨,https://www.lge.co.kr/kr/images/air-conditioners/md10778836/gallery/medium-interior01.jpg,1698000,2,1420,5200,220,60,998,330,210,870,650,330,42.3,6,1,화이트,https://gscs-b2c.lge.com/open/downloadFile?fileId=IHN7k8C8xLQN1LkK0jVKOw
ACT218,LG 휘센 벽걸이에어컨,https://www.lge.co.kr/kr/images/air-conditioners/md10296830/gallery/medium-interior01.jpg,2030000,3,2050,6500,220,60,998,330,210,870,650,330,52.8,6,1,화이트,https://gscs-b2c.lge.com/open/downloadFile?fileId=muchH3CbD8iRZie9GAEA
ACT219,LG 휘센 벽걸이에어컨,https://www.lge.co.kr/kr/images/air-conditioners/md10778836/gallery/medium-interior01.jpg,1920000,3,2050,6500,220,60,998,330,210,870,650,330,52.8,6,1,화이트,https://gscs-b2c.lge.com/open/downloadFile?fileId=IHN7k8C8xLQN1LkK0jVKOw
ACT220,LG 휘센 오브제컬렉션 사계절에어컨 (2in1),https://www.lge.co.kr/kr/images/air-conditioners/md09736826/gallery/medium-interior01.jpg,,,550,2300,220,60,774,348,190,,,,18.7,6,1,카밍 베이지,https://gscs-b2c.lge.com/open/downloadFile?fileId=pEaAtDXBE4OZW6oLqHn4VA
ACT221,LG 휘센 사계절벽걸이에어컨 (2in1),https://www.lge.co.kr/kr/images/air-conditioners/md10664841/gallery/medium-interior01.jpg,,,550,2300,220,60,754,308,189,,,,,6,1,화이트,https://gscs-b2c.lge.com/open/downloadFile?fileId=eLoDu7c3mmPBKsouVezJw
ACT222,LG 휘센 사계절에어컨 (벽걸이),https://www.lge.co.kr/kr/images/air-conditioners/md10662826/gallery/medium-interior01.jpg,1565000,2,850,3000,220,60,998,330,210,770,545,288,24.4,6,1,화이트,https://gscs-b2c.lge.com/open/downloadFile?fileId=iGZ1qmtxAMSYwOXawnwpdw
ACT223,LG 휘센 사계절에어컨 (벽걸이),https://www.lge.co.kr/kr/images/air-conditioners/md10778835/gallery/medium-interior01.jpg,1510000,4,740,2800,220,60,837,308,189,717,495,230,22.8,6,1,화이트,https://gscs-b2c.lge.com/open/downloadFile?fileId=IpKKs9YuTZpnxPbVpprg
ACT224,LG 휘센 사계절에어컨 (벽걸이),https://www.lge.co.kr/kr/images/air-conditioners/md10731832/gallery/medium-interior02.jpg,1991000,1,590,2700,220,60,998,330,210,870,650,330,22.0,6,1,화이트,https://gscs-b2c.lge.com/open/downloadFile?fileId=qJK2zqdb6sC7dpYdBha02A
ACT225,LG 휘센 사계절에어컨 (벽걸이),https://www.lge.co.kr/kr/images/air-conditioners/md10269830/gallery/medium-interior01.jpg,,4,1100,3600,220,60,837,308,189,770,545,288,29.3,6,1,화이트,https://gscs-b2c.lge.com/open/downloadFile?fileId=pVlSNVCIdvvMkWsloxC1QQ
ACT226,LG 휘센 AI 오브제컬렉션 듀얼쿨 사계절에어컨 (벽걸이),https://www.lge.co.kr/kr/images/air-conditioners/md10640826/gallery/medium-interior01.jpg,2109000,1,810,3600,220,60,1050,307,235,870,650,330,29.3,6,1,에센스 화이트,https://gscs-b2c.lge.com/open/downloadFile?fileId=SuBRU4YxDC5hqnZn6g8hQ
ACT227,LG 휘센 사계절에어컨 (벽걸이),https://www.lge.co.kr/kr/images/air-conditioners/md10662826/gallery/medium-interior01.jpg,1677000,3,1130,3600,220,60,998,330,210,770,545,288,29.3,6,1,화이트,https://gscs-b2c.lge.com/open/downloadFile?fileId=iGZ1qmtxAMSYwOXawnwpdw
ACT228,LG 휘센 사계절에어컨 (벽걸이),https://www.lge.co.kr/kr/images/air-conditioners/md10662826/gallery/medium-interior01.jpg,1788000,2,1250,4700,220,60,998,330,210,870,650,330,38.2,6,1,화이트,https://gscs-b2c.lge.com/open/downloadFile?fileId=qJK2zqdb6sC7dpYdBha02A
ACT229,LG 휘센 사계절에어컨 (벽걸이),https://www.lge.co.kr/kr/images/air-conditioners/md10662826/gallery/medium-interior01.jpg,1954000,2,1440,5200,220,60,998,330,210,870,650,330,42.3,6,1,화이트,https://gscs-b2c.lge.com/open/downloadFile?fileId=qJK2zqdb6sC7dpYdBha02A
ACT230,LG 휘센 사계절에어컨 (벽걸이),https://www.lge.co.kr/kr/images/air-conditioners/md10662826/gallery/medium-interior01.jpg,2343000,4,2010,6500,220,60,998,330,210,870,800,320,52.8,6,1,화이트,https://gscs-b2c.lge.com/open/downloadFile?fileId=hZ2cxey823bgWdslscVmrA
ACT231,LG 휘센 오브제컬렉션 엣지 창호형 에어컨 마감키트,https://www.lge.co.kr/kr/images/air-conditioners/md10771829/gallery/medium-interior01.jpg,1554000,1,990,2150,220,60,,,,,,,16.5,5,1,크림 화이트,https://gscs-b2c.lge.com/open/downloadFile?fileId=kxNJkGGJ1u2cWsGoo2mMOQ
ACT232,LG 휘센 오브제컬렉션 엣지 창호형 에어컨 마감키트,https://www.lge.co.kr/kr/images/air-conditioners/md10771841/gallery/medium-interior01.jpg,1499000,1,990,2150,220,60,,,,,,,16.5,5,1,크림 화이트,https://gscs-b2c.lge.com/open/downloadFile?fileId=FtRPP9Lwxg72ne5iIXC1ZA
ACT233,LG 휘센 오브제컬렉션 엣지 창호형 에어컨 마감키트,https://www.lge.co.kr/kr/images/air-conditioners/md10771829/gallery/medium-interior01.jpg,1554000,1,990,2360,220,60,,,,,,,19.4,5,1,크림 화이트,https://gscs-b2c.lge.com/open/downloadFile?fileId=kxNJkGGJ1u2cWsGoo2mMOQ
