product_code,resol_code,name,img_link,price,proficiency_level,power_consum(W),screen_size(cm),display_type,ref_rate(Hz),os_type,speaker_output(W),width(mm),height(mm),depth(mm),weight(kg),manual_link
TVT000,RES000,LG Micro RGB evo AI (스탠드형),https://www.lge.co.kr/kr/images/tvs/md10794841/gallery/medium-interior01.jpg,16500000.0,,0.5,252.0,Micro RGB,165.0,webOS 26,40.0,2230.0,1277.0,49.0,67.3,https://gscs-b2c.lge.com/open/downloadFile?fileId=7g7LHiPnQ0ArCiR4LHqw
TVT001,RES001,LG 일반 LED TV (스탠드형),https://www.lge.co.kr/kr/images/tvs/md10791858/gallery/medium-interior01.jpg,,1.0,0.5,80.0,LED,60.0,webOS 26,10.0,719.0,430.0,71.0,3.5,https://gscs-b2c.lge.com/open/downloadFile?fileId=TjlDdINPPzfddamy19qPw
TVT002,RES001,LG 일반 LED TV (스탠드형),https://www.lge.co.kr/kr/images/tvs/md10791858/gallery/medium-interior01.jpg,450000.0,1.0,0.5,80.0,LED,60.0,webOS 26,10.0,719.0,430.0,71.0,3.5,https://gscs-b2c.lge.com/open/downloadFile?fileId=0NoWMrt8yVoskJzWsA0PQ
TVT003,RES001,LG 일반 LED TV (스탠드형),https://www.lge.co.kr/kr/images/tvs/md10791858/gallery/medium-interior01.jpg,450000.0,1.0,0.5,80.0,LED,60.0,webOS 26,10.0,719.0,430.0,71.0,3.5,https://gscs-b2c.lge.com/open/downloadFile?fileId=75XPYjWun9r8hRTu67XYZQ
TVT004,RES001,LG 일반 LED TV (스탠드형),https://www.lge.co.kr/kr/images/tvs/md10272836/gallery/medium-interior01.jpg,450000.0,1.0,35.4,80.0,LED,60.0,,,736.0,437.0,82.0,4.65,https://gscs-b2c.lge.com/open/downloadFile?fileId=jytE7EazXXVwNlvD2gJNA
TVT005,RES001,LG 일반 LED TV (스탠드형),https://www.lge.co.kr/kr/images/tvs/md09460826/gallery/medium-interior01.jpg,450000.0,1.0,35.4,80.0,LED,60.0,,,736.0,437.0,82.0,4.65,https://gscs-b2c.lge.com/open/downloadFile?fileId=Ex9qS4JM4rw8JMiuAv1ag
TVT006,,LG 일반 LED TV (스탠드형),https://www.lge.co.kr/kr/images/tvs/md08989826/gallery/medium-interior01.jpg,670000.0,1.0,68.0,107.0,LED,60.0,,,,,,,https://gscs-b2c.lge.com/open/downloadFile?fileId=uSOwcIc6Jp7AomqluWMnVA
TVT007,RES000,LG 나노셀 AI (스탠드형),https://www.lge.co.kr/kr/images/tvs/md10543866/gallery/medium-interior01.jpg,,1.0,0.5,107.0,LED,60.0,webOS 25,20.0,968.0,565.0,29.0,9.3,https://gscs-b2c.lge.com/open/downloadFile?fileId=lseYPJquAt2IbefvmHmSfw
TVT008,RES000,LG 나노셀 AI (스탠드형),https://www.lge.co.kr/kr/images/tvs/md10573857/gallery/medium-interior01.jpg,1040000.0,1.0,0.5,107.0,LED,60.0,webOS 25,20.0,967.0,564.0,57.0,8.8,https://gscs-b2c.lge.com/open/downloadFile?fileId=uJSS2X4KrryK1zI7kl9g
TVT009,RES000,LG 나노셀 AI (벽걸이형),https://www.lge.co.kr/kr/images/tvs/md10543867/gallery/medium-interior01.jpg,1140000.0,1.0,0.5,107.0,LED,60.0,webOS 25,20.0,968.0,565.0,29.0,9.3,https://gscs-b2c.lge.com/open/downloadFile?fileId=SYXWGBoQGm0L68TTrL8woQ
TVT010,RES000,LG NANO 4K UHD AI (스탠드형),https://www.lge.co.kr/kr/images/tvs/md10799857/gallery/medium-interior01.jpg,1040000.0,1.0,0.5,107.0,LED,60.0,webOS 26,20.0,959.0,563.0,70.0,6.4,https://gscs-b2c.lge.com/open/downloadFile?fileId=NjdrZ2NQbPWMNVhw9P6YQ
TVT011,RES000,LG 울트라 HD TV AI (스탠드형),https://www.lge.co.kr/kr/images/tvs/md10610862/gallery/medium-interior01.jpg,940000.0,1.0,0.5,107.0,LED,60.0,webOS 25,20.0,968.0,567.0,67.0,7.3,https://gscs-b2c.lge.com/open/downloadFile?fileId=ZtAQPFBMZffFmLYJgIvQ
TVT012,RES000,LG 울트라 HD TV AI (스탠드형),https://www.lge.co.kr/kr/images/tvs/md10577832/gallery/medium-interior01.jpg,,1.0,0.5,107.0,LED,60.0,webOS 25,20.0,968.0,567.0,67.0,7.3,https://gscs-b2c.lge.com/open/downloadFile?fileId=skGB8N1U2pnmrDVRFScUpQ
TVT013,RES000,LG 울트라 HD TV (스탠드형),https://www.lge.co.kr/kr/images/tvs/md10218827/gallery/medium-interior01.jpg,,1.0,0.5,107.0,LED,60.0,webOS 23,20.0,968.0,565.0,29.0,9.3,https://gscs-b2c.lge.com/open/downloadFile?fileId=jFyzkdugNJrON50A3b5bw
TVT014,RES000,LG 울트라 HD TV (벽걸이형),https://www.lge.co.kr/kr/images/tvs/md10218829/gallery/medium-interior01.jpg,,1.0,0.5,107.0,LED,60.0,webOS 23,20.0,968.0,565.0,29.0,9.3,https://gscs-b2c.lge.com/open/downloadFile?fileId=jFyzkdugNJrON50A3b5bw
TVT015,RES000,LG 울트라 HD TV (벽걸이형),https://www.lge.co.kr/kr/images/tvs/md10319874/gallery/medium-interior01.jpg,1170000.0,1.0,0.5,107.0,LED,60.0,webOS 24,20.0,968.0,565.0,29.0,9.3,https://gscs-b2c.lge.com/open/downloadFile?fileId=XRE2Ujx3hSCLzOPlFA47fw
TVT016,RES000,LG 나노셀 AI (벽걸이형),https://www.lge.co.kr/kr/images/tvs/md10543865/gallery/medium-interior01.jpg,1440000.0,1.0,0.5,125.0,LED,60.0,webOS 25,20.0,1123.0,652.0,29.0,13.0,https://gscs-b2c.lge.com/open/downloadFile?fileId=z3iVlf9YEKinGvL95dg9Q
TVT017,RES000,LG 울트라 HD TV AI (스탠드형),https://www.lge.co.kr/kr/images/tvs/md10610860/gallery/medium-interior01.jpg,1140000.0,1.0,0.5,125.0,LED,60.0,webOS 25,20.0,1122.0,654.0,67.0,9.4,https://gscs-b2c.lge.com/open/downloadFile?fileId=iVeMo1ncDP85qnI8xXUbLw
TVT018,RES000,LG 울트라 HD TV AI (스탠드형),https://www.lge.co.kr/kr/images/tvs/md10577830/gallery/medium-interior01.jpg,,1.0,0.5,125.0,LED,60.0,webOS 25,20.0,1122.0,654.0,67.0,9.4,https://gscs-b2c.lge.com/open/downloadFile?fileId=ErByi96Pmx8TXevfY0agvw
TVT019,RES000,LG 울트라 HD TV AI (스탠드형),https://www.lge.co.kr/kr/images/tvs/md10582833/gallery/medium-interior01.jpg,1090000.0,1.0,0.5,125.0,LED,60.0,webOS 25,20.0,1122.0,654.0,67.0,9.4,https://gscs-b2c.lge.com/open/downloadFile?fileId=nVh2e3POOuE9FdWN7P399w
TVT020,RES000,LG 울트라 HD TV (벽걸이형-무타공),https://www.lge.co.kr/kr/images/tvs/md10440828/gallery/medium-interior01.jpg,,1.0,0.5,125.0,LED,60.0,webOS 24,20.0,1121.0,651.0,57.0,11.7,https://gscs-b2c.lge.com/open/downloadFile?fileId=8SRep24KlkjsfIIJta4rw
TVT021,RES000,LG 울트라 HD TV (스탠드형),https://www.lge.co.kr/kr/images/tvs/md10530839/gallery/medium-interior01.jpg,,1.0,0.5,125.0,LED,60.0,webOS 24,20.0,1123.0,652.0,29.0,13.0,https://gscs-b2c.lge.com/open/downloadFile?fileId=bYQ3T5xxkPeVWCyVCeLvQ
TVT022,RES000,LG 나노셀 AI (스탠드형),https://www.lge.co.kr/kr/images/tvs/md10543862/gallery/medium-interior01.jpg,,1.0,0.5,138.0,LED,60.0,webOS 25,20.0,1236.0,716.0,29.0,15.0,https://gscs-b2c.lge.com/open/downloadFile?fileId=ZmIsNYPyjd5nehdNENgVw
TVT023,RES000,LG 나노셀 AI (스탠드형),https://www.lge.co.kr/kr/images/tvs/md10573849/gallery/medium-interior01.jpg,1340000.0,1.0,0.5,138.0,LED,60.0,webOS 25,20.0,1235.0,715.0,57.0,14.0,https://gscs-b2c.lge.com/open/downloadFile?fileId=haRmHmu8588mpNS3PM6ToA
TVT024,RES000,LG 나노셀 AI (스탠드형),https://www.lge.co.kr/kr/images/tvs/md10543862/gallery/medium-interior01.jpg,,1.0,0.5,138.0,LED,60.0,webOS 25,20.0,1236.0,716.0,29.0,15.0,https://gscs-b2c.lge.com/open/downloadFile?fileId=SlZ9dfiLBV0UAqDhD7Ji8A
TVT025,RES000,LG 나노셀 AI (벽걸이형),https://www.lge.co.kr/kr/images/tvs/md10543863/gallery/medium-interior01.jpg,,1.0,0.5,138.0,LED,60.0,webOS 25,20.0,1236.0,716.0,29.0,15.0,https://gscs-b2c.lge.com/open/downloadFile?fileId=SlZ9dfiLBV0UAqDhD7Ji8A
TVT026,RES000,LG 나노셀 AI (스탠드형),https://www.lge.co.kr/kr/images/tvs/md10543862/gallery/medium-interior01.jpg,1890000.0,1.0,0.5,138.0,LED,60.0,webOS 25,20.0,1236.0,716.0,29.0,15.0,https://gscs-b2c.lge.com/open/downloadFile?fileId=c76K51RsBoqTUFlybow
TVT027,RES000,LG NANO 4K UHD AI (스탠드형),https://www.lge.co.kr/kr/images/tvs/md10799851/gallery/medium-interior01.jpg,1290000.0,1.0,0.5,138.0,LED,60.0,webOS 26,20.0,1228.0,715.0,70.0,9.5,https://gscs-b2c.lge.com/open/downloadFile?fileId=zP4eA1CRn4gvuHzbDCrnfg
TVT028,RES000,LG QNED AI (스탠드형),https://www.lge.co.kr/kr/images/tvs/md10654892/gallery/medium-interior01.jpg,1690000.0,1.0,0.5,138.0,LED,60.0,webOS 25,20.0,1236.0,718.0,67.0,11.5,https://gscs-b2c.lge.com/open/downloadFile?fileId=JQTqja22P3nqzGS0NwYvkg
TVT029,RES000,LG QNED evo AI (스탠드형),https://www.lge.co.kr/kr/images/tvs/md10794838/gallery/medium-interior01.jpg,1490000.0,1.0,0.5,138.0,mini LED,60.0,webOS 26,20.0,1236.0,718.0,67.0,11.5,https://gscs-b2c.lge.com/open/downloadFile?fileId=KqDLdL4lwkRSV9t10R6tgg
TVT030,RES000,LG 울트라 HD TV AI (스탠드형),https://www.lge.co.kr/kr/images/tvs/md10610858/gallery/medium-interior01.jpg,1240000.0,1.0,0.5,138.0,LED,60.0,webOS 25,20.0,1236.0,718.0,67.0,11.5,https://gscs-b2c.lge.com/open/downloadFile?fileId=3nynHm7Io5ZbVBvt09OFwg
TVT031,RES000,LG 울트라 HD TV AI (스탠드형),https://www.lge.co.kr/kr/images/tvs/md10582831/gallery/medium-interior01.jpg,,1.0,0.5,138.0,LED,60.0,webOS 25,20.0,1236.0,718.0,67.0,11.5,https://gscs-b2c.lge.com/open/downloadFile?fileId=LIuurmpvdsmKbuT5q6WSCA
TVT032,RES000,LG 울트라 HD TV (스탠드형),https://www.lge.co.kr/kr/images/tvs/md10219829/gallery/medium-interior01.jpg,,1.0,0.5,138.0,LED,60.0,webOS 23,20.0,1236.0,716.0,29.0,15.0,https://gscs-b2c.lge.com/open/downloadFile?fileId=jFyzkdugNJrON50A3b5bw
TVT033,RES000,LG 울트라 HD TV (벽걸이형),https://www.lge.co.kr/kr/images/tvs/md10219830/gallery/medium-interior01.jpg,,1.0,0.5,138.0,LED,60.0,webOS 23,20.0,1236.0,716.0,29.0,15.0,https://gscs-b2c.lge.com/open/downloadFile?fileId=jFyzkdugNJrON50A3b5bw
TVT034,RES000,LG 울트라 HD TV (스탠드형),https://www.lge.co.kr/kr/images/tvs/md10366852/gallery/medium-interior01.jpg,,1.0,0.5,138.0,LED,60.0,webOS 23,20.0,1236.0,716.0,29.0,15.0,https://gscs-b2c.lge.com/open/downloadFile?fileId=jFyzkdugNJrON50A3b5bw
TVT035,RES000,LG 울트라 HD TV (스탠드형),https://www.lge.co.kr/kr/images/tvs/md10314859/gallery/medium-interior01.jpg,1490000.0,1.0,0.5,138.0,LED,60.0,webOS 24,20.0,1236.0,716.0,29.0,15.0,https://gscs-b2c.lge.com/open/downloadFile?fileId=4cw5G0RtRf80tQw8rDbIjg
TVT036,RES000,LG 울트라 HD TV (스탠드형),https://www.lge.co.kr/kr/images/tvs/md10530837/gallery/medium-interior01.jpg,,1.0,0.5,138.0,LED,60.0,webOS 24,20.0,1236.0,716.0,29.0,15.0,https://gscs-b2c.lge.com/open/downloadFile?fileId=VUKTO8bVxsyUOT0dOc7Pg
TVT037,RES000,LG 나노셀 AI (스탠드형),https://www.lge.co.kr/kr/images/tvs/md10573849/gallery/medium-interior01.jpg,2090000.0,1.0,0.5,163.0,LED,60.0,webOS 25,20.0,1454.0,838.0,57.0,21.5,https://gscs-b2c.lge.com/open/downloadFile?fileId=s711oju5nUqHKcdFgHmvA
TVT038,RES000,LG 나노셀 AI (스탠드형),https://www.lge.co.kr/kr/images/tvs/md10543860/gallery/medium-interior01.jpg,,1.0,0.5,163.0,LED,60.0,webOS 25,20.0,1456.0,840.0,29.0,23.6,https://gscs-b2c.lge.com/open/downloadFile?fileId=WaNatfStB65ekb9nfgMQ
TVT039,RES000,LG 나노셀 AI (벽걸이형),https://www.lge.co.kr/kr/images/tvs/md10543861/gallery/medium-interior01.jpg,,1.0,0.5,163.0,LED,60.0,webOS 25,20.0,1456.0,840.0,29.0,23.6,https://gscs-b2c.lge.com/open/downloadFile?fileId=WaNatfStB65ekb9nfgMQ
TVT040,RES000,LG 나노셀 AI (벽걸이형),https://www.lge.co.kr/kr/images/tvs/md10543861/gallery/medium-interior01.jpg,2090000.0,1.0,0.5,163.0,LED,60.0,webOS 25,20.0,1456.0,840.0,29.0,23.6,https://gscs-b2c.lge.com/open/downloadFile?fileId=3wWNSLAt3fNiHQ4Q37HXxA
TVT041,RES000,LG NANO 4K UHD AI (스탠드형),https://www.lge.co.kr/kr/images/tvs/md10799851/gallery/medium-interior01.jpg,2090000.0,1.0,0.5,163.0,LED,60.0,webOS 26,20.0,1447.0,838.0,70.0,13.9,https://gscs-b2c.lge.com/open/downloadFile?fileId=PbXaXqYmJeirOZZT5zt7GQ
TVT042,RES000,LG QNED AI (스탠드형),https://www.lge.co.kr/kr/images/tvs/md10560833/gallery/medium-interior01.jpg,2390000.0,1.0,0.5,163.0,LED,60.0,webOS 25,20.0,1456.0,840.0,29.0,22.5,https://gscs-b2c.lge.com/open/downloadFile?fileId=hGI4mhUYJx1xQTMleF21GQ
TVT043,RES000,LG QNED AI (스탠드형),https://www.lge.co.kr/kr/images/tvs/md10654892/gallery/medium-interior01.jpg,2490000.0,1.0,0.5,163.0,LED,60.0,webOS 25,20.0,1455.0,841.0,67.0,16.8,https://gscs-b2c.lge.com/open/downloadFile?fileId=t2TpV7EKLqDPncZ7fq2GA
TVT044,RES000,LG QNED AI (벽걸이형),https://www.lge.co.kr/kr/images/tvs/md10560834/gallery/medium-interior01.jpg,2490000.0,1.0,0.5,163.0,LED,60.0,webOS 25,20.0,1456.0,840.0,29.0,22.5,https://gscs-b2c.lge.com/open/downloadFile?fileId=LP6Vo2eru3wGO4JIJpvOsw
TVT045,RES000,LG QNED TV (스탠드형) + LG 사운드바,https://www.lge.co.kr/kr/images/tvs/md10402851/gallery/medium01.jpg,,1.0,0.5,163.0,LED,60.0,webOS 23,20.0,1452.0,839.0,44.0,24.5,https://gscs-b2c.lge.com/open/downloadFile?fileId=tCH3f9xLhYsg6B73MWBZpw
TVT046,RES000,LG QNED evo AI (스탠드형),https://www.lge.co.kr/kr/images/tvs/md10794836/gallery/medium-interior01.jpg,2690000.0,1.0,0.5,163.0,mini LED,60.0,webOS 26,20.0,1455.0,841.0,67.0,16.5,https://gscs-b2c.lge.com/open/downloadFile?fileId=PMZOLHJtDITU9eLlbywKGw
TVT047,RES000,LG QNED TV (스탠드형),https://www.lge.co.kr/kr/images/tvs/md10319857/gallery/medium-interior01.jpg,2770000.0,1.0,0.5,163.0,LED,60.0,webOS 24,20.0,1456.0,840.0,29.0,22.5,https://gscs-b2c.lge.com/open/downloadFile?fileId=1g5szewMrCwheI8wNWeg
TVT048,RES000,LG QNED TV (벽걸이형),https://www.lge.co.kr/kr/images/tvs/md10319858/gallery/medium-interior01.jpg,2770000.0,1.0,0.5,163.0,LED,60.0,webOS 24,20.0,1456.0,840.0,29.0,22.5,https://gscs-b2c.lge.com/open/downloadFile?fileId=1g5szewMrCwheI8wNWeg
TVT049,RES000,LG QNED evo AI (스탠드형),https://www.lge.co.kr/kr/images/tvs/md10543857/gallery/medium-interior01.jpg,,1.0,0.5,163.0,mini LED,144.0,webOS 25,20.0,1456.0,840.0,29.0,22.5,https://gscs-b2c.lge.com/open/downloadFile?fileId=QBwpE534cbgJDYo0nuFaA
TVT050,RES000,LG QNED evo AI (벽걸이형),https://www.lge.co.kr/kr/images/tvs/md10543858/gallery/medium-interior01.jpg,,2.0,0.5,163.0,mini LED,144.0,webOS 25,20.0,1456.0,840.0,29.0,22.5,https://gscs-b2c.lge.com/open/downloadFile?fileId=HeUf4nzHFhty5ROTzaaIQ
TVT051,RES000,LG Easy TV AI (스탠드형),https://www.lge.co.kr/kr/images/tvs/md10684833/gallery/medium-interior02.jpg,2640000.0,1.0,0.5,163.0,mini LED,144.0,webOS 25,20.0,1456.0,840.0,29.0,22.5,https://gscs-b2c.lge.com/open/downloadFile?fileId=MtEGNyt68Y0fn73xv5dBDQ
TVT052,RES000,LG QNED evo AI (스탠드형),https://www.lge.co.kr/kr/images/tvs/md10543857/gallery/medium-interior01.jpg,2590000.0,2.0,0.5,163.0,mini LED,144.0,webOS 25,20.0,1456.0,840.0,29.0,22.5,https://gscs-b2c.lge.com/open/downloadFile?fileId=FgfyK3fryYYZxmFVPBoAzQ
TVT053,RES000,LG QNED evo AI (스탠드형),https://www.lge.co.kr/kr/images/tvs/md10654837/gallery/medium-interior01.jpg,,1.0,0.5,163.0,mini LED,144.0,webOS 25,40.0,1445.0,830.0,58.0,18.5,https://gscs-b2c.lge.com/open/downloadFile?fileId=R1kY7q7FfYXjGem82uXIg
TVT054,RES000,LG QNED evo AI (스탠드형),https://www.lge.co.kr/kr/images/tvs/md10648828/gallery/medium-interior01.jpg,2890000.0,1.0,0.5,163.0,mini LED,144.0,webOS 25,40.0,1445.0,830.0,58.0,18.6,https://gscs-b2c.lge.com/open/downloadFile?fileId=R1kY7q7FfYXjGem82uXIg
TVT055,RES000,LG 울트라 HD TV AI (스탠드형),https://www.lge.co.kr/kr/images/tvs/md10610856/gallery/medium-interior01.jpg,1790000.0,1.0,0.5,163.0,LED,60.0,webOS 25,20.0,1455.0,841.0,67.0,16.5,https://gscs-b2c.lge.com/open/downloadFile?fileId=sO5EljZ0IYXc31JaN4xJJQ
TVT056,RES000,LG 울트라 HD TV AI (스탠드형),https://www.lge.co.kr/kr/images/tvs/md10575830/gallery/medium-interior01.jpg,,1.0,0.5,163.0,LED,60.0,webOS 25,20.0,1455.0,841.0,67.0,16.5,https://gscs-b2c.lge.com/open/downloadFile?fileId=TN4odlru6xMWBpdIjMyRg
TVT057,RES000,LG 울트라 HD TV (스탠드형),https://www.lge.co.kr/kr/images/tvs/md09689831/gallery/medium-interior01.jpg,,1.0,0.5,163.0,LED,60.0,webOS 22,20.0,1454.0,838.0,57.0,21.5,https://gscs-b2c.lge.com/open/downloadFile?fileId=FXTKh3UR0WBxP0d1qdP9HQ
TVT058,RES000,LG 울트라 HD TV (스탠드형),https://www.lge.co.kr/kr/images/tvs/md10366855/gallery/medium-interior01.jpg,,1.0,0.5,163.0,LED,60.0,webOS 23,20.0,1456.0,840.0,29.0,23.6,https://gscs-b2c.lge.com/open/downloadFile?fileId=jFyzkdugNJrON50A3b5bw
TVT059,RES000,LG 울트라 HD TV (스탠드형),https://www.lge.co.kr/kr/images/tvs/md10314857/gallery/medium-interior01.jpg,2090000.0,1.0,0.5,163.0,LED,60.0,webOS 24,20.0,1456.0,840.0,29.0,23.6,https://gscs-b2c.lge.com/open/downloadFile?fileId=JR4buumcUkOiPj7SaolA
TVT060,RES000,LG 울트라 HD TV (스탠드형),https://www.lge.co.kr/kr/images/tvs/md10530835/gallery/medium-interior01.jpg,,1.0,0.5,163.0,LED,60.0,webOS 24,20.0,1456.0,840.0,29.0,23.6,https://gscs-b2c.lge.com/open/downloadFile?fileId=V8jEh4CE8cDRtXQBTQl8g
TVT061,RES000,LG Micro RGB evo AI (스탠드형),https://www.lge.co.kr/kr/images/tvs/md10799835/gallery/medium-interior01.jpg,9020000.0,3.0,0.5,189.0,Micro RGB,165.0,webOS 26,40.0,1673.0,963.0,44.0,40.5,https://gscs-b2c.lge.com/open/downloadFile?fileId=8XILF4ldk7sqqT34dmsLnw
TVT062,RES000,LG 나노셀 AI (스탠드형),https://www.lge.co.kr/kr/images/tvs/md10573847/gallery/medium-interior01.jpg,,1.0,0.5,189.0,LED,60.0,webOS 25,20.0,1678.0,964.0,59.0,31.4,https://gscs-b2c.lge.com/open/downloadFile?fileId=OIulWvkJPYXemXM3yKzElg
TVT063,RES000,LG 나노셀 AI (스탠드형),https://www.lge.co.kr/kr/images/tvs/md10542835/gallery/medium-interior01.jpg,,1.0,0.5,189.0,LED,60.0,webOS 25,20.0,1677.0,965.0,30.0,33.0,https://gscs-b2c.lge.com/open/downloadFile?fileId=uQZeClago32Wu1pYmmZag
TVT064,RES000,LG 나노셀 AI (스탠드형),https://www.lge.co.kr/kr/images/tvs/md10573847/gallery/medium-interior01.jpg,2790000.0,1.0,0.5,189.0,LED,60.0,webOS 25,20.0,1678.0,964.0,59.0,31.4,https://gscs-b2c.lge.com/open/downloadFile?fileId=4r0loTZ6CLIs1ieRdUrbFw
TVT065,RES000,LG 나노셀 AI (스탠드형)+ LG 사운드바,https://www.lge.co.kr/kr/images/tvs/md10661857/gallery/medium01.jpg,2790000.0,1.0,0.5,189.0,LED,60.0,webOS 25,20.0,1678.0,964.0,59.0,31.4,https://gscs-b2c.lge.com/open/downloadFile?fileId=4r0loTZ6CLIs1ieRdUrbFw
TVT066,RES000,LG 나노셀 AI (스탠드형)+ LG 사운드바,https://www.lge.co.kr/kr/images/tvs/md10661856/gallery/medium01.jpg,2790000.0,1.0,0.5,189.0,LED,60.0,webOS 25,20.0,1678.0,964.0,59.0,31.4,https://gscs-b2c.lge.com/open/downloadFile?fileId=4r0loTZ6CLIs1ieRdUrbFw
TVT067,RES000,LG 나노셀 AI (스탠드형)+ LG 사운드바,https://www.lge.co.kr/kr/images/tvs/md10661855/gallery/medium01.jpg,2790000.0,1.0,0.5,189.0,LED,60.0,webOS 25,20.0,1678.0,964.0,59.0,31.4,https://gscs-b2c.lge.com/open/downloadFile?fileId=4r0loTZ6CLIs1ieRdUrbFw
TVT068,RES000,LG 나노셀 AI (벽걸이형),https://www.lge.co.kr/kr/images/tvs/md10543859/gallery/medium-interior01.jpg,2890000.0,1.0,0.5,189.0,LED,60.0,webOS 25,20.0,1677.0,965.0,30.0,33.0,https://gscs-b2c.lge.com/open/downloadFile?fileId=NcZaW3PwnEk9MMBS5wU4w
TVT069,RES000,LG NANO 4K UHD AI (스탠드형),https://www.lge.co.kr/kr/images/tvs/md10799849/gallery/medium-interior01.jpg,2790000.0,1.0,0.5,189.0,LED,60.0,webOS 26,20.0,1669.0,963.0,72.0,22.1,https://gscs-b2c.lge.com/open/downloadFile?fileId=ruOeMxkPfW2yrOH0G4Mvg
TVT070,RES000,LG QNED AI (스탠드형),https://www.lge.co.kr/kr/images/tvs/md10560831/gallery/medium-interior01.jpg,2740000.0,1.0,0.5,189.0,LED,60.0,webOS 25,20.0,1677.0,965.0,30.0,33.0,https://gscs-b2c.lge.com/open/downloadFile?fileId=kO63Rnie7lHpmuJoTdwmUg
TVT071,RES000,LG QNED AI (스탠드형) + LG 사운드바,https://www.lge.co.kr/kr/images/tvs/md10661841/gallery/medium01.jpg,2890000.0,1.0,0.5,189.0,LED,60.0,webOS 25,20.0,1677.0,965.0,30.0,33.0,https://gscs-b2c.lge.com/open/downloadFile?fileId=kO63Rnie7lHpmuJoTdwmUg
TVT072,RES000,LG QNED AI (스탠드형) + LG 사운드바,https://www.lge.co.kr/kr/images/tvs/md10661840/gallery/medium01.jpg,2890000.0,1.0,0.5,189.0,LED,60.0,webOS 25,20.0,1677.0,965.0,30.0,33.0,https://gscs-b2c.lge.com/open/downloadFile?fileId=kO63Rnie7lHpmuJoTdwmUg
TVT073,RES000,LG QNED AI (스탠드형) + LG 사운드바,https://www.lge.co.kr/kr/images/tvs/md10661839/gallery/medium01.jpg,2890000.0,1.0,0.5,189.0,LED,60.0,webOS 25,20.0,1677.0,965.0,30.0,33.0,https://gscs-b2c.lge.com/open/downloadFile?fileId=kO63Rnie7lHpmuJoTdwmUg
TVT074,RES000,LG QNED TV (스탠드형) + LG 사운드바,https://www.lge.co.kr/kr/images/tvs/md10497857/gallery/medium01.jpg,,1.0,0.5,189.0,LED,60.0,webOS 24,20.0,1677.0,965.0,30.0,33.0,https://gscs-b2c.lge.com/open/downloadFile?fileId=5sK6FdF7ysL306b2Rq2oSQ
TVT075,RES000,LG QNED TV (스탠드형) + LG 사운드바,https://www.lge.co.kr/kr/images/tvs/md10610868/gallery/medium01.jpg,,1.0,0.5,189.0,LED,60.0,webOS 24,20.0,1677.0,965.0,30.0,33.0,https://gscs-b2c.lge.com/open/downloadFile?fileId=5sK6FdF7ysL306b2Rq2oSQ
TVT076,RES000,LG QNED AI (스탠드형),https://www.lge.co.kr/kr/images/tvs/md10654888/gallery/medium-interior01.jpg,2840000.0,1.0,0.5,189.0,LED,60.0,webOS 25,20.0,1678.0,964.0,59.0,31.4,https://gscs-b2c.lge.com/open/downloadFile?fileId=yRBSkFnodrxUGCB3MnpA
TVT077,RES000,LG QNED TV (스탠드형) + LG 사운드바,https://www.lge.co.kr/kr/images/tvs/md10402829/gallery/medium01.jpg,,1.0,0.5,189.0,LED,60.0,webOS 23,20.0,1675.0,964.0,44.0,35.9,
TVT078,RES000,LG QNED TV (스탠드형) + LG 사운드바,https://www.lge.co.kr/kr/images/tvs/md10402877/gallery/medium01.jpg,,1.0,0.5,189.0,LED,60.0,webOS 23,20.0,1675.0,964.0,44.0,35.9,https://gscs-b2c.lge.com/open/downloadFile?fileId=hFqy0SWGsiINnbkpXIJc2Q
TVT079,RES000,LG QNED AI (스탠드형),https://www.lge.co.kr/kr/images/tvs/md10543875/gallery/medium-interior01.jpg,2890000.0,1.0,0.5,189.0,LED,60.0,webOS 25,20.0,1677.0,965.0,30.0,33.0,https://gscs-b2c.lge.com/open/downloadFile?fileId=XHyPinH12e0OTMmDGNBQtg
TVT080,RES000,LG QNED TV (스탠드형) + LG 사운드바,https://www.lge.co.kr/kr/images/tvs/md10402875/gallery/medium01.jpg,,4.0,0.5,189.0,LED,60.0,webOS 22,40.0,1675.0,964.0,44.0,35.9,https://gscs-b2c.lge.com/open/downloadFile?fileId=n2SIJ37u0JmYG8k18UUSEw
TVT081,RES000,LG QNED evo AI (스탠드형),https://www.lge.co.kr/kr/images/tvs/md10794834/gallery/medium-interior01.jpg,3090000.0,1.0,0.5,189.0,mini LED,60.0,webOS 26,20.0,1667.0,962.0,66.0,21.2,https://gscs-b2c.lge.com/open/downloadFile?fileId=jgElJqJrSB5rvxJWBwSlg
TVT082,RES000,LG QNED AI (스탠드형),https://www.lge.co.kr/kr/images/tvs/md10654845/gallery/medium-interior01.jpg,,1.0,0.5,189.0,LED,60.0,webOS 25,20.0,1677.0,966.0,51.0,31.4,https://gscs-b2c.lge.com/open/downloadFile?fileId=fXtTlGZS3cAvP9L1w1fgg
TVT083,RES000,LG QNED evo AI (벽걸이형),https://www.lge.co.kr/kr/images/tvs/md10543856/gallery/medium-interior01.jpg,3790000.0,2.0,0.5,189.0,mini LED,144.0,webOS 25,20.0,1677.0,965.0,30.0,33.0,https://gscs-b2c.lge.com/open/downloadFile?fileId=RI8d364V89BLfoc165PQ
TVT084,RES000,LG Easy TV AI (스탠드형),https://www.lge.co.kr/kr/images/tvs/md10684835/gallery/medium-interior02.jpg,3740000.0,1.0,0.5,189.0,mini LED,144.0,webOS 25,20.0,1677.0,965.0,30.0,33.0,https://gscs-b2c.lge.com/open/downloadFile?fileId=6pr7NvkZLQyYMMizsUMQ
TVT085,RES000,LG QNED evo AI (스탠드형),https://www.lge.co.kr/kr/images/tvs/md10588834/gallery/medium-interior01.jpg,3690000.0,1.0,0.5,189.0,mini LED,144.0,webOS 25,20.0,1677.0,965.0,30.0,33.3,https://gscs-b2c.lge.com/open/downloadFile?fileId=mknrKkIgPTmE6Y05ufgBQ
TVT086,RES002,LG QNED evo (스탠드형),https://www.lge.co.kr/kr/images/tvs/md10396902/gallery/medium-interior01.jpg,,4.0,0.5,189.0,mini LED,120.0,webOS 22,40.0,1665.0,958.0,29.0,36.0,https://gscs-b2c.lge.com/open/downloadFile?fileId=1MWbHucjy8NaYz6h7jOGw
TVT087,RES000,LG QNED evo AI (스탠드형),https://www.lge.co.kr/kr/images/tvs/md10654833/gallery/medium-interior01.jpg,,1.0,0.5,189.0,mini LED,144.0,webOS 25,40.0,1667.0,955.0,58.0,25.7,https://gscs-b2c.lge.com/open/downloadFile?fileId=R1kY7q7FfYXjGem82uXIg
TVT088,RES000,LG QNED evo AI (스탠드형),https://www.lge.co.kr/kr/images/tvs/md10648827/gallery/medium-interior01.jpg,4290000.0,1.0,0.5,189.0,mini LED,144.0,webOS 25,40.0,1667.0,955.0,58.0,25.7,https://gscs-b2c.lge.com/open/downloadFile?fileId=R1kY7q7FfYXjGem82uXIg
TVT089,RES000,LG 울트라 HD TV (스탠드형),https://www.lge.co.kr/kr/images/tvs/md09689830/gallery/medium-interior01.jpg,,1.0,0.5,189.0,LED,60.0,webOS 22,20.0,1678.0,964.0,59.0,31.4,https://gscs-b2c.lge.com/open/downloadFile?fileId=FmgaffqIu2bqPlZyOJO3A
TVT090,RES000,LG 울트라 HD TV (스탠드형) + LG 사운드바,https://www.lge.co.kr/kr/images/tvs/md10402833/gallery/medium01.jpg,,1.0,0.5,189.0,LED,60.0,webOS 23,20.0,,,,31.4,https://gscs-b2c.lge.com/open/downloadFile?fileId=Wu1E8iSBw1MW6ZU3GsKSKA
TVT091,RES000,LG 울트라 HD TV (스탠드형),https://www.lge.co.kr/kr/images/tvs/md10219833/gallery/medium-interior01.jpg,,1.0,0.5,189.0,LED,60.0,webOS 23,20.0,1677.0,965.0,30.0,33.0,https://gscs-b2c.lge.com/open/downloadFile?fileId=M0KfJVWJIWEk8SY8SC4ZQ
TVT092,RES000,LG 울트라 HD TV (벽걸이형),https://www.lge.co.kr/kr/images/tvs/md10219834/gallery/medium-interior01.jpg,,1.0,0.5,189.0,LED,60.0,webOS 23,20.0,1677.0,965.0,30.0,33.0,https://gscs-b2c.lge.com/open/downloadFile?fileId=M0KfJVWJIWEk8SY8SC4ZQ
TVT093,RES000,LG 울트라 HD TV (스탠드형),https://www.lge.co.kr/kr/images/tvs/md10366861/gallery/medium-interior01.jpg,,1.0,0.5,189.0,LED,60.0,webOS 23,20.0,1677.0,965.0,30.0,33.0,https://gscs-b2c.lge.com/open/downloadFile?fileId=jFyzkdugNJrON50A3b5bw
TVT094,RES000,LG 울트라 HD TV (스탠드형) + LG 사운드바,https://www.lge.co.kr/kr/images/tvs/md10497845/gallery/medium01.jpg,,1.0,0.5,189.0,LED,60.0,webOS 24,20.0,1678.0,964.0,59.0,31.4,
TVT095,RES000,LG 울트라 HD TV (스탠드형) + LG 사운드바,https://www.lge.co.kr/kr/images/tvs/md10610872/gallery/medium01.jpg,,1.0,0.5,189.0,LED,60.0,webOS 24,20.0,1678.0,964.0,59.0,31.4,https://gscs-b2c.lge.com/open/downloadFile?fileId=jsEPJeDnZECfS873GyIcIw
TVT096,RES000,LG 울트라 HD TV (스탠드형) + LG 사운드바,https://www.lge.co.kr/kr/images/tvs/md10497831/gallery/medium01.jpg,4289000.0,1.0,0.5,189.0,LED,60.0,webOS 24,20.0,1677.0,965.0,30.0,33.0,https://gscs-b2c.lge.com/open/downloadFile?fileId=tEuNA8SHPzJ80seZ08Pg
TVT097,RES000,LG 울트라 HD TV (스탠드형),https://www.lge.co.kr/kr/images/tvs/md10530833/gallery/medium-interior01.jpg,,1.0,0.5,189.0,LED,60.0,webOS 24,20.0,1677.0,965.0,30.0,33.0,https://gscs-b2c.lge.com/open/downloadFile?fileId=LiFmAJqluflm22D0hmwYDQ
TVT098,RES000,LG NANO 4K UHD AI (스탠드형),https://www.lge.co.kr/kr/images/tvs/md10799847/gallery/medium-interior01.jpg,3890000.0,1.0,0.5,214.0,LED,60.0,webOS 26,20.0,1890.0,1088.0,72.0,29.6,https://gscs-b2c.lge.com/open/downloadFile?fileId=UNAlUJ2rj565YqESj72w
TVT099,RES000,LG QNED evo AI (스탠드형),https://www.lge.co.kr/kr/images/tvs/md10794832/gallery/medium-interior01.jpg,4290000.0,1.0,0.5,214.0,mini LED,60.0,webOS 26,20.0,1889.0,1087.0,67.0,27.9,https://gscs-b2c.lge.com/open/downloadFile?fileId=ZWIIlmHr0PDMSmPcGvaZCw
TVT100,RES000,LG QNED evo AI (스탠드형),https://www.lge.co.kr/kr/images/tvs/md10654833/gallery/medium-interior01.jpg,,1.0,0.5,214.0,mini LED,144.0,webOS 25,40.0,1890.0,1081.0,59.0,34.0,https://gscs-b2c.lge.com/open/downloadFile?fileId=R1kY7q7FfYXjGem82uXIg
TVT101,RES000,LG Micro RGB evo AI (스탠드형),https://www.lge.co.kr/kr/images/tvs/md10796841/gallery/medium-interior01.jpg,10450000.0,,0.5,217.0,Micro RGB,165.0,webOS 26,40.0,1925.0,1105.0,46.0,56.1,https://gscs-b2c.lge.com/open/downloadFile?fileId=DMcwPaBPrRLA9Udy1RedA
TVT102,RES000,LG 나노셀 AI (스탠드형),https://www.lge.co.kr/kr/images/tvs/md10543870/gallery/medium-interior01.jpg,,,0.5,217.0,LED,60.0,webOS 25,20.0,1927.0,1104.0,59.0,45.2,https://gscs-b2c.lge.com/open/downloadFile?fileId=P2kD5C0GMTOhMGJa0247Sg
TVT103,RES000,LG 나노셀 AI (스탠드형),https://www.lge.co.kr/kr/images/tvs/md10573845/gallery/medium-interior01.jpg,3890000.0,,0.5,217.0,LED,60.0,webOS 25,20.0,1927.0,1104.0,59.0,45.2,https://gscs-b2c.lge.com/open/downloadFile?fileId=4H6EEORgSyzPuemuoHDOjA
TVT104,RES000,LG 나노셀 AI (스탠드형)+ LG 사운드바,https://www.lge.co.kr/kr/images/tvs/md10661849/gallery/medium01.jpg,3890000.0,,0.5,217.0,LED,60.0,webOS 25,20.0,1927.0,1104.0,59.0,45.2,https://gscs-b2c.lge.com/open/downloadFile?fileId=4H6EEORgSyzPuemuoHDOjA
TVT105,RES000,LG 나노셀 AI (스탠드형)+ LG 사운드바,https://www.lge.co.kr/kr/images/tvs/md10661848/gallery/medium01.jpg,3890000.0,,0.5,217.0,LED,60.0,webOS 25,20.0,1927.0,1104.0,59.0,45.2,https://gscs-b2c.lge.com/open/downloadFile?fileId=4H6EEORgSyzPuemuoHDOjA
TVT106,RES000,LG 나노셀 AI (스탠드형) + LG 사운드바,https://www.lge.co.kr/kr/images/tvs/md10661847/gallery/medium01.jpg,3890000.0,,0.5,217.0,LED,60.0,webOS 25,20.0,1927.0,1104.0,59.0,45.2,https://gscs-b2c.lge.com/open/downloadFile?fileId=4H6EEORgSyzPuemuoHDOjA
TVT107,RES000,LG QNED AI (벽걸이형),https://www.lge.co.kr/kr/images/tvs/md10560830/gallery/medium-interior01.jpg,3890000.0,,0.5,217.0,LED,60.0,webOS 25,20.0,1928.0,1108.0,30.0,50.0,https://gscs-b2c.lge.com/open/downloadFile?fileId=PFPE7I6xK9DdCPPWP5R0g
TVT108,RES000,LG QNED AI (스탠드형) + LG 사운드바,https://www.lge.co.kr/kr/images/tvs/md10661832/gallery/medium01.jpg,3890000.0,,0.5,217.0,LED,60.0,webOS 25,20.0,1928.0,1108.0,30.0,50.0,https://gscs-b2c.lge.com/open/downloadFile?fileId=PFPE7I6xK9DdCPPWP5R0g
TVT109,RES000,LG QNED AI (스탠드형) + LG 사운드바,https://www.lge.co.kr/kr/images/tvs/md10661831/gallery/medium01.jpg,3890000.0,,0.5,217.0,LED,60.0,webOS 25,20.0,1928.0,1108.0,30.0,50.0,https://gscs-b2c.lge.com/open/downloadFile?fileId=PFPE7I6xK9DdCPPWP5R0g
TVT110,RES000,LG QNED AI (스탠드형) + LG 사운드바,https://www.lge.co.kr/kr/images/tvs/md10661830/gallery/medium01.jpg,3890000.0,,0.5,217.0,LED,60.0,webOS 25,20.0,1928.0,1108.0,30.0,50.0,https://gscs-b2c.lge.com/open/downloadFile?fileId=PFPE7I6xK9DdCPPWP5R0g
TVT111,RES000,LG QNED TV (스탠드형) + LG 사운드바,https://www.lge.co.kr/kr/images/tvs/md10497855/gallery/medium01.jpg,,,0.5,217.0,LED,60.0,webOS 24,20.0,1928.0,1108.0,30.0,50.0,https://gscs-b2c.lge.com/open/downloadFile?fileId=UyaQIgJ9cexz0RkyELGZLA
TVT112,RES000,LG QNED TV (스탠드형) + LG 사운드바,https://www.lge.co.kr/kr/images/tvs/md10610864/gallery/medium01.jpg,,,0.5,217.0,LED,60.0,webOS 24,20.0,1928.0,1108.0,30.0,50.0,https://gscs-b2c.lge.com/open/downloadFile?fileId=UyaQIgJ9cexz0RkyELGZLA
TVT113,RES000,LG QNED AI (벽걸이형),https://www.lge.co.kr/kr/images/tvs/md10654889/gallery/medium-interior01.jpg,3790000.0,,0.5,217.0,LED,60.0,webOS 25,20.0,1927.0,1104.0,59.0,45.2,https://gscs-b2c.lge.com/open/downloadFile?fileId=g8KI7jEMZVuvRFYO8Cnhw
TVT114,RES000,LG QNED AI (스탠드형),https://www.lge.co.kr/kr/images/tvs/md10654888/gallery/medium-interior01.jpg,3790000.0,,0.5,217.0,LED,60.0,webOS 25,20.0,1927.0,1104.0,59.0,45.2,https://gscs-b2c.lge.com/open/downloadFile?fileId=QO1ttVPKjRWGBsFuFJnw
TVT115,RES000,LG QNED AI (스탠드형),https://www.lge.co.kr/kr/images/tvs/md10543873/gallery/medium-interior01.jpg,3990000.0,,0.5,217.0,LED,60.0,webOS 25,20.0,1928.0,1108.0,30.0,50.0,https://gscs-b2c.lge.com/open/downloadFile?fileId=gucmDPisdu6Pv9N0tRGsA
TVT116,RES000,LG QNED AI (벽걸이형),https://www.lge.co.kr/kr/images/tvs/md10654844/gallery/medium-interior01.jpg,3790000.0,,0.5,217.0,LED,60.0,webOS 25,20.0,1929.0,1108.0,51.0,45.5,https://gscs-b2c.lge.com/open/downloadFile?fileId=whe7bdYnvBSbTsfCF9Crtg
TVT117,RES000,LG QNED evo AI (벽걸이형),https://www.lge.co.kr/kr/images/tvs/md10543851/gallery/medium-interior01.jpg,4990000.0,,0.5,217.0,mini LED,144.0,webOS 25,20.0,1928.0,1108.0,30.0,50.0,https://gscs-b2c.lge.com/open/downloadFile?fileId=y1bzEe8Ny48uCVV4peMSHg
TVT118,RES000,LG QNED evo AI (스탠드형),https://www.lge.co.kr/kr/images/tvs/md10588832/gallery/medium-interior01.jpg,5090000.0,,0.5,217.0,mini LED,144.0,webOS 25,20.0,1928.0,1108.0,30.0,50.0,https://gscs-b2c.lge.com/open/downloadFile?fileId=p2KtUyccId0at0K0lS17Hw
TVT119,RES000,LG 울트라 HD TV (스탠드형),https://www.lge.co.kr/kr/images/tvs/md10237826/gallery/medium-interior01.jpg,,,0.5,217.0,LED,120.0,webOS 22,20.0,1927.0,1104.0,59.0,45.2,https://gscs-b2c.lge.com/open/downloadFile?fileId=ZB45NTMokxr2ATBzeWhQw
TVT120,RES000,LG 울트라 HD TV (스탠드형) + LG 사운드바,https://www.lge.co.kr/kr/images/tvs/md10402827/gallery/medium01.jpg,,,0.5,217.0,LED,120.0,webOS 23,20.0,1927.0,1104.0,59.0,45.2,https://gscs-b2c.lge.com/open/downloadFile?fileId=ApRRnxlpqZdhBYPSSZTw
TVT121,RES000,LG 울트라 HD TV (스탠드형),https://www.lge.co.kr/kr/images/tvs/md09979829/gallery/medium-interior01.jpg,,,0.5,217.0,LED,120.0,webOS 23,20.0,1927.0,1104.0,59.0,45.2,https://gscs-b2c.lge.com/open/downloadFile?fileId=lDriVyrun8YxxwQTlBtgw
TVT122,RES000,LG 울트라 HD TV (스탠드형),https://www.lge.co.kr/kr/images/tvs/md10219835/gallery/medium-interior01.jpg,,,0.5,217.0,LED,120.0,webOS 23,20.0,1927.0,1104.0,59.0,45.2,https://gscs-b2c.lge.com/open/downloadFile?fileId=ME34w6A4EDdIdCyHtG4r1g
TVT123,RES000,LG 울트라 HD TV (벽걸이형),https://www.lge.co.kr/kr/images/tvs/md10219836/gallery/medium-interior01.jpg,,,0.5,217.0,LED,120.0,webOS 23,20.0,1927.0,1104.0,59.0,45.2,https://gscs-b2c.lge.com/open/downloadFile?fileId=ME34w6A4EDdIdCyHtG4r1g
TVT124,RES000,LG 울트라 HD TV (스탠드형),https://www.lge.co.kr/kr/images/tvs/md10366868/gallery/medium-interior01.jpg,,,0.5,217.0,LED,120.0,webOS 23,20.0,1927.0,1104.0,59.0,45.2,https://gscs-b2c.lge.com/open/downloadFile?fileId=ME34w6A4EDdIdCyHtG4r1g
TVT125,RES000,LG 울트라 HD TV (스탠드형),https://www.lge.co.kr/kr/images/tvs/md10314851/gallery/medium-interior01.jpg,3890000.0,,0.5,217.0,LED,60.0,webOS 24,20.0,1927.0,1104.0,59.0,45.2,https://gscs-b2c.lge.com/open/downloadFile?fileId=4Pu7mmY4BpwVICqjgvuoFA
TVT126,RES000,LG 울트라 HD TV (스탠드형),https://www.lge.co.kr/kr/images/tvs/md10530831/gallery/medium-interior01.jpg,,,0.5,217.0,LED,60.0,webOS 24,20.0,1927.0,1104.0,59.0,45.2,https://gscs-b2c.lge.com/open/downloadFile?fileId=mxgidTufNYA9hxnNWiBaQ
TVT127,RES000,LG QNED TV (스탠드형),https://www.lge.co.kr/kr/images/tvs/md10367826/gallery/medium-interior01.jpg,7800000.0,,0.5,247.0,LED,120.0,webOS 24,40.0,2182.0,1258.0,110.0,61.2,https://gscs-b2c.lge.com/open/downloadFile?fileId=Z300TVLfBcU1ircjUgqm9w
TVT128,RES000,LG 울트라 HD TV (스탠드형),https://www.lge.co.kr/kr/images/tvs/md10470830/gallery/medium-interior01.jpg,5090000.0,,0.5,247.0,LED,120.0,webOS 24,40.0,2182.0,1258.0,110.0,61.2,https://gscs-b2c.lge.com/open/downloadFile?fileId=Z300TVLfBcU1ircjUgqm9w
TVT129,,갤러리 스탠드,https://www.lge.co.kr/kr/images/tvs/md09615828/gallery/medium-interior01.jpg,,,,,,,,,,,,,https://gscs-b2c.lge.com/open/downloadFile?fileId=UjCH9WqkE7sVp25OvdCOw
TVT130,RES000,LG 올레드 evo (스탠드형),https://www.lge.co.kr/kr/images/tvs/md10319920/gallery/medium-interior01.jpg,1390000.0,4.0,0.5,105.0,올레드,120.0,webOS 24,20.0,932.0,540.0,41.0,9.8,https://gscs-b2c.lge.com/open/downloadFile?fileId=iY03lpPcfjwwiOi9v2s3gA
TVT131,RES000,LG 올레드 evo AI (벽걸이형),https://www.lge.co.kr/kr/images/tvs/md10543850/gallery/medium-interior01.jpg,,3.0,0.5,105.0,올레드,144.0,webOS 25,20.0,932.0,540.0,41.0,9.8,https://gscs-b2c.lge.com/open/downloadFile?fileId=ypxBifeM9QqkDc2To1L0Q
TVT132,RES000,LG 올레드 evo AI (스탠드형),https://www.lge.co.kr/kr/images/tvs/md10770852/gallery/medium-interior01.jpg,1990000.0,3.0,0.5,105.0,올레드,165.0,webOS 26,20.0,932.0,540.0,41.0,9.8,https://gscs-b2c.lge.com/open/downloadFile?fileId=0IPCbTJbxZ7KAwA1BLzlA
TVT133,RES000,LG 올레드 TV (스탠드형) + LG 사운드바,https://www.lge.co.kr/kr/images/tvs/md10715835/gallery/medium01.jpg,,4.0,0.5,120.0,올레드,120.0,webOS 24,20.0,1070.0,620.0,45.0,11.5,https://gscs-b2c.lge.com/open/downloadFile?fileId=QsrVGTwSpCQJyxX1nSN8YA
TVT134,RES000,LG 올레드 TV (스탠드형) + LG 스탠바이미 2,https://www.lge.co.kr/kr/images/tvs/md10720845/gallery/medium01.jpg,,4.0,0.5,120.0,올레드,120.0,webOS 24,20.0,1070.0,620.0,45.0,11.5,https://gscs-b2c.lge.com/open/downloadFile?fileId=BR3nqIXzkZe6F7DPU2FVWg
TVT135,RES000,LG 올레드 AI (스탠드형),https://www.lge.co.kr/kr/images/tvs/md10573835/gallery/medium-interior01.jpg,1490000.0,4.0,0.5,120.0,올레드,120.0,webOS 25,20.0,1070.0,620.0,45.0,11.5,https://gscs-b2c.lge.com/open/downloadFile?fileId=QNsqqALrSSiafSb4Y5t0g
TVT136,RES000,LG 올레드 AI (스탠드형),https://www.lge.co.kr/kr/images/tvs/md10784835/gallery/medium-interior01.jpg,1990000.0,3.0,0.5,120.0,올레드,144.0,webOS 26,20.0,1070.0,620.0,45.0,11.5,https://gscs-b2c.lge.com/open/downloadFile?fileId=EK9NhYxPKjVtSRzwQeJnUg
TVT137,RES000,LG 올레드 evo (스탠드형),https://www.lge.co.kr/kr/images/tvs/md09965829/gallery/medium-interior01.jpg,1890000.0,4.0,0.5,120.0,올레드,120.0,webOS 23,20.0,1071.0,618.0,46.0,14.9,https://gscs-b2c.lge.com/open/downloadFile?fileId=Zm3T57jrMBhFrPcRn0V8g
TVT138,RES000,LG 올레드 evo (스탠드형),https://www.lge.co.kr/kr/images/tvs/md10319913/gallery/medium-interior01.jpg,1990000.0,4.0,0.5,120.0,올레드,120.0,webOS 24,20.0,1071.0,620.0,46.0,14.9,https://gscs-b2c.lge.com/open/downloadFile?fileId=4bPWnGp0VcVeHN2zjw7wVg
TVT139,RES000,LG 올레드 evo AI (스탠드형),https://www.lge.co.kr/kr/images/tvs/md10543847/gallery/medium-interior01.jpg,,4.0,0.5,120.0,올레드,144.0,webOS 25,20.0,1071.0,618.0,46.0,14.9,https://gscs-b2c.lge.com/open/downloadFile?fileId=fGB93Eqh4zQvDMnYzzEQ
TVT140,RES000,LG 올레드 evo AI (스탠드형),https://www.lge.co.kr/kr/images/tvs/md10770850/gallery/medium-interior01.jpg,2389000.0,3.0,0.5,120.0,올레드,165.0,webOS 26,40.0,1071.0,620.0,46.0,14.9,https://gscs-b2c.lge.com/open/downloadFile?fileId=MNFbhlHzd7a9aZxO5ed8BA
TVT141,RES000,LG 올레드 AI (스탠드형),https://www.lge.co.kr/kr/images/tvs/md10579833/gallery/medium-interior01.jpg,2290000.0,4.0,0.5,138.0,올레드,120.0,webOS 25,20.0,1228.0,708.0,45.0,14.3,https://gscs-b2c.lge.com/open/downloadFile?fileId=H00Tl9VbuXyuJnCNbyJLww
TVT142,RES000,LG 올레드 AI (스탠드형),https://www.lge.co.kr/kr/images/tvs/md10579833/gallery/medium-interior01.jpg,,4.0,0.5,138.0,올레드,120.0,webOS 25,20.0,1228.0,708.0,45.0,14.3,https://gscs-b2c.lge.com/open/downloadFile?fileId=YTp9r2C4sfzAj6FKVCixg
TVT143,RES000,LG 올레드 AI (스탠드형),https://www.lge.co.kr/kr/images/tvs/md10579833/gallery/medium-interior01.jpg,1890000.0,4.0,0.5,138.0,올레드,120.0,webOS 25,20.0,1228.0,708.0,45.0,14.3,https://gscs-b2c.lge.com/open/downloadFile?fileId=Mz3eG98m5Y7N8AE5rCGyw
TVT144,RES000,LG 올레드 AI (스탠드형) + LG 사운드바,https://www.lge.co.kr/kr/images/tvs/md10715827/gallery/medium01.jpg,,4.0,0.5,138.0,올레드,120.0,webOS 25,20.0,1228.0,708.0,45.0,14.3,https://gscs-b2c.lge.com/open/downloadFile?fileId=Mz3eG98m5Y7N8AE5rCGyw
TVT145,RES000,LG 올레드 AI (스탠드형) + LG 스탠바이미 2,https://www.lge.co.kr/kr/images/tvs/md10720843/gallery/medium01.jpg,3180000.0,4.0,0.5,138.0,올레드,120.0,webOS 25,20.0,1228.0,708.0,45.0,14.3,https://gscs-b2c.lge.com/open/downloadFile?fileId=BR3nqIXzkZe6F7DPU2FVWg
TVT146,RES000,LG 올레드 AI (스탠드형),https://www.lge.co.kr/kr/images/tvs/md10784832/gallery/medium-interior01.jpg,2090000.0,3.0,0.5,138.0,올레드,144.0,webOS 26,20.0,1228.0,708.0,45.0,14.3,https://gscs-b2c.lge.com/open/downloadFile?fileId=RK2y7F5ugYMykZcidS1r6Q
TVT147,RES000,LG 올레드 AI (스탠드형),https://www.lge.co.kr/kr/images/tvs/md10787832/gallery/medium-interior01.jpg,1920000.0,3.0,0.5,138.0,올레드,120.0,webOS 26,20.0,1228.0,708.0,45.0,14.3,https://gscs-b2c.lge.com/open/downloadFile?fileId=fYmaidy0PkGFypW5gdrUQ
TVT148,RES000,LG 올레드 evo (스탠드형),https://www.lge.co.kr/kr/images/tvs/md09955837/gallery/medium-interior02.jpg,,4.0,0.5,138.0,올레드,120.0,webOS 23,40.0,1222.0,703.0,45.0,14.1,https://gscs-b2c.lge.com/open/downloadFile?fileId=hFFheNJ8egtzZp78f3PTA
TVT149,RES000,LG 올레드 evo AI (벽걸이형),https://www.lge.co.kr/kr/images/tvs/md10570840/gallery/medium-interior01.jpg,2690000.0,4.0,0.5,138.0,올레드,144.0,webOS 25,20.0,1222.0,703.0,45.0,14.1,https://gscs-b2c.lge.com/open/downloadFile?fileId=jYkYbIhvnYcMDYCjgqw
TVT150,RES000,LG 올레드 evo AI (스탠드형),https://www.lge.co.kr/kr/images/tvs/md10770847/gallery/medium-interior01.jpg,2989000.0,4.0,0.5,138.0,올레드,165.0,webOS 26,40.0,1222.0,703.0,45.0,14.1,https://gscs-b2c.lge.com/open/downloadFile?fileId=DVAyyHUed9QuSNm70kds8w
TVT151,RES000,LG 올레드 evo AI (스탠드형),https://www.lge.co.kr/kr/images/tvs/md10770835/gallery/medium-interior01.jpg,3689000.0,4.0,0.5,138.0,올레드,165.0,webOS 26,60.0,1222.0,703.0,27.0,16.8,https://gscs-b2c.lge.com/open/downloadFile?fileId=lxOzlqhSFCcabquZknjQ
TVT152,RES000,LG 올레드 TV (스탠드형) + LG 사운드바,https://www.lge.co.kr/kr/images/tvs/md10402843/gallery/medium02.jpg,,4.0,0.5,163.0,올레드,60.0,webOS 23,20.0,1449.0,832.0,45.0,17.1,https://gscs-b2c.lge.com/open/downloadFile?fileId=Zm3T57jrMBhFrPcRn0V8g
TVT153,RES000,LG 올레드 TV (스탠드형),https://www.lge.co.kr/kr/images/tvs/md10212827/gallery/medium-interior01.jpg,,4.0,0.5,163.0,올레드,120.0,webOS 22,20.0,1449.0,832.0,46.0,24.0,https://gscs-b2c.lge.com/open/downloadFile?fileId=v4iyH7IzMD8a5lVjNQftSQ
TVT154,RES000,LG 올레드 TV (벽걸이형),https://www.lge.co.kr/kr/images/tvs/md10319944/gallery/medium-interior01.jpg,2890000.0,4.0,0.5,163.0,올레드,120.0,webOS 24,20.0,1449.0,832.0,45.0,17.1,https://gscs-b2c.lge.com/open/downloadFile?fileId=KYCvSa9vIM46l3e9Yf4w
TVT155,RES000,LG 올레드 TV (스탠드형) + LG 사운드바,https://www.lge.co.kr/kr/images/tvs/md10715837/gallery/medium02.jpg,,4.0,0.5,163.0,올레드,120.0,webOS 24,20.0,1449.0,832.0,45.0,17.1,https://gscs-b2c.lge.com/open/downloadFile?fileId=DtI2hD24st9SRJPuyQLHw
TVT156,RES000,LG 올레드 TV (스탠드형) + LG 스탠바이미 2,https://www.lge.co.kr/kr/images/tvs/md10720841/gallery/medium01.jpg,4180000.0,4.0,0.5,163.0,올레드,120.0,webOS 24,20.0,1449.0,832.0,45.0,17.1,https://gscs-b2c.lge.com/open/downloadFile?fileId=BR3nqIXzkZe6F7DPU2FVWg
TVT157,RES000,LG 올레드 AI (스탠드형),https://www.lge.co.kr/kr/images/tvs/md10573839/gallery/medium-interior01.jpg,2900000.0,4.0,0.5,163.0,올레드,120.0,webOS 25,20.0,1449.0,832.0,45.0,17.1,https://gscs-b2c.lge.com/open/downloadFile?fileId=m5GauN7RPcsHZ2Br804rg
TVT158,RES000,LG 올레드 AI (스탠드형),https://www.lge.co.kr/kr/images/tvs/md10573839/gallery/medium-interior01.jpg,,4.0,0.5,163.0,올레드,120.0,webOS 25,20.0,1449.0,832.0,45.0,17.1,https://gscs-b2c.lge.com/open/downloadFile?fileId=QlxCwlM9tDhGOceqga3rvA
TVT159,RES000,LG 올레드 AI (스탠드형),https://www.lge.co.kr/kr/images/tvs/md10784839/gallery/medium-interior01.jpg,3290000.0,4.0,0.5,163.0,올레드,144.0,webOS 26,20.0,1449.0,832.0,45.0,17.1,https://gscs-b2c.lge.com/open/downloadFile?fileId=xj8TLH8WK3fUIJWsrsmIuQ
TVT160,RES000,LG 올레드 AI (스탠드형),https://www.lge.co.kr/kr/images/tvs/md10787830/gallery/medium-interior01.jpg,2790000.0,3.0,0.5,163.0,올레드,120.0,webOS 26,20.0,1449.0,832.0,45.0,17.1,https://gscs-b2c.lge.com/open/downloadFile?fileId=Xb4ppqxxdoXU2APZLZAstQ
TVT161,RES000,LG 올레드 evo (스탠드형) + LG 스탠바이미 2,https://www.lge.co.kr/kr/images/tvs/md10720839/gallery/medium01.jpg,4780000.0,4.0,0.5,163.0,올레드,120.0,webOS 24,20.0,1441.0,826.0,45.0,16.6,https://gscs-b2c.lge.com/open/downloadFile?fileId=BR3nqIXzkZe6F7DPU2FVWg
TVT162,RES000,LG 올레드 evo AI (벽걸이형),https://www.lge.co.kr/kr/images/tvs/md10570838/gallery/medium-interior01.jpg,2890000.0,4.0,0.5,163.0,올레드,144.0,webOS 25,20.0,1441.0,826.0,45.0,16.6,https://gscs-b2c.lge.com/open/downloadFile?fileId=aHDDCVsgctqb3h6xAcy3Q
TVT163,RES000,LG 올레드 evo AI (스탠드형),https://www.lge.co.kr/kr/images/tvs/md10770863/gallery/medium-interior01.jpg,4688000.0,4.0,0.5,163.0,올레드,165.0,webOS 26,40.0,1441.0,826.0,45.0,16.6,https://gscs-b2c.lge.com/open/downloadFile?fileId=gIy5ZNrs3rj0240vPWw7qw
TVT164,RES000,LG 올레드 evo AI (스탠드형),https://www.lge.co.kr/kr/images/tvs/md10770835/gallery/medium-interior01.jpg,5188000.0,4.0,0.5,163.0,올레드,165.0,webOS 26,60.0,1441.0,826.0,24.0,22.0,https://gscs-b2c.lge.com/open/downloadFile?fileId=0VwHCDDO2w0olJtZPf2A
TVT165,RES000,LG 올레드 evo (OLED M),https://www.lge.co.kr/kr/images/tvs/md10413831/gallery/medium-interior01.jpg,,5.0,0.5,163.0,올레드,120.0,webOS 24,60.0,1441.0,836.0,24.0,23.5,https://gscs-b2c.lge.com/open/downloadFile?fileId=bpzUnw8lvah3EyUnL4yFA
TVT166,RES000,LG 올레드 TV (벽걸이형),https://www.lge.co.kr/kr/images/tvs/md10319947/gallery/medium-interior01.jpg,5190000.0,4.0,0.5,194.0,올레드,120.0,webOS 24,20.0,1719.0,989.0,50.0,22.9,https://gscs-b2c.lge.com/open/downloadFile?fileId=u0O06oEh9Ys5fONPRBJQ
TVT167,RES000,LG 올레드 TV (벽걸이형),https://www.lge.co.kr/kr/images/tvs/md10319933/gallery/medium-interior01.jpg,5190000.0,4.0,0.5,194.0,올레드,120.0,webOS 24,20.0,1719.0,989.0,50.0,22.9,https://gscs-b2c.lge.com/open/downloadFile?fileId=JRaoTH4gdylpqB2McZv6w
TVT168,RES000,LG 올레드 AI (스탠드형),https://www.lge.co.kr/kr/images/tvs/md10579838/gallery/medium-interior01.jpg,5490000.0,4.0,0.5,194.0,올레드,120.0,webOS 25,20.0,1719.0,989.0,50.0,22.9,https://gscs-b2c.lge.com/open/downloadFile?fileId=VBDMUenyXCirfjM587iqMw
TVT169,RES000,LG 올레드 AI (스탠드형),https://www.lge.co.kr/kr/images/tvs/md10573837/gallery/medium-interior01.jpg,,4.0,0.5,194.0,올레드,120.0,webOS 25,20.0,1719.0,989.0,50.0,22.9,https://gscs-b2c.lge.com/open/downloadFile?fileId=XHbkXJIaD4816J7TtI7BcQ
TVT170,RES000,LG 올레드 AI (스탠드형),https://www.lge.co.kr/kr/images/tvs/md10784837/gallery/medium-interior01.jpg,5790000.0,4.0,0.5,194.0,올레드,144.0,webOS 26,20.0,1719.0,989.0,50.0,22.9,https://gscs-b2c.lge.com/open/downloadFile?fileId=qZcQVTVxze0dY9zCvGQc8w
TVT171,RES000,LG 올레드 AI (스탠드형),https://www.lge.co.kr/kr/images/tvs/md10787828/gallery/medium-interior01.jpg,5290000.0,3.0,0.5,194.0,올레드,120.0,webOS 26,20.0,1719.0,989.0,50.0,22.9,https://gscs-b2c.lge.com/open/downloadFile?fileId=0CVw5Rj319DItGoaH8DA
TVT172,RES000,LG 올레드 evo AI (스탠드형),https://www.lge.co.kr/kr/images/tvs/md10770859/gallery/medium-interior01.jpg,6590000.0,4.0,0.5,194.0,올레드,165.0,webOS 26,20.0,1711.0,982.0,47.0,23.5,https://gscs-b2c.lge.com/open/downloadFile?fileId=fcVMPCIBRhozqTt7XxxgoA
TVT173,RES000,LG 올레드 evo AI (스탠드형),https://www.lge.co.kr/kr/images/tvs/md10770859/gallery/medium-interior01.jpg,7288000.0,4.0,0.5,194.0,올레드,165.0,webOS 26,40.0,1711.0,982.0,47.0,23.5,https://gscs-b2c.lge.com/open/downloadFile?fileId=JgXkb9ebadVLwq7TCMRYw
TVT174,RES000,LG 올레드 evo AI (스탠드형),https://www.lge.co.kr/kr/images/tvs/md10543834/gallery/medium-interior02.jpg,8200000.0,4.0,0.5,194.0,올레드,165.0,webOS 25,60.0,1712.0,982.0,24.0,33.6,https://gscs-b2c.lge.com/open/downloadFile?fileId=9q92yP85k0AoW9Hv9MRwgg
TVT175,RES000,LG 올레드 evo AI (스탠드형),https://www.lge.co.kr/kr/images/tvs/md10770832/gallery/medium-interior01.jpg,11388000.0,4.0,0.5,194.0,올레드,165.0,webOS 26,60.0,1712.0,982.0,24.0,33.0,https://gscs-b2c.lge.com/open/downloadFile?fileId=GeZAklKkOWdkKrqkQ2lAg
TVT176,RES000,LG 올레드 evo AI (OLED M),https://www.lge.co.kr/kr/images/tvs/md10606845/gallery/medium-interior01.jpg,9300000.0,5.0,0.5,194.0,올레드,144.0,webOS 25,60.0,1712.0,986.0,24.0,35.5,https://gscs-b2c.lge.com/open/downloadFile?fileId=h4bXCNSEXTi8tfqOR1g
TVT177,RES000,LG 올레드 AI (스탠드형),https://www.lge.co.kr/kr/images/tvs/md10573834/gallery/medium-interior01.jpg,7700000.0,4.0,0.5,209.0,올레드,120.0,webOS 25,20.0,1842.0,1055.0,52.0,26.7,https://gscs-b2c.lge.com/open/downloadFile?fileId=sjkqa4Fa6rzzStZcC9q9w
TVT178,RES000,LG 올레드 AI (스탠드형),https://www.lge.co.kr/kr/images/tvs/md10785832/gallery/medium-interior01.jpg,,4.0,0.5,209.0,올레드,144.0,webOS 26,20.0,1842.0,1055.0,52.0,26.7,https://gscs-b2c.lge.com/open/downloadFile?fileId=pmwpVkd5JLY6kpEAxLeJPA
TVT179,RES000,LG 올레드 evo AI (스탠드형),https://www.lge.co.kr/kr/images/tvs/md10542833/gallery/medium-interior01.jpg,9000000.0,4.0,0.5,209.0,올레드,144.0,webOS 25,40.0,1842.0,1055.0,52.0,28.3,https://gscs-b2c.lge.com/open/downloadFile?fileId=8yRn8iM47D6XpP5cBfXCWg
TVT180,RES000,LG 올레드 evo AI (스탠드형),https://www.lge.co.kr/kr/images/tvs/md10542833/gallery/medium-interior01.jpg,8800000.0,4.0,0.5,209.0,올레드,144.0,webOS 25,20.0,1842.0,1055.0,52.0,28.3,https://gscs-b2c.lge.com/open/downloadFile?fileId=C5fAX2zwgcKs7B0RwD64hg
TVT181,RES000,LG 올레드 evo AI (스탠드형),https://www.lge.co.kr/kr/images/tvs/md10770844/gallery/medium-interior01.jpg,10000000.0,4.0,0.5,209.0,올레드,165.0,webOS 26,40.0,1842.0,1055.0,52.0,28.3,https://gscs-b2c.lge.com/open/downloadFile?fileId=WGnSSp5teybqaI3sHncX2w
TVT182,RES000,LG 올레드 evo AI (스탠드형),https://www.lge.co.kr/kr/images/tvs/md10770844/gallery/medium-interior01.jpg,8900000.0,4.0,0.5,209.0,올레드,165.0,webOS 26,20.0,1842.0,1055.0,52.0,28.3,https://gscs-b2c.lge.com/open/downloadFile?fileId=qZLNU2GkY46OP6SrPA9Iw
TVT183,RES000,LG 올레드 evo AI (스탠드형),https://www.lge.co.kr/kr/images/tvs/md10770844/gallery/medium-interior01.jpg,10000000.0,4.0,0.5,209.0,올레드,165.0,webOS 26,40.0,1842.0,1055.0,52.0,28.3,https://gscs-b2c.lge.com/open/downloadFile?fileId=likcPzyNtgFnZhAheAivgw
TVT184,RES000,LG 올레드 evo AI (스탠드형),https://www.lge.co.kr/kr/images/tvs/md10543827/gallery/medium-interior01.jpg,13000000.0,4.0,0.5,209.0,올레드,165.0,webOS 25,60.0,1847.0,1057.0,28.0,39.0,https://gscs-b2c.lge.com/open/downloadFile?fileId=MZw3qYX3T66hR3iByJzfAA
TVT185,RES000,LG 올레드 evo AI (스탠드형),https://www.lge.co.kr/kr/images/tvs/md10770829/gallery/medium-interior01.jpg,15000000.0,4.0,0.5,209.0,올레드,165.0,webOS 26,60.0,1847.0,1057.0,28.0,37.2,https://gscs-b2c.lge.com/open/downloadFile?fileId=7IpaJjt08sCO9Mhkjsnw
TVT186,RES000,LG 올레드 evo AI (OLED M),https://www.lge.co.kr/kr/images/tvs/md10606843/gallery/medium-interior01.jpg,,5.0,0.5,209.0,올레드,144.0,webOS 25,60.0,1847.0,1062.0,28.0,38.3,https://gscs-b2c.lge.com/open/downloadFile?fileId=Ejuhowgq1trjVQrjCx2xBg
TVT187,RES000,LG 올레드 evo (벽걸이형),https://www.lge.co.kr/kr/images/tvs/md09451826/gallery/medium-interior01.jpg,,,0.5,245.0,올레드,120.0,webOS 22,60.0,2155.0,1225.0,28.0,57.0,https://gscs-b2c.lge.com/open/downloadFile?fileId=T4WHlkutA5AW7m3lQbbA
TVT188,RES000,LG 올레드 evo AI (스탠드형),https://www.lge.co.kr/kr/images/tvs/md10542831/gallery/medium-interior01.jpg,42900000.0,,0.5,245.0,올레드,120.0,webOS 25,60.0,2155.0,1230.0,28.0,57.0,https://gscs-b2c.lge.com/open/downloadFile?fileId=6DXwy4xBJfLXmfFYmRP8Q
TVT189,RES000,LG 올레드 evo AI (스탠드형),https://www.lge.co.kr/kr/images/tvs/md10770826/gallery/medium-interior01.jpg,50384000.0,,0.5,245.0,올레드,120.0,webOS 26,60.0,2155.0,1230.0,28.0,57.0,https://gscs-b2c.lge.com/open/downloadFile?fileId=UmyB0RzKKk5V6hXdpkgKw
TVT190,,LG 스마트 캠,https://www.lge.co.kr/kr/images/tvs/md09964830/gallery/medium-interior02.jpg,142000.0,,,,,,,,,,,,https://gscs-b2c.lge.com/open/downloadFile?fileId=r7V0EkmISdhW1Xe2SbvOUA
