product_code,name,img_link,price,proficiency_level,power_consum(W),install_type,door_cnt,total_cap(L),refrige_cap(L),freeze_cap(L),width(mm),height(mm),depth(mm),weight(kg),color,door_type,cool_type,smart_diag,ice_maker,manual_link
REF000,LG 트롬 오브제컬렉션 워시타워 + LG 디오스 AI 오브제컬렉션 냉장고 (매직스페이스),https://www.lge.co.kr/kr/images/wash-tower/md10694827/gallery/medium01.jpg,6280000,2,3500.0,프리스탠딩,2,832,524,308,700,1890,830,161,네이처 베이지 / 네이처 그린,메탈,멀티냉각방식,1,1,https://gscs-b2c.lge.com/open/downloadFile?fileId=aYgXp4bXIhCWq82n4TlDPw
REF001,LG 트롬 오브제컬렉션 워시타워 + LG 디오스 AI 오브제컬렉션 냉장고 (매직스페이스),https://www.lge.co.kr/kr/images/wash-tower/md10694828/gallery/medium01.jpg,5780000,2,3050.0,프리스탠딩,2,832,524,308,700,1890,830,162,릴리 화이트 / 릴리 화이트,메탈,멀티냉각방식,1,1,https://gscs-b2c.lge.com/open/downloadFile?fileId=MV9VQaiEhpTDC2gAl48w
REF002,LG 냉동고,https://www.lge.co.kr/kr/images/refrigerators/md10059826/gallery/medium-interior01.jpg,700000,,,,,200,,,600,1383,629,57,퓨어,,직냉식,0,0,https://gscs-b2c.lge.com/open/downloadFile?fileId=TWci44kPqCpQvo02ORjA
REF003,LG 일반냉장고,https://www.lge.co.kr/kr/images/refrigerators/md09845828/gallery/medium-interior01.jpg,260000,4,10.2,,,43,43,,443,501,450,16,퓨어,,직냉식,0,0,https://gscs-b2c.lge.com/open/downloadFile?fileId=3Ppb5rFuU8tyT5Cj1nLdoQ
REF004,LG 일반냉장고,https://www.lge.co.kr/kr/images/refrigerators/md09845826/gallery/medium-interior01.jpg,320000,4,19.4,,,90,90,,463,820,482,22,퓨어,,직냉식,0,0,
REF005,LG 일반냉장고,https://www.lge.co.kr/kr/images/refrigerators/md10318830/gallery/medium-interior01.jpg,400000,4,36.1,일반 냉장고,2,121,94,27,475,1170,487,28,퓨어,메탈,직냉식,0,1,
REF006,LG 일반냉장고,https://www.lge.co.kr/kr/images/refrigerators/md09072900/gallery/medium-interior01.jpg,480000,3,29.8,,,189,143,46,555,1400,585,39,화이트,,멀티냉각방식,0,0,https://gscs-b2c.lge.com/open/downloadFile?fileId=ImNoab7btZxfOHlZ1rfhvw
REF007,LG 일반냉장고,https://www.lge.co.kr/kr/images/refrigerators/md10680828/gallery/medium-interior01.jpg,593000,2,28.9,일반 냉장고,2,241,185,56,555,1573,637,46,화이트,메탈,멀티냉각방식,0,1,https://gscs-b2c.lge.com/open/downloadFile?fileId=dDKdobXaep3sEB3dUC68Q
REF008,LG 일반냉장고,https://www.lge.co.kr/kr/images/refrigerators/md09326828/gallery/medium-interior01.jpg,730000,1,27.8,,,317,238,79,600,1640,710,57,화이트,네이처 (메탈),멀티냉각방식,0,0,https://gscs-b2c.lge.com/open/downloadFile?fileId=8DX3wkvc1dzwuKQ2ZJHdA
REF009,LG 일반냉장고,https://www.lge.co.kr/kr/images/refrigerators/md10647828/gallery/medium-interior01.jpg,770000,1,27.8,일반 냉장고,2,317,238,79,600,1640,710,54,화이트,메탈,멀티냉각방식,0,1,https://gscs-b2c.lge.com/open/downloadFile?fileId=8DX3wkvc1dzwuKQ2ZJHdA
REF010,LG 일반냉장고,https://www.lge.co.kr/kr/images/refrigerators/md09325832/gallery/medium-interior01.jpg,780000,4,30.0,,,335,256,79,600,1720,710,60,퓨어,네이처 (메탈),멀티냉각방식,1,0,https://gscs-b2c.lge.com/open/downloadFile?fileId=8DX3wkvc1dzwuKQ2ZJHdA
REF011,LG 일반냉장고,https://www.lge.co.kr/kr/images/refrigerators/md09091859/gallery/medium-interior01.jpg,880000,3,37.3,,,507,376,131,780,1800,730,78,샤인,,멀티냉각방식,0,1,https://gscs-b2c.lge.com/open/downloadFile?fileId=6kPLmtrN5Bqc2NNcFLjMg
REF012,LG 일반냉장고,https://www.lge.co.kr/kr/images/refrigerators/md09091834/gallery/medium-interior01.jpg,950000,3,37.3,,,507,376,131,780,1800,730,78,샤인,,멀티냉각방식,0,1,https://gscs-b2c.lge.com/open/downloadFile?fileId=ZQlC41XMuNSU1PzubeZb3g
REF013,LG 일반냉장고 오브제컬렉션,https://www.lge.co.kr/kr/images/refrigerators/md10580828/gallery/medium-interior01.jpg,550000,3,34.9,일반 냉장고,2,215,161,54,555,1445,637,43,오브제컬렉션 크림 화이트,메탈,멀티냉각방식,0,1,https://gscs-b2c.lge.com/open/downloadFile?fileId=dDKdobXaep3sEB3dUC68Q
REF014,LG 일반냉장고 오브제컬렉션,https://www.lge.co.kr/kr/images/refrigerators/md10685826/gallery/medium-interior01.jpg,650000,2,32.5,일반 냉장고,2,264,208,56,555,1680,637,48,오브제컬렉션 베이지,메탈,멀티냉각방식,0,1,https://gscs-b2c.lge.com/open/downloadFile?fileId=dDKdobXaep3sEB3dUC68Q
REF015,LG 일반냉장고 오브제컬렉션,https://www.lge.co.kr/kr/images/refrigerators/md09323827/gallery/medium-interior01.jpg,850000,1,27.8,,,317,238,79,600,1640,710,57,오브제컬렉션 베이지,네이처 (메탈),멀티냉각방식,0,0,https://gscs-b2c.lge.com/open/downloadFile?fileId=8DX3wkvc1dzwuKQ2ZJHdA
REF016,LG 디오스 오브제컬렉션 일반냉장고,https://www.lge.co.kr/kr/images/refrigerators/md10647826/gallery/medium-interior01.jpg,880000,1,27.8,일반 냉장고,2,317,238,79,600,1640,710,57,오브제컬렉션 크림 화이트,메탈,멀티냉각방식,1,1,https://gscs-b2c.lge.com/open/downloadFile?fileId=8DX3wkvc1dzwuKQ2ZJHdA
REF017,LG 일반냉장고 오브제컬렉션,https://www.lge.co.kr/kr/images/refrigerators/md09325827/gallery/medium-interior01.jpg,880000,4,30.0,,,335,256,79,600,1720,710,60,오브제컬렉션 베이지,네이처 (메탈),멀티냉각방식,0,0,https://gscs-b2c.lge.com/open/downloadFile?fileId=8DX3wkvc1dzwuKQ2ZJHdA
REF018,LG 일반냉장고 오브제컬렉션,https://www.lge.co.kr/kr/images/refrigerators/md10301830/gallery/medium-interior01.jpg,830000,3,29.0,일반 냉장고,2,461,361,,700,1845,725,70,오브제컬렉션 크림 그레이,메탈,멀티냉각방식,1,1,https://gscs-b2c.lge.com/open/downloadFile?fileId=2Pq7PBsmQDhvbDhq60A8Og
REF019,LG 일반냉장고 오브제컬렉션,https://www.lge.co.kr/kr/images/refrigerators/md09811829/gallery/medium-interior01.jpg,980000,3,37.3,일반 냉장고,2,507,376,,780,1800,730,78,네이처 베이지,메탈,멀티냉각방식,1,0,
REF020,LG 일반냉장고 오브제컬렉션,https://www.lge.co.kr/kr/images/refrigerators/md09811828/gallery/medium-interior01.jpg,1050000,3,37.3,일반 냉장고,2,507,376,,780,1800,730,78,오브제컬렉션 베이지,메탈,,1,1,https://gscs-b2c.lge.com/open/downloadFile?fileId=ZQlC41XMuNSU1PzubeZb3g
REF021,LG 일반냉장고 오브제컬렉션,https://www.lge.co.kr/kr/images/refrigerators/md10590828/gallery/medium-interior01.jpg,1240000,3,39.0,일반 냉장고,2,612,428,184,831,1860,741,85,프라임 실버,메탈,멀티냉각방식,1,1,https://gscs-b2c.lge.com/open/downloadFile?fileId=OQW3etYEGZEvwhSddY36qw
REF022,LG 일반냉장고 오브제컬렉션,https://www.lge.co.kr/kr/images/refrigerators/md10366862/gallery/medium-interior01.jpg,1290000,2,37.0,일반 냉장고,2,612,428,184,831,1860,741,85,프라임 실버,메탈,멀티냉각방식,1,1,https://gscs-b2c.lge.com/open/downloadFile?fileId=VCfWUjE8d21cjFQgrTXg
REF023,LG 프렌치 디오스,https://www.lge.co.kr/kr/images/refrigerators/md10705832/gallery/medium-interior01.jpg,,4,70.0,프리스탠딩,3,742,504,238,908,1785,802,118,스테인리스,스테인리스,멀티냉각방식,1,0,https://gscs-b2c.lge.com/open/downloadFile?fileId=y38memMspvCAEkeM6rj3tw
REF024,LG 프렌치 디오스,https://www.lge.co.kr/kr/images/refrigerators/md10340829/gallery/medium-interior01.jpg,,4,70.0,프리스탠딩,3,742,504,238,908,1785,802,125,스테인리스,스테인리스,멀티냉각방식,1,1,
REF025,LG 프렌치 디오스,https://www.lge.co.kr/kr/images/refrigerators/md10340828/gallery/medium-interior01.jpg,,4,77.0,프리스탠딩,3,716,478,238,908,1785,802,126,스테인리스,스테인리스,멀티냉각방식,1,1,
REF026,LG SIGNATURE 상냉장고,https://www.lge.co.kr/kr/images/refrigerators/md09066826/gallery/medium-interior01.jpg,,1,43.7,,,905,570,335,912,1784,929,228,샤이니 유니버스,스테인리스,,1,0,https://gscs-b2c.lge.com/open/downloadFile?fileId=NVyq4RZJZQjhLxSgEKNPg
REF027,[26년형·1대 단독 설치용] 오브제컬렉션 Fit & Max 냉장고 설치키트,https://www.lge.co.kr/kr/images/refrigerators/md10808826/gallery/medium01.jpg,111000,,,페어설치키트,,,,,,,,0,,,,0,0,
REF028,[26년형 포함 2대 연결 설치용] 오브제컬렉션 Fit & Max 냉장고 설치키트,https://www.lge.co.kr/kr/images/refrigerators/md10808827/gallery/medium01.jpg,111000,,,페어설치키트,,,,,,,,3,,,,0,0,
REF029,LG 디오스 AI 오브제컬렉션 STEM 베이직 냉장고 Fit & Max,https://www.lge.co.kr/kr/images/refrigerators/md10780843/gallery/medium-interior01.jpg,4835000,1,31.6,Fit & Max,4,635,382,253,914,1860,709,140,오브제컬렉션 베이지,글라스,멀티냉각방식,1,1,https://gscs-b2c.lge.com/open/downloadFile?fileId=NYAphZ9a82JCSLvQ7MY4Zw
REF030,LG 디오스 AI 오브제컬렉션 STEM 베이직 냉장고 Fit & Max,https://www.lge.co.kr/kr/images/refrigerators/md10780840/gallery/medium-interior01.jpg,4995000,1,31.6,Fit & Max,4,635,382,253,914,1860,709,142,오브제컬렉션 베이지,글라스,멀티냉각방식,1,1,
REF031,LG 디오스 AI 오브제컬렉션 STEM 베이직 냉장고 Fit & Max,https://www.lge.co.kr/kr/images/refrigerators/md10780841/gallery/medium-interior01.jpg,5217000,1,31.6,Fit & Max,4,635,382,253,914,1860,709,137,럭스 실버,스테인리스,멀티냉각방식,1,1,https://gscs-b2c.lge.com/open/downloadFile?fileId=NYAphZ9a82JCSLvQ7MY4Zw
REF032,LG 디오스 AI 오브제컬렉션 냉장고,https://www.lge.co.kr/kr/images/refrigerators/md10635826/gallery/medium-interior01.jpg,3100000,1,43.7,프리스탠딩,4,870,503,367,914,1860,918,155,오브제컬렉션 베이지 / 베이지,글라스,멀티냉각방식,1,1,https://gscs-b2c.lge.com/open/downloadFile?fileId=LuQhmLf8ZMxg8pHShCqA
REF033,LG 디오스 오브제컬렉션 베이직 냉장고,https://www.lge.co.kr/kr/images/refrigerators/md10411849/gallery/medium-interior01.jpg,3164000,2,56.8,프리스탠딩,4,870,503,367,914,1860,918,138,오브제컬렉션 베이지 / 베이지,글라스,멀티냉각방식,1,1,https://gscs-b2c.lge.com/open/downloadFile?fileId=LuQhmLf8ZMxg8pHShCqA
REF034,LG 디오스 AI 오브제컬렉션 냉장고,https://www.lge.co.kr/kr/images/refrigerators/md10634840/gallery/medium-interior01.jpg,3520000,1,43.7,프리스탠딩,4,870,503,367,914,1860,918,155,오브제컬렉션 베이지 / 베이지,글라스,멀티냉각방식,1,1,https://gscs-b2c.lge.com/open/downloadFile?fileId=LuQhmLf8ZMxg8pHShCqA
REF035,LG 디오스 오브제컬렉션 냉장고 (매직스페이스),https://www.lge.co.kr/kr/images/refrigerators/md10411847/gallery/medium-interior01.jpg,3608000,1,43.7,프리스탠딩,4,870,503,367,914,1860,918,156,오브제컬렉션 베이지 / 베이지,글라스,멀티냉각방식,1,1,https://gscs-b2c.lge.com/open/downloadFile?fileId=LuQhmLf8ZMxg8pHShCqA
REF036,LG 디오스 오브제컬렉션 STEM 베이직 냉장고 (매직스페이스),https://www.lge.co.kr/kr/images/refrigerators/md10411835/gallery/medium-interior01.jpg,3941000,1,43.3,프리스탠딩,4,860,498,362,914,1860,918,161,오브제컬렉션 베이지 / 베이지,글라스,멀티냉각방식,1,1,https://gscs-b2c.lge.com/open/downloadFile?fileId=j2dlBOwBTpkYaNKbPEeCA
REF037,LG 디오스 오브제컬렉션 STEM 베이직 냉장고 (노크온 매직스페이스),https://www.lge.co.kr/kr/images/refrigerators/md10411833/gallery/medium-interior01.jpg,4052000,2,56.3,프리스탠딩,4,860,498,362,914,1860,918,155,오브제컬렉션 베이지 / 베이지,글라스,멀티냉각방식,1,1,https://gscs-b2c.lge.com/open/downloadFile?fileId=j2dlBOwBTpkYaNKbPEeCA
REF038,LG 디오스 오브제컬렉션 STEM 베이직 냉장고 (노크온 매직스페이스),https://www.lge.co.kr/kr/images/refrigerators/md10449865/gallery/medium-interior01.jpg,,2,56.3,프리스탠딩,4,860,498,362,914,1860,918,155,오브제컬렉션 베이지 / 베이지,글라스,멀티냉각방식,1,1,https://gscs-b2c.lge.com/open/downloadFile?fileId=j2dlBOwBTpkYaNKbPEeCA
REF039,LG 디오스 오브제컬렉션 STEM 베이직 냉장고 (매직스페이스),https://www.lge.co.kr/kr/images/refrigerators/md10449868/gallery/medium-interior01.jpg,,1,43.3,프리스탠딩,4,860,498,362,914,1860,918,161,오브제컬렉션 베이지 / 클레이 브라운,글라스,멀티냉각방식,1,1,https://gscs-b2c.lge.com/open/downloadFile?fileId=j2dlBOwBTpkYaNKbPEeCA
REF040,LG 디오스 AI 오브제컬렉션 냉장고,https://www.lge.co.kr/kr/images/refrigerators/md10681841/gallery/medium-interior01.jpg,3200000,1,43.7,프리스탠딩,4,870,503,367,914,1860,918,155,오브제컬렉션 베이지 / 베이지,글라스,멀티냉각방식,1,1,https://gscs-b2c.lge.com/open/downloadFile?fileId=LuQhmLf8ZMxg8pHShCqA
REF041,LG 디오스 AI 오브제컬렉션 냉장고,https://www.lge.co.kr/kr/images/refrigerators/md10681838/gallery/medium-interior01.jpg,3670000,1,43.7,프리스탠딩,4,870,503,367,914,1860,918,155,오브제컬렉션 베이지 / 베이지,글라스,멀티냉각방식,1,0,
REF042,LG 디오스 AI 오브제컬렉션 냉장고 (매직스페이스),https://www.lge.co.kr/kr/images/refrigerators/md10681835/gallery/medium-interior01.jpg,3774000,1,43.7,프리스탠딩,4,870,503,367,914,1860,918,156,오브제컬렉션 베이지 / 베이지,글라스,멀티냉각방식,1,1,
REF043,LG 디오스 AI 오브제컬렉션 STEM 베이직 냉장고 (매직스페이스),https://www.lge.co.kr/kr/images/refrigerators/md10681831/gallery/medium-interior01.jpg,4010000,1,43.3,프리스탠딩,4,860,498,362,914,1860,918,166,오브제컬렉션 베이지 / 베이지,글라스,멀티냉각방식,1,1,
REF044,LG 디오스 AI 오브제컬렉션 STEM 베이직 냉장고 (노크온 매직스페이스),https://www.lge.co.kr/kr/images/refrigerators/md10681829/gallery/medium-interior01.jpg,4120000,2,56.3,프리스탠딩,4,860,498,362,914,1860,918,155,오브제컬렉션 베이지 / 베이지,글라스,멀티냉각방식,1,1,https://gscs-b2c.lge.com/open/downloadFile?fileId=j2dlBOwBTpkYaNKbPEeCA
REF045,LG 디오스 AI 오브제컬렉션 STEM 얼음정수 냉장고 (양문형),https://www.lge.co.kr/kr/images/refrigerators/md10559843/gallery/medium-interior01.jpg,,2,50.0,프리스탠딩,2,810,524,286,913,1790,913,128,오브제컬렉션 베이지 베이지,메탈,멀티냉각방식,1,0,https://gscs-b2c.lge.com/open/downloadFile?fileId=m7n5HRb3XgGkpkMUGV1ojA
REF046,"LG 디오스 AI 오브제컬렉션 STEM 얼음정수 냉장고 (양문형, 매직스페이스)",https://www.lge.co.kr/kr/images/refrigerators/md10559842/gallery/medium-interior01.jpg,,2,50.0,프리스탠딩,2,810,524,286,913,1790,913,134,오브제컬렉션 베이지 베이지,메탈,멀티냉각방식,1,0,https://gscs-b2c.lge.com/open/downloadFile?fileId=m7n5HRb3XgGkpkMUGV1ojA
REF047,"LG 디오스 AI 오브제컬렉션 STEM 얼음정수 냉장고 (양문형, 매직스페이스)",https://www.lge.co.kr/kr/images/refrigerators/md10559842/gallery/medium-interior01.jpg,,2,50.0,프리스탠딩,2,810,524,286,913,1790,913,134,오브제컬렉션 베이지 베이지,메탈,멀티냉각방식,1,0,
REF048,LG 디오스 오브제컬렉션 STEM 얼음정수 냉장고 (매직스페이스),https://www.lge.co.kr/kr/images/refrigerators/md10449858/gallery/medium-interior01.jpg,,2,54.5,프리스탠딩,4,820,458,362,914,1860,918,176,오브제컬렉션 베이지 / 베이지,글라스,멀티냉각방식,1,1,https://gscs-b2c.lge.com/open/downloadFile?fileId=otHUga2ig4bN1Pyigc1zw
REF049,LG 디오스 오브제컬렉션 STEM 얼음정수 냉장고 (노크온 매직스페이스),https://www.lge.co.kr/kr/images/refrigerators/md10409827/gallery/medium-interior01.jpg,,2,54.5,프리스탠딩,4,820,458,362,914,1860,918,182,오브제컬렉션 베이지 / 베이지,글라스,멀티냉각방식,1,1,https://gscs-b2c.lge.com/open/downloadFile?fileId=otHUga2ig4bN1Pyigc1zw
REF050,LG 디오스 오브제컬렉션 STEM 얼음정수 냉장고,https://www.lge.co.kr/kr/images/refrigerators/md10449862/gallery/medium-interior01.jpg,,2,54.5,프리스탠딩,4,820,458,362,914,1792,918,158,오브제컬렉션 베이지 / 베이지,메탈,멀티냉각방식,1,1,https://gscs-b2c.lge.com/open/downloadFile?fileId=LjEZy1YwVbNnxxG4nK1w
REF051,LG 디오스 오브제컬렉션 STEM 얼음정수 냉장고 (매직스페이스),https://www.lge.co.kr/kr/images/refrigerators/md10411829/gallery/medium-interior01.jpg,,2,54.5,프리스탠딩,4,820,458,362,914,1792,918,165,오브제컬렉션 베이지 / 베이지,메탈,멀티냉각방식,1,1,https://gscs-b2c.lge.com/open/downloadFile?fileId=LjEZy1YwVbNnxxG4nK1w
REF052,LG SIGNATURE 얼음정수 냉장고,https://www.lge.co.kr/kr/images/refrigerators/md08044485/gallery/medium-interior01.jpg,,3,3.0,,,840,505,335,912,1784,929,235,샤이니 유니버스,스테인리스,,1,1,https://gscs-b2c.lge.com/open/downloadFile?fileId=I7KtMBaYqz2cKi6pduRFpQ
REF053,LG 모던엣지 냉장고,https://www.lge.co.kr/kr/images/refrigerators/md09091857/gallery/medium-interior01.jpg,980000,1,28.8,,,300,201,,595,1720,677,62,샤인,,멀티냉각방식,0,0,https://gscs-b2c.lge.com/open/downloadFile?fileId=GJow7imGxpMsNtHlSMWhw
REF054,LG 모던엣지 냉장고,https://www.lge.co.kr/kr/images/refrigerators/md10366874/gallery/medium-interior01.jpg,980000,4,31.9,프리스탠딩,2,344,234,110,595,1860,682,71,몽블랑 네이처,메탈,멀티냉각방식,1,0,https://gscs-b2c.lge.com/open/downloadFile?fileId=j6HTy8UONiTXGoIKsJtmmQ
REF055,LG SIGNATURE 냉장고,https://www.lge.co.kr/kr/images/refrigerators/md09911826/gallery/medium-interior01.jpg,,3,30.3,LG SIGNATURE,,403,291,112,700,1793,735,167,난방향 스테인리스,스테인리스,,1,0,
REF056,LG 모던엣지 냉장고,https://www.lge.co.kr/kr/images/refrigerators/md10672827/gallery/medium-interior01.jpg,1300000,3,34.9,프리스탠딩,2,462,329,133,705,1850,740,84,프라임 실버,메탈,멀티냉각방식,1,1,
REF057,LG 디오스 오브제컬렉션 냉장고 Fit & Max (본체),https://www.lge.co.kr/kr/images/refrigerators/md10522834/gallery/medium01.jpg,,2,32.9,Fit & Max,4,504,300,204,835,1860,685,122,패널 선택 필요,,멀티냉각방식,1,1,https://gscs-b2c.lge.com/open/downloadFile?fileId=3qqiH6grIMMQpHIIwB4crw
REF058,LG 디오스 오브제컬렉션 냉장고 Fit & Max (본체),https://www.lge.co.kr/kr/images/refrigerators/md10522833/gallery/medium01.jpg,,2,32.9,Fit & Max,4,504,300,204,835,1860,685,123,패널 선택 필요,,멀티냉각방식,1,1,https://gscs-b2c.lge.com/open/downloadFile?fileId=3qqiH6grIMMQpHIIwB4crw
REF059,LG 디오스 오브제컬렉션 냉장고 Fit & Max,https://www.lge.co.kr/kr/images/refrigerators/md10555922/gallery/medium-interior01.jpg,3450000,2,32.9,Fit & Max,4,504,300,204,835,1860,685,136,오브제컬렉션 베이지 / 베이지,글라스,멀티냉각방식,1,1,https://gscs-b2c.lge.com/open/downloadFile?fileId=3qqiH6grIMMQpHIIwB4crw
REF060,LG 디오스 오브제컬렉션 냉장고 Fit & Max,https://www.lge.co.kr/kr/images/refrigerators/md10555932/gallery/medium-interior01.jpg,3050000,2,32.9,Fit & Max,4,504,300,204,835,1860,685,133,오브제컬렉션 에센스 화이트 / 에센스 화이트,메탈,멀티냉각방식,1,1,
REF061,LG 디오스 오브제컬렉션 냉장고 Fit & Max,https://www.lge.co.kr/kr/images/refrigerators/md10555924/gallery/medium-interior01.jpg,3850000,2,32.9,Fit & Max,4,504,300,204,835,1860,685,129,오브제컬렉션 그린 / 실버,스테인리스,멀티냉각방식,1,1,https://gscs-b2c.lge.com/open/downloadFile?fileId=3qqiH6grIMMQpHIIwB4crw
REF062,LG 디오스 오브제컬렉션 냉장고 Fit & Max,https://www.lge.co.kr/kr/images/refrigerators/md10555923/gallery/medium-interior01.jpg,3850000,2,32.9,Fit & Max,4,504,300,204,835,1860,685,129,오브제컬렉션 실버 / 실버,스톤 (스테인리스),멀티냉각방식,1,1,https://gscs-b2c.lge.com/open/downloadFile?fileId=3qqiH6grIMMQpHIIwB4crw
REF063,LG 디오스 AI 오브제컬렉션 냉장고 Fit & Max,https://www.lge.co.kr/kr/images/refrigerators/md10635852/gallery/medium01.jpg,,1,29.5,Fit & Max,4,609,380,229,914,1860,698,132,패널 선택 필요,,멀티냉각방식,1,1,https://gscs-b2c.lge.com/open/downloadFile?fileId=Dcda4GSDyDAzSHJEoaNHAw
REF064,LG 디오스 AI 오브제컬렉션 냉장고 Fit & Max,https://www.lge.co.kr/kr/images/refrigerators/md10635849/gallery/medium-interior01.jpg,4218000,1,29.5,Fit & Max,4,609,380,229,914,1860,698,146,오브제컬렉션 베이지 / 베이지,글라스,멀티냉각방식,1,1,https://gscs-b2c.lge.com/open/downloadFile?fileId=Dcda4GSDyDAzSHJEoaNHAw
REF065,LG 디오스 AI 오브제컬렉션 냉장고 Fit & Max,https://www.lge.co.kr/kr/images/refrigerators/md10635853/gallery/medium-interior01.jpg,3750000,1,29.5,Fit & Max,4,609,380,229,914,1860,698,144,오브제컬렉션 베이지 / 베이지,글라스,멀티냉각방식,1,1,https://gscs-b2c.lge.com/open/downloadFile?fileId=Dcda4GSDyDAzSHJEoaNHAw
REF066,LG 디오스 AI 오브제컬렉션 냉장고 Fit & Max,https://www.lge.co.kr/kr/images/refrigerators/md10635855/gallery/medium-interior01.jpg,3350000,1,29.5,Fit & Max,4,609,380,229,914,1860,698,140,오브제컬렉션 에센스 화이트 / 에센스 화이트,메탈,멀티냉각방식,1,1,https://gscs-b2c.lge.com/open/downloadFile?fileId=Dcda4GSDyDAzSHJEoaNHAw
REF067,LG 디오스 오브제컬렉션 빌트인 타입 냉장고,https://www.lge.co.kr/kr/images/refrigerators/md09053846/gallery/medium-interior01.jpg,,2,2.0,,,613,384,229,914,1860,698,142,오브제컬렉션 클레이 브라운 / 베이지,글라스,,1,0,
REF068,LG 디오스 오브제컬렉션 빌트인 타입 냉장고,https://www.lge.co.kr/kr/images/refrigerators/md09053854/gallery/medium-interior01.jpg,,2,2.0,,,613,384,229,914,1860,698,138,오브제컬렉션 그레이 / 블랙,메탈,,1,0,https://gscs-b2c.lge.com/open/downloadFile?fileId=wUJir3fhRlzj52rmIVSOA
REF069,LG 디오스 오브제컬렉션 냉장고 Fit & Max (본체),https://www.lge.co.kr/kr/images/refrigerators/md10540850/gallery/medium01.jpg,,2,38.0,Fit & Max,4,613,384,229,914,1860,698,129,패널 선택 필요,,멀티냉각방식,1,1,
REF070,LG 디오스 오브제컬렉션 냉장고 Fit & Max (본체),https://www.lge.co.kr/kr/images/refrigerators/md10558849/gallery/medium01.jpg,,2,38.0,Fit & Max,4,613,384,229,914,1860,698,130,패널 선택 필요,,멀티냉각방식,1,1,https://gscs-b2c.lge.com/open/downloadFile?fileId=Dcda4GSDyDAzSHJEoaNHAw
REF071,LG 디오스 오브제컬렉션 STEM 베이직 냉장고 Fit & Max (본체),https://www.lge.co.kr/kr/images/refrigerators/md10528827/gallery/medium01.jpg,,2,38.0,Fit & Max,4,601,378,223,914,1860,698,132,패널 선택 필요,,멀티냉각방식,1,1,https://gscs-b2c.lge.com/open/downloadFile?fileId=kd8hv78XA2gbcGZLcpnA
REF072,"LG 디오스 오브제컬렉션 냉장고 Fit & Max (노크온, 본체)",https://www.lge.co.kr/kr/images/refrigerators/md10540833/gallery/medium01.jpg,,2,38.0,Fit & Max,4,613,384,229,914,1860,698,141,패널 선택 필요,,멀티냉각방식,1,1,https://gscs-b2c.lge.com/open/downloadFile?fileId=Dcda4GSDyDAzSHJEoaNHAw
REF073,"LG 디오스 오브제컬렉션 STEM 베이직 냉장고 Fit & Max (노크온, 본체)",https://www.lge.co.kr/kr/images/refrigerators/md10528826/gallery/medium01.jpg,,2,38.0,Fit & Max,4,601,378,223,914,1860,698,141,패널 선택 필요,,멀티냉각방식,1,1,https://gscs-b2c.lge.com/open/downloadFile?fileId=kd8hv78XA2gbcGZLcpnA
REF074,LG 디오스 오브제컬렉션 냉장고 Fit & Max,https://www.lge.co.kr/kr/images/refrigerators/md10555893/gallery/medium-interior01.jpg,,2,38.0,Fit & Max,4,613,384,229,914,1860,698,143,오브제컬렉션 베이지 / 베이지,글라스,멀티냉각방식,1,1,https://gscs-b2c.lge.com/open/downloadFile?fileId=Dcda4GSDyDAzSHJEoaNHAw
REF075,LG 디오스 오브제컬렉션 냉장고 Fit & Max,https://www.lge.co.kr/kr/images/refrigerators/md10555893/gallery/medium-interior01.jpg,3600000,2,38.0,Fit & Max,4,613,384,229,914,1860,698,143,오브제컬렉션 베이지 / 베이지,글라스,멀티냉각방식,1,1,https://gscs-b2c.lge.com/open/downloadFile?fileId=Dcda4GSDyDAzSHJEoaNHAw
REF076,LG 디오스 오브제컬렉션 냉장고 Fit & Max,https://www.lge.co.kr/kr/images/refrigerators/md10558853/gallery/medium-interior01.jpg,4052000,2,38.0,Fit & Max,4,613,384,229,914,1860,698,144,오브제컬렉션 베이지 / 베이지,글라스,멀티냉각방식,1,1,https://gscs-b2c.lge.com/open/downloadFile?fileId=Dcda4GSDyDAzSHJEoaNHAw
REF077,LG 디오스 오브제컬렉션 냉장고 Fit & Max,https://www.lge.co.kr/kr/images/refrigerators/md10558853/gallery/medium-interior01.jpg,4052000,2,38.0,Fit & Max,4,613,384,229,914,1860,698,144,오브제컬렉션 베이지 / 베이지,글라스,멀티냉각방식,1,1,https://gscs-b2c.lge.com/open/downloadFile?fileId=Dcda4GSDyDAzSHJEoaNHAw
REF078,LG 디오스 오브제컬렉션 STEM 베이직 냉장고 Fit & Max,https://www.lge.co.kr/kr/images/refrigerators/md10540832/gallery/medium-interior01.jpg,4050000,2,38.0,Fit & Max,4,601,378,223,914,1860,698,146,오브제컬렉션 베이지 / 베이지,글라스,멀티냉각방식,1,1,https://gscs-b2c.lge.com/open/downloadFile?fileId=kd8hv78XA2gbcGZLcpnA
REF079,LG 디오스 오브제컬렉션 STEM 베이직 냉장고 Fit & Max,https://www.lge.co.kr/kr/images/refrigerators/md10555840/gallery/medium-interior01.jpg,,2,38.0,Fit & Max,4,601,378,223,914,1860,698,146,오브제컬렉션 베이지 / 베이지,글라스,멀티냉각방식,1,1,https://gscs-b2c.lge.com/open/downloadFile?fileId=kd8hv78XA2gbcGZLcpnA
REF080,LG 디오스 오브제컬렉션 냉장고 Fit & Max (노크온),https://www.lge.co.kr/kr/images/refrigerators/md10555877/gallery/medium-interior01.jpg,4440000,2,38.0,Fit & Max,4,613,384,229,914,1860,698,151,오브제컬렉션 베이지 / 베이지,글라스,멀티냉각방식,1,1,https://gscs-b2c.lge.com/open/downloadFile?fileId=Dcda4GSDyDAzSHJEoaNHAw
REF081,LG 디오스 오브제컬렉션 STEM 베이직 냉장고 Fit & Max (노크온),https://www.lge.co.kr/kr/images/refrigerators/md10516831/gallery/medium-interior01.jpg,4773000,2,38.0,Fit & Max,4,601,378,223,914,1860,698,147,오브제컬렉션 베이지 / 베이지,글라스,멀티냉각방식,1,1,https://gscs-b2c.lge.com/open/downloadFile?fileId=kd8hv78XA2gbcGZLcpnA
REF082,LG 디오스 오브제컬렉션 STEM 베이직 냉장고 Fit & Max (노크온),https://www.lge.co.kr/kr/images/refrigerators/md10553840/gallery/medium-interior01.jpg,,2,38.0,Fit & Max,4,601,378,223,914,1860,698,151,오브제컬렉션 베이지 / 베이지,글라스,멀티냉각방식,1,1,https://gscs-b2c.lge.com/open/downloadFile?fileId=kd8hv78XA2gbcGZLcpnA
REF083,LG 디오스 오브제컬렉션 STEM 베이직 냉장고 Fit & Max,https://www.lge.co.kr/kr/images/refrigerators/md10555865/gallery/medium-interior01.jpg,,2,38.0,Fit & Max,4,601,378,223,914,1860,698,143,오브제컬렉션 네이비 / 에센스 화이트,메탈,멀티냉각방식,1,1,https://gscs-b2c.lge.com/open/downloadFile?fileId=kd8hv78XA2gbcGZLcpnA
REF084,LG 디오스 오브제컬렉션 냉장고 Fit & Max,https://www.lge.co.kr/kr/images/refrigerators/md10555900/gallery/medium-interior01.jpg,3200000,2,38.0,Fit & Max,4,613,384,229,914,1860,698,140,오브제컬렉션 에센스 화이트 / 에센스 화이트,메탈,멀티냉각방식,1,1,https://gscs-b2c.lge.com/open/downloadFile?fileId=Dcda4GSDyDAzSHJEoaNHAw
REF085,LG 디오스 오브제컬렉션 냉장고 Fit & Max,https://www.lge.co.kr/kr/images/refrigerators/md10558862/gallery/medium-interior01.jpg,3608000,2,38.0,Fit & Max,4,613,384,229,914,1860,698,141,오브제컬렉션 에센스 화이트 / 에센스 화이트,메탈,멀티냉각방식,1,1,
REF086,LG 디오스 오브제컬렉션 STEM 베이직 냉장고 Fit & Max,https://www.lge.co.kr/kr/images/refrigerators/md10555875/gallery/medium-interior01.jpg,3650000,2,38.0,Fit & Max,4,601,378,223,914,1860,698,143,오브제컬렉션 에센스 화이트 / 에센스 화이트,메탈,멀티냉각방식,1,1,https://gscs-b2c.lge.com/open/downloadFile?fileId=kd8hv78XA2gbcGZLcpnA
REF087,LG 디오스 오브제컬렉션 냉장고 Fit & Max (노크온),https://www.lge.co.kr/kr/images/refrigerators/md10555887/gallery/medium-interior01.jpg,4107000,2,38.0,Fit & Max,4,613,384,229,914,1860,698,148,오브제컬렉션 에센스 화이트 / 에센스 화이트,메탈,멀티냉각방식,1,1,https://gscs-b2c.lge.com/open/downloadFile?fileId=Dcda4GSDyDAzSHJEoaNHAw
REF088,LG 디오스 오브제컬렉션 STEM 베이직 냉장고 Fit & Max (노크온),https://www.lge.co.kr/kr/images/refrigerators/md10553852/gallery/medium-interior01.jpg,4400000,2,38.0,Fit & Max,4,601,378,223,914,1860,698,148,오브제컬렉션 에센스 화이트 / 에센스 화이트,메탈,멀티냉각방식,1,1,https://gscs-b2c.lge.com/open/downloadFile?fileId=kd8hv78XA2gbcGZLcpnA
REF089,LG 디오스 오브제컬렉션 STEM 베이직 냉장고 Fit & Max (노크온),https://www.lge.co.kr/kr/images/refrigerators/md10553851/gallery/medium-interior01.jpg,,2,38.0,Fit & Max,4,601,378,223,914,1860,698,148,오브제컬렉션 에센스 화이트 / 에센스 화이트,메탈,멀티냉각방식,1,1,https://gscs-b2c.lge.com/open/downloadFile?fileId=kd8hv78XA2gbcGZLcpnA
REF090,LG 디오스 오브제컬렉션 냉장고 Fit & Max,https://www.lge.co.kr/kr/images/refrigerators/md10555891/gallery/medium-interior01.jpg,4000000,2,38.0,Fit & Max,4,613,384,229,914,1860,698,140,오브제컬렉션 그린 / 실버,스테인리스,멀티냉각방식,1,1,https://gscs-b2c.lge.com/open/downloadFile?fileId=Dcda4GSDyDAzSHJEoaNHAw
REF091,LG 디오스 오브제컬렉션 냉장고 Fit & Max,https://www.lge.co.kr/kr/images/refrigerators/md10558851/gallery/medium-interior01.jpg,4496000,2,38.0,Fit & Max,4,613,384,229,914,1860,698,141,오브제컬렉션 그린 / 실버,스테인리스,멀티냉각방식,1,1,
REF092,LG 디오스 오브제컬렉션 STEM 베이직 냉장고 Fit & Max,https://www.lge.co.kr/kr/images/refrigerators/md10555867/gallery/medium-interior01.jpg,4450000,2,38.0,Fit & Max,4,601,378,223,914,1860,698,143,오브제컬렉션 그린 / 실버,스테인리스,멀티냉각방식,1,1,
REF093,LG 디오스 오브제컬렉션 STEM 베이직 냉장고 Fit & Max,https://www.lge.co.kr/kr/images/refrigerators/md10555844/gallery/medium-interior01.jpg,,2,38.0,Fit & Max,4,601,378,223,914,1860,698,143,오브제컬렉션 그린 / 실버,스테인리스,멀티냉각방식,1,1,https://gscs-b2c.lge.com/open/downloadFile?fileId=kd8hv78XA2gbcGZLcpnA
REF094,LG 디오스 오브제컬렉션 냉장고 Fit & Max (노크온),https://www.lge.co.kr/kr/images/refrigerators/md10555879/gallery/medium-interior01.jpg,4773000,2,38.0,Fit & Max,4,613,384,229,914,1860,698,148,오브제컬렉션 그린 / 실버,스테인리스,멀티냉각방식,1,1,https://gscs-b2c.lge.com/open/downloadFile?fileId=Dcda4GSDyDAzSHJEoaNHAw
REF095,LG 디오스 오브제컬렉션 STEM 베이직 냉장고 Fit & Max (노크온),https://www.lge.co.kr/kr/images/refrigerators/md10553836/gallery/medium-interior01.jpg,5050000,2,38.0,Fit & Max,4,601,378,223,914,1860,698,148,오브제컬렉션 그린 / 실버,스테인리스,멀티냉각방식,1,1,https://gscs-b2c.lge.com/open/downloadFile?fileId=kd8hv78XA2gbcGZLcpnA
REF096,LG 디오스 오브제컬렉션 STEM 베이직 냉장고 Fit & Max (노크온),https://www.lge.co.kr/kr/images/refrigerators/md10553837/gallery/medium-interior01.jpg,,2,38.0,Fit & Max,4,601,378,223,914,1860,698,148,오브제컬렉션 그린 / 실버,스테인리스,멀티냉각방식,1,1,https://gscs-b2c.lge.com/open/downloadFile?fileId=kd8hv78XA2gbcGZLcpnA
REF097,LG 디오스 오브제컬렉션 냉장고 Fit & Max,https://www.lge.co.kr/kr/images/refrigerators/md10555890/gallery/medium-interior01.jpg,4000000,2,38.0,Fit & Max,4,613,384,229,914,1860,698,140,오브제컬렉션 실버 / 실버,스톤 (스테인리스),멀티냉각방식,1,1,https://gscs-b2c.lge.com/open/downloadFile?fileId=Dcda4GSDyDAzSHJEoaNHAw
REF098,LG 디오스 오브제컬렉션 냉장고 Fit & Max,https://www.lge.co.kr/kr/images/refrigerators/md10558850/gallery/medium-interior01.jpg,4496000,2,38.0,Fit & Max,4,613,384,229,914,1860,698,141,오브제컬렉션 실버 / 실버,스톤 (스테인리스),멀티냉각방식,1,1,https://gscs-b2c.lge.com/open/downloadFile?fileId=Dcda4GSDyDAzSHJEoaNHAw
REF099,LG 디오스 오브제컬렉션 STEM 베이직 냉장고 Fit & Max,https://www.lge.co.kr/kr/images/refrigerators/md10555866/gallery/medium-interior01.jpg,4450000,2,38.0,Fit & Max,4,601,378,223,914,1860,698,143,오브제컬렉션 실버 / 실버,스톤 (스테인리스),멀티냉각방식,1,1,https://gscs-b2c.lge.com/open/downloadFile?fileId=kd8hv78XA2gbcGZLcpnA
REF100,LG 디오스 오브제컬렉션 STEM 베이직 냉장고 Fit & Max,https://www.lge.co.kr/kr/images/refrigerators/md10555841/gallery/medium-interior01.jpg,,2,38.0,Fit & Max,4,601,378,223,914,1860,698,143,오브제컬렉션 실버 / 실버,스테인리스,멀티냉각방식,1,1,
REF101,LG 디오스 오브제컬렉션 냉장고 Fit & Max (노크온),https://www.lge.co.kr/kr/images/refrigerators/md10555878/gallery/medium-interior01.jpg,4773000,2,38.0,Fit & Max,4,613,384,229,914,1860,698,143,오브제컬렉션 실버 / 실버,스톤 (스테인리스),멀티냉각방식,1,1,https://gscs-b2c.lge.com/open/downloadFile?fileId=Dcda4GSDyDAzSHJEoaNHAw
REF102,LG 디오스 오브제컬렉션 STEM 베이직 냉장고 Fit & Max (노크온),https://www.lge.co.kr/kr/images/refrigerators/md10553834/gallery/medium-interior01.jpg,5106000,2,38.0,Fit & Max,4,601,378,223,914,1860,698,148,오브제컬렉션 실버 / 실버,스톤 (스테인리스),멀티냉각방식,1,1,
REF103,LG 디오스 오브제컬렉션 STEM 베이직 냉장고 Fit & Max (노크온),https://www.lge.co.kr/kr/images/refrigerators/md10553835/gallery/medium-interior01.jpg,,2,38.0,Fit & Max,4,601,378,223,914,1860,698,148,오브제컬렉션 실버 / 실버,스톤 (스테인리스),멀티냉각방식,1,1,https://gscs-b2c.lge.com/open/downloadFile?fileId=kd8hv78XA2gbcGZLcpnA
REF104,LG 디오스 오브제컬렉션 STEM 베이직 냉장고 (매직스페이스),https://www.lge.co.kr/kr/images/refrigerators/md10315849/gallery/medium-interior01.jpg,,1,43.3,프리스탠딩,4,858,496,362,914,1860,918,166,오브제컬렉션 그린 실버,스테인리스,멀티냉각방식,1,0,https://gscs-b2c.lge.com/open/downloadFile?fileId=c9BG8ZgHNHO67vkfL4UOA
REF105,LG 디오스 오브제컬렉션 STEM 베이직 냉장고 (본체),https://www.lge.co.kr/kr/images/refrigerators/md10364848/gallery/medium01.jpg,,1,41.5,프리스탠딩,4,857,497,360,914,1860,918,152,패널 선택 필요,,멀티냉각방식,1,1,https://gscs-b2c.lge.com/open/downloadFile?fileId=hdGrsMWBUO5EpHWkPlbQ
REF106,LG 디오스 오브제컬렉션 STEM 베이직 냉장고 (더블매직스페이스),https://www.lge.co.kr/kr/images/refrigerators/md10390893/gallery/medium-interior01.jpg,4607000,2,56.2,프리스탠딩,4,854,494,360,914,1860,918,166,오브제컬렉션 크림 화이트 / 크림 화이트,메탈,멀티냉각방식,1,1,https://gscs-b2c.lge.com/open/downloadFile?fileId=zh6tQZHE0xnC65VkEMAERw
REF107,LG 디오스 오브제컬렉션 STEM 베이직 냉장고 (더블매직스페이스),https://www.lge.co.kr/kr/images/refrigerators/md10419855/gallery/medium-interior01.jpg,,2,56.2,프리스탠딩,4,854,494,360,914,1860,918,166,오브제컬렉션 크림 화이트 / 크림 화이트,메탈,멀티냉각방식,1,1,https://gscs-b2c.lge.com/open/downloadFile?fileId=zh6tQZHE0xnC65VkEMAERw
REF108,LG 디오스 오브제컬렉션 STEM 베이직 냉장고 (더블매직스페이스),https://www.lge.co.kr/kr/images/refrigerators/md10419848/gallery/medium-interior01.jpg,,2,56.2,프리스탠딩,4,854,494,360,914,1860,918,166,오브제컬렉션 클레이핑크 / 실버,스톤 (스테인리스),멀티냉각방식,1,1,https://gscs-b2c.lge.com/open/downloadFile?fileId=zh6tQZHE0xnC65VkEMAERw
REF109,LG 디오스 오브제컬렉션 STEM 베이직 냉장고 (더블매직스페이스),https://www.lge.co.kr/kr/images/refrigerators/md10390885/gallery/medium-interior01.jpg,5495000,2,56.2,프리스탠딩,4,854,494,360,914,1860,918,166,오브제컬렉션 실버 / 실버,스톤 (스테인리스),멀티냉각방식,1,1,
REF110,"LG 디오스 AI 오브제컬렉션 STEM 베이직 냉장고 (매직스페이스,본체)",https://www.lge.co.kr/kr/images/refrigerators/md10604867/gallery/medium01.jpg,,1,43.1,프리스탠딩,4,854,494,360,914,1860,918,160,패널 선택 필요,,멀티냉각방식,1,1,https://gscs-b2c.lge.com/open/downloadFile?fileId=wMFijiG46FLdqMbvv6Rgrg
REF111,"LG 디오스 AI 오브제컬렉션 냉장고 (더블매직스페이스, 본체)",https://www.lge.co.kr/kr/images/refrigerators/md10604869/gallery/medium01.jpg,,1,43.0,프리스탠딩,4,871,504,367,914,1860,918,158,패널 선택 필요,,멀티냉각방식,1,1,https://gscs-b2c.lge.com/open/downloadFile?fileId=dQbWntI8yekzEcptSzr1w
REF112,"LG 디오스 AI 오브제컬렉션 STEM 베이직 냉장고 (노크온 더블매직스페이스, 본체)",https://www.lge.co.kr/kr/images/refrigerators/md10604856/gallery/medium01.jpg,,2,56.2,프리스탠딩,4,854,494,360,914,1860,918,163,패널 선택 필요,,멀티냉각방식,1,1,https://gscs-b2c.lge.com/open/downloadFile?fileId=yLNSDptcX3Xf8dXDs9Ul1Q
REF113,LG 디오스 AI 오브제컬렉션 냉장고 (매직스페이스),https://www.lge.co.kr/kr/images/refrigerators/md10615853/gallery/medium-interior01.jpg,4620000,1,43.0,프리스탠딩,4,871,504,367,914,1860,918,165,오브제컬렉션 베이지 / 베이지,글라스,멀티냉각방식,1,1,https://gscs-b2c.lge.com/open/downloadFile?fileId=dQbWntI8yekzEcptSzr1w
REF114,LG 디오스 오브제컬렉션 STEM 베이직 냉장고 (매직스페이스),https://www.lge.co.kr/kr/images/refrigerators/md10604868/gallery/medium-interior01.jpg,4550000,1,43.1,프리스탠딩,4,854,494,360,914,1860,918,173,오브제컬렉션 베이지 / 베이지,글라스,멀티냉각방식,1,1,https://gscs-b2c.lge.com/open/downloadFile?fileId=wMFijiG46FLdqMbvv6Rgrg
REF115,LG 디오스 AI 오브제컬렉션 STEM 베이직 냉장고 (매직스페이스),https://www.lge.co.kr/kr/images/refrigerators/md10604868/gallery/medium-interior01.jpg,,1,43.1,프리스탠딩,4,854,494,360,914,1860,918,173,오브제컬렉션 베이지 / 베이지,글라스,멀티냉각방식,1,1,https://gscs-b2c.lge.com/open/downloadFile?fileId=wMFijiG46FLdqMbvv6Rgrg
REF116,LG 디오스 AI 오브제컬렉션 STEM 베이직 냉장고 (매직스페이스),https://www.lge.co.kr/kr/images/refrigerators/md10604864/gallery/medium-interior01.jpg,5217000,1,43.1,프리스탠딩,4,854,494,360,914,1860,918,180,오브제컬렉션 베이지 / 베이지,글라스,멀티냉각방식,1,1,https://gscs-b2c.lge.com/open/downloadFile?fileId=yLNSDptcX3Xf8dXDs9Ul1Q
REF117,LG 디오스 AI 오브제컬렉션 STEM 베이직 냉장고 (매직스페이스),https://www.lge.co.kr/kr/images/refrigerators/md10604864/gallery/medium-interior01.jpg,,1,43.1,프리스탠딩,4,854,494,360,914,1860,918,180,오브제컬렉션 베이지 / 베이지,글라스,멀티냉각방식,1,1,https://gscs-b2c.lge.com/open/downloadFile?fileId=yLNSDptcX3Xf8dXDs9Ul1Q
REF118,LG 디오스 AI 오브제컬렉션 냉장고 (더블매직스페이스),https://www.lge.co.kr/kr/images/refrigerators/md10604870/gallery/medium-interior01.jpg,4884000,1,43.0,프리스탠딩,4,871,504,367,914,1860,918,171,오브제컬렉션 베이지 / 베이지,글라스,멀티냉각방식,1,1,https://gscs-b2c.lge.com/open/downloadFile?fileId=dQbWntI8yekzEcptSzr1w
REF119,LG 디오스 AI 오브제컬렉션 STEM 베이직 냉장고 (더블매직스페이스),https://www.lge.co.kr/kr/images/refrigerators/md10604862/gallery/medium-interior01.jpg,5160000,2,56.2,프리스탠딩,4,854,494,360,914,1860,918,168,오브제컬렉션 베이지 / 베이지,글라스,멀티냉각방식,1,1,https://gscs-b2c.lge.com/open/downloadFile?fileId=yLNSDptcX3Xf8dXDs9Ul1Q
REF120,LG 디오스 AI 오브제컬렉션 STEM 베이직 냉장고 (더블매직스페이스),https://www.lge.co.kr/kr/images/refrigerators/md10604862/gallery/medium-interior01.jpg,,2,56.2,프리스탠딩,4,854,494,360,914,1860,918,168,오브제컬렉션 베이지 / 베이지,글라스,멀티냉각방식,1,1,https://gscs-b2c.lge.com/open/downloadFile?fileId=yLNSDptcX3Xf8dXDs9Ul1Q
REF121,LG 디오스 AI 오브제컬렉션 냉장고 (노크온 매직스페이스),https://www.lge.co.kr/kr/images/refrigerators/md10615849/gallery/medium-interior01.jpg,5051000,1,43.8,프리스탠딩,4,871,504,367,914,1860,918,175,오브제컬렉션 베이지 / 베이지,글라스,멀티냉각방식,1,1,https://gscs-b2c.lge.com/open/downloadFile?fileId=dQbWntI8yekzEcptSzr1w
REF122,LG 디오스 AI 오브제컬렉션 STEM 베이직 냉장고 (노크온 매직스페이스),https://www.lge.co.kr/kr/images/refrigerators/md10604859/gallery/medium-interior01.jpg,5220000,2,56.2,프리스탠딩,4,854,494,360,914,1860,918,170,오브제컬렉션 베이지 / 베이지,글라스,멀티냉각방식,1,1,https://gscs-b2c.lge.com/open/downloadFile?fileId=FEf6a8LeGia7KCuV3XUokw
REF123,LG 디오스 AI 오브제컬렉션 STEM 베이직 냉장고 (노크온 매직스페이스),https://www.lge.co.kr/kr/images/refrigerators/md10604859/gallery/medium-interior01.jpg,,2,56.2,프리스탠딩,4,854,494,360,914,1860,918,170,오브제컬렉션 베이지 / 베이지,글라스,멀티냉각방식,1,1,
REF124,LG 디오스 AI 오브제컬렉션 STEM 베이직 냉장고 (노크온 더블매직스페이스),https://www.lge.co.kr/kr/images/refrigerators/md10604857/gallery/medium-interior01.jpg,5606000,2,56.2,프리스탠딩,4,854,494,360,914,1860,918,173,오브제컬렉션 베이지 / 베이지,글라스,멀티냉각방식,1,1,
REF125,LG 디오스 AI 오브제컬렉션 STEM 베이직 냉장고 (노크온 더블매직스페이스),https://www.lge.co.kr/kr/images/refrigerators/md10604857/gallery/medium-interior01.jpg,,2,56.2,프리스탠딩,4,854,494,360,914,1860,918,173,오브제컬렉션 베이지 / 베이지,글라스,멀티냉각방식,1,1,https://gscs-b2c.lge.com/open/downloadFile?fileId=yLNSDptcX3Xf8dXDs9Ul1Q
REF126,LG 디오스 오브제컬렉션 STEM 베이직 냉장고 (매직스페이스),https://www.lge.co.kr/kr/images/refrigerators/md10617827/gallery/medium-interior01.jpg,4550000,1,43.1,프리스탠딩,4,854,494,360,914,1860,918,173,오브제컬렉션 토프 / 아몬드,글라스,멀티냉각방식,1,1,https://gscs-b2c.lge.com/open/downloadFile?fileId=wMFijiG46FLdqMbvv6Rgrg
REF127,LG 디오스 AI 오브제컬렉션 STEM 베이직 냉장고 (매직스페이스),https://www.lge.co.kr/kr/images/refrigerators/md10634835/gallery/medium-interior01.jpg,,1,43.1,프리스탠딩,4,854,494,360,914,1860,918,173,오브제컬렉션 토프 / 아몬드,글라스,멀티냉각방식,1,1,https://gscs-b2c.lge.com/open/downloadFile?fileId=wMFijiG46FLdqMbvv6Rgrg
REF128,LG 디오스 AI 오브제컬렉션 냉장고 (매직스페이스),https://www.lge.co.kr/kr/images/refrigerators/md10617831/gallery/medium-interior01.jpg,4400000,2,55.8,프리스탠딩,4,871,504,367,914,1860,918,155,오브제컬렉션 토프 / 토프,글라스,멀티냉각방식,1,1,https://gscs-b2c.lge.com/open/downloadFile?fileId=dQbWntI8yekzEcptSzr1w
REF129,LG 디오스 AI 오브제컬렉션 냉장고 (매직스페이스),https://www.lge.co.kr/kr/images/refrigerators/md10604876/gallery/medium-interior01.jpg,3960000,2,55.8,프리스탠딩,4,871,504,367,914,1860,918,151,오브제컬렉션 에센스 화이트 / 에센스 화이트,메탈,멀티냉각방식,1,1,https://gscs-b2c.lge.com/open/downloadFile?fileId=dQbWntI8yekzEcptSzr1w
REF130,LG 디오스 오브제컬렉션 STEM 베이직 냉장고 (매직스페이스),https://www.lge.co.kr/kr/images/refrigerators/md10617830/gallery/medium-interior01.jpg,4150000,1,43.1,프리스탠딩,4,854,494,360,914,1860,918,169,오브제컬렉션 에센스 화이트 / 에센스 화이트,메탈,멀티냉각방식,1,1,
REF131,LG 디오스 AI 오브제컬렉션 STEM 베이직 냉장고 (노크온 더블매직스페이스),https://www.lge.co.kr/kr/images/refrigerators/md10623831/gallery/medium-interior01.jpg,5273000,2,56.2,프리스탠딩,4,854,494,360,914,1860,918,170,오브제컬렉션 에센스 화이트 / 에센스 화이트,메탈,멀티냉각방식,1,1,https://gscs-b2c.lge.com/open/downloadFile?fileId=yLNSDptcX3Xf8dXDs9Ul1Q
REF132,LG 디오스 AI 오브제컬렉션 STEM 베이직 냉장고 (노크온 더블매직스페이스),https://www.lge.co.kr/kr/images/refrigerators/md10623831/gallery/medium-interior01.jpg,,2,56.2,프리스탠딩,4,854,494,360,914,1860,918,170,오브제컬렉션 에센스 화이트 / 에센스 화이트,메탈,멀티냉각방식,1,1,https://gscs-b2c.lge.com/open/downloadFile?fileId=yLNSDptcX3Xf8dXDs9Ul1Q
REF133,LG 디오스 AI 오브제컬렉션 STEM 베이직 냉장고 (노크온 더블매직스페이스),https://www.lge.co.kr/kr/images/refrigerators/md10623826/gallery/medium-interior01.jpg,5880000,2,56.2,프리스탠딩,4,854,494,360,914,1860,918,170,오브제컬렉션 실버 / 실버,스톤 (스테인리스),멀티냉각방식,1,1,
REF134,LG 디오스 AI 오브제컬렉션 STEM 베이직 냉장고 (노크온 더블매직스페이스),https://www.lge.co.kr/kr/images/refrigerators/md10623826/gallery/medium-interior01.jpg,,2,56.2,프리스탠딩,4,854,494,360,914,1860,918,170,오브제컬렉션 실버 / 실버,메탈,멀티냉각방식,1,1,https://gscs-b2c.lge.com/open/downloadFile?fileId=yLNSDptcX3Xf8dXDs9Ul1Q
REF135,[25년형·1대 단독 전용] 오브제컬렉션 Fit & Max 냉장고 설치키트,https://www.lge.co.kr/kr/images/refrigerators/md10540851/gallery/medium01.jpg,111000,,,페어설치키트,,,,,,,,0,,,,0,0,
REF136,[25년형·2대 페어용] 오브제컬렉션 Fit & Max 냉장고 설치키트,https://www.lge.co.kr/kr/images/refrigerators/md10540852/gallery/medium01.jpg,111000,,,페어설치키트,,,,,,,,3,,,,0,0,
REF137,[컨버터블 2대 페어용] 오브제컬렉션 Fit & Max 냉장고 설치키트,https://www.lge.co.kr/kr/images/refrigerators/md10540853/gallery/medium01.jpg,111000,,,페어설치키트,,,,,,,,2,,,,0,0,
REF138,[컨버터블 3대 페어용] 오브제컬렉션 Fit & Max 냉장고 설치키트,https://www.lge.co.kr/kr/images/refrigerators/md10756829/gallery/medium01.jpg,200000,,,,,,,,,,,,,,,0,0,
REF139,LG 모던엣지 AI 오브제컬렉션 Fit & Max,https://www.lge.co.kr/kr/images/refrigerators/md10733832/gallery/medium-interior01.jpg,,3,26.3,Fit & Max,2,333,220,113,597,1860,674,72,오브제컬렉션 베이지 / 베이지,메탈,멀티냉각방식,1,0,https://gscs-b2c.lge.com/open/downloadFile?fileId=ddXa6vLY0ryt658qnfwtQ
REF140,LG 모던엣지 AI 오브제컬렉션 Fit & Max,https://www.lge.co.kr/kr/images/refrigerators/md10727826/gallery/medium-interior01.jpg,1350000,3,26.3,Fit & Max,2,333,220,113,597,1860,674,72,오브제컬렉션 베이지 / 베이지,메탈,멀티냉각방식,1,1,https://gscs-b2c.lge.com/open/downloadFile?fileId=sddysVSPxucALBU6Mlf7YQ
REF141,LG 모던엣지 냉장고 오브제컬렉션,https://www.lge.co.kr/kr/images/refrigerators/md09165827/gallery/medium-interior01.jpg,1550000,3,25.5,빌트인 타입,2,344,234,110,595,1860,676,84,오브제컬렉션 베이지,글라스,멀티냉각방식,1,0,https://gscs-b2c.lge.com/open/downloadFile?fileId=BsuHDIiPHAt5tI4w0gQsnQ
REF142,LG 모던엣지 냉장고 오브제컬렉션,https://www.lge.co.kr/kr/images/refrigerators/md09165827/gallery/medium-interior01.jpg,1550000,3,25.5,,,344,234,110,595,1860,676,84,오브제컬렉션 베이지,미스트 (글라스),멀티냉각방식,0,0,https://gscs-b2c.lge.com/open/downloadFile?fileId=BsuHDIiPHAt5tI4w0gQsnQ
REF143,LG 모던엣지 냉장고 오브제컬렉션,https://www.lge.co.kr/kr/images/refrigerators/md09164830/gallery/medium-interior01.jpg,1499000,3,25.5,빌트인 타입,2,344,234,110,595,1860,676,84,오브제컬렉션 베이지,미스트 (글라스),멀티냉각방식,1,0,
REF144,LG 모던엣지 냉장고 오브제컬렉션 노크온,https://www.lge.co.kr/kr/images/refrigerators/md10207841/gallery/medium-interior01.jpg,2000000,3,27.1,빌트인 타입,2,349,239,110,595,1860,676,100,오브제컬렉션 클레이 브라운,글라스,멀티냉각방식,1,1,
REF145,LG 모던엣지 냉장고 오브제컬렉션,https://www.lge.co.kr/kr/images/refrigerators/md10118826/gallery/medium-interior01.jpg,1208000,3,25.5,빌트인 타입,2,344,234,,595,1860,676,75,오브제컬렉션 베이지 / 베이지,메탈,멀티냉각방식,1,0,
REF146,LG 모던엣지 냉장고 오브제컬렉션,https://www.lge.co.kr/kr/images/refrigerators/md10117827/gallery/medium-interior01.jpg,1190000,3,25.5,빌트인 타입,2,344,234,,595,1860,676,75,프라임 실버,메탈,멀티냉각방식,0,0,https://gscs-b2c.lge.com/open/downloadFile?fileId=BsuHDIiPHAt5tI4w0gQsnQ
REF147,LG 모던엣지 AI 오브제컬렉션 Fit & Max,https://www.lge.co.kr/kr/images/refrigerators/md10715828/gallery/medium-interior01.jpg,1868000,1,19.4,Fit & Max,2,412,273,139,697,1860,696,96,오브제컬렉션 베이지 / 베이지,메탈,멀티냉각방식,1,1,https://gscs-b2c.lge.com/open/downloadFile?fileId=sddysVSPxucALBU6Mlf7YQ
REF148,LG 모던엣지 AI 오브제컬렉션 Fit & Max,https://www.lge.co.kr/kr/images/refrigerators/md10775831/gallery/medium-interior01.jpg,,3,27.9,Fit & Max,2,412,273,139,697,1860,696,78,오브제컬렉션 에센스화이트,메탈,멀티냉각방식,1,1,https://gscs-b2c.lge.com/open/downloadFile?fileId=sddysVSPxucALBU6Mlf7YQ
REF149,LG 모던엣지 AI 오브제컬렉션 Fit & Max,https://www.lge.co.kr/kr/images/refrigerators/md10715830/gallery/medium-interior01.jpg,1450000,3,27.9,Fit & Max,2,412,273,139,697,1860,696,79,오브제컬렉션 에센스화이트,메탈,멀티냉각방식,1,1,https://gscs-b2c.lge.com/open/downloadFile?fileId=sddysVSPxucALBU6Mlf7YQ
REF150,LG 디오스 오브제컬렉션 STEM 베이직 냉장고 Fit & Max + LG 디오스 오브제컬렉션 김치톡톡 Fit & Max,https://www.lge.co.kr/kr/images/refrigerators/md10642834/gallery/medium01.jpg,7992000,2,38.0,Fit & Max,4,601,378,223,914,1860,698,146,오브제컬렉션 아몬드 / 토프,글라스,멀티냉각방식,1,1,
REF151,LG 디오스 오브제컬렉션 STEM 베이직 냉장고 Fit & Max (노크온) + LG 디오스 오브제컬렉션 김치톡톡 Fit & Max,https://www.lge.co.kr/kr/images/refrigerators/md10642832/gallery/medium01.jpg,8381000,2,38.0,Fit & Max,4,601,378,223,914,1860,698,151,오브제컬렉션 아몬드 / 토프,글라스,멀티냉각방식,1,1,https://gscs-b2c.lge.com/open/downloadFile?fileId=kd8hv78XA2gbcGZLcpnA
REF152,LG 디오스 오브제컬렉션 STEM 베이직 냉장고 Fit & Max + LG 디오스 오브제컬렉션 김치톡톡,https://www.lge.co.kr/kr/images/refrigerators/md10574844/gallery/medium01.jpg,7810000,2,38.0,Fit & Max,4,601,378,223,914,1860,698,146,오브제컬렉션 베이지 / 베이지,글라스,멀티냉각방식,1,1,https://gscs-b2c.lge.com/open/downloadFile?fileId=kd8hv78XA2gbcGZLcpnA
REF153,LG 디오스 오브제컬렉션 STEM 베이직 냉장고 Fit & Max + LG 디오스 오브제컬렉션 김치톡톡 Fit & Max,https://www.lge.co.kr/kr/images/refrigerators/md10571828/gallery/medium01.jpg,7992000,2,38.0,Fit & Max,4,601,378,223,914,1860,698,146,오브제컬렉션 베이지 / 베이지,글라스,멀티냉각방식,1,1,https://gscs-b2c.lge.com/open/downloadFile?fileId=kd8hv78XA2gbcGZLcpnA
REF154,LG 디오스 오브제컬렉션 STEM 베이직 냉장고 Fit & Max (노크온) + LG 디오스 오브제컬렉션 김치톡톡 Fit & Max,https://www.lge.co.kr/kr/images/refrigerators/md10571827/gallery/medium01.jpg,8381000,2,38.0,Fit & Max,4,601,378,223,914,1860,698,151,오브제컬렉션 베이지 / 베이지,글라스,멀티냉각방식,1,1,https://gscs-b2c.lge.com/open/downloadFile?fileId=kd8hv78XA2gbcGZLcpnA
REF155,LG 디오스 오브제컬렉션 STEM 베이직 냉장고 Fit & Max + LG 디오스 오브제컬렉션 김치톡톡 Fit & Max,https://www.lge.co.kr/kr/images/refrigerators/md10642833/gallery/medium01.jpg,7992000,2,38.0,Fit & Max,4,601,378,223,914,1860,698,146,오브제컬렉션 토프 / 아몬드,글라스,멀티냉각방식,1,1,https://gscs-b2c.lge.com/open/downloadFile?fileId=kd8hv78XA2gbcGZLcpnA
REF156,LG 디오스 오브제컬렉션 STEM 베이직 냉장고 Fit & Max (노크온) + LG 디오스 오브제컬렉션 김치톡톡 Fit & Max,https://www.lge.co.kr/kr/images/refrigerators/md10642831/gallery/medium01.jpg,8381000,2,38.0,Fit & Max,4,601,378,223,914,1860,698,151,오브제컬렉션 토프 / 아몬드,글라스,멀티냉각방식,1,1,
REF157,LG 디오스 오브제컬렉션 STEM 베이직 냉장고 Fit & Max + LG 디오스 오브제컬렉션 김치톡톡 Fit & Max,https://www.lge.co.kr/kr/images/refrigerators/md10574842/gallery/medium01.jpg,8714000,2,38.0,Fit & Max,4,601,378,223,914,1860,698,143,오브제컬렉션 실버 / 실버,스테인리스,멀티냉각방식,1,1,
REF158,LG 디오스 오브제컬렉션 STEM 베이직 냉장고 Fit & Max (노크온) + LG 디오스 오브제컬렉션 김치톡톡 Fit & Max,https://www.lge.co.kr/kr/images/refrigerators/md10574841/gallery/medium01.jpg,8991000,2,38.0,Fit & Max,4,601,378,223,914,1860,698,148,오브제컬렉션 실버 / 실버,스톤 (스테인리스),멀티냉각방식,1,1,https://gscs-b2c.lge.com/open/downloadFile?fileId=kd8hv78XA2gbcGZLcpnA
REF159,LG 디오스 오브제컬렉션 냉장고 Fit & Max + LG 디오스 오브제컬렉션 김치톡톡 Fit & Max,https://www.lge.co.kr/kr/images/refrigerators/md10642841/gallery/medium01.jpg,7659000,2,38.0,Fit & Max,4,613,384,229,914,1860,698,143,오브제컬렉션 아몬드 / 토프,글라스,멀티냉각방식,1,1,
REF160,LG 디오스 오브제컬렉션 냉장고 Fit & Max + LG 디오스 오브제컬렉션 김치톡톡 Fit & Max,https://www.lge.co.kr/kr/images/refrigerators/md10642838/gallery/medium01.jpg,7659000,2,38.0,Fit & Max,4,613,384,229,914,1860,698,144,오브제컬렉션 아몬드 / 토프,글라스,멀티냉각방식,1,1,
REF161,LG 디오스 오브제컬렉션 냉장고 Fit & Max (노크온) + LG 디오스 오브제컬렉션 김치톡톡 Fit & Max,https://www.lge.co.kr/kr/images/refrigerators/md10642836/gallery/medium01.jpg,8048000,2,38.0,Fit & Max,4,613,384,229,914,1860,698,151,오브제컬렉션 아몬드 / 토프,글라스,멀티냉각방식,1,1,https://gscs-b2c.lge.com/open/downloadFile?fileId=Dcda4GSDyDAzSHJEoaNHAw
REF162,LG 디오스 오브제컬렉션 냉장고 Fit & Max + LG 디오스 오브제컬렉션 김치톡톡 Fit & Max,https://www.lge.co.kr/kr/images/refrigerators/md10642839/gallery/medium01.jpg,7659000,2,38.0,Fit & Max,4,613,384,229,914,1860,698,143,오브제컬렉션 베이지 / 베이지,글라스,멀티냉각방식,1,1,https://gscs-b2c.lge.com/open/downloadFile?fileId=Dcda4GSDyDAzSHJEoaNHAw
REF163,LG 디오스 오브제컬렉션 냉장고 Fit & Max + LG 디오스 오브제컬렉션 김치톡톡(본체),https://www.lge.co.kr/kr/images/refrigerators/md10574845/gallery/medium01.jpg,7480000,2,38.0,Fit & Max,4,613,384,229,914,1860,698,144,오브제컬렉션 베이지 / 베이지,글라스,멀티냉각방식,1,1,https://gscs-b2c.lge.com/open/downloadFile?fileId=Dcda4GSDyDAzSHJEoaNHAw
REF164,LG 디오스 오브제컬렉션 냉장고 Fit & Max + LG 디오스 오브제컬렉션 김치톡톡 Fit & Max,https://www.lge.co.kr/kr/images/refrigerators/md10600855/gallery/medium01.jpg,7659000,2,38.0,Fit & Max,4,613,384,229,914,1860,698,144,오브제컬렉션 베이지 / 베이지,글라스,멀티냉각방식,1,1,https://gscs-b2c.lge.com/open/downloadFile?fileId=Dcda4GSDyDAzSHJEoaNHAw
REF165,LG 디오스 오브제컬렉션 냉장고 Fit & Max (노크온) + LG 디오스 오브제컬렉션 김치톡톡 Fit & Max,https://www.lge.co.kr/kr/images/refrigerators/md10600854/gallery/medium01.jpg,8048000,2,38.0,Fit & Max,4,613,384,229,914,1860,698,151,오브제컬렉션 베이지 / 베이지,글라스,멀티냉각방식,1,1,https://gscs-b2c.lge.com/open/downloadFile?fileId=Dcda4GSDyDAzSHJEoaNHAw
REF166,LG 디오스 오브제컬렉션 냉장고 Fit & Max + LG 디오스 오브제컬렉션 김치톡톡 Fit & Max,https://www.lge.co.kr/kr/images/refrigerators/md10642840/gallery/medium01.jpg,7659000,2,38.0,Fit & Max,4,613,384,229,914,1860,698,143,오브제컬렉션 토프 / 아몬드,글라스,멀티냉각방식,1,1,
REF167,LG 디오스 오브제컬렉션 냉장고 Fit & Max + LG 디오스 오브제컬렉션 김치톡톡 Fit & Max,https://www.lge.co.kr/kr/images/refrigerators/md10642837/gallery/medium01.jpg,7659000,2,38.0,Fit & Max,4,613,384,229,914,1860,698,144,오브제컬렉션 토프 / 아몬드,글라스,멀티냉각방식,1,1,https://gscs-b2c.lge.com/open/downloadFile?fileId=Dcda4GSDyDAzSHJEoaNHAw
REF168,LG 디오스 오브제컬렉션 냉장고 Fit & Max (노크온) + LG 디오스 오브제컬렉션 김치톡톡 Fit & Max,https://www.lge.co.kr/kr/images/refrigerators/md10642835/gallery/medium01.jpg,8048000,2,38.0,Fit & Max,4,613,384,229,914,1860,698,151,오브제컬렉션 토프 / 아몬드,글라스,멀티냉각방식,1,1,https://gscs-b2c.lge.com/open/downloadFile?fileId=Dcda4GSDyDAzSHJEoaNHAw
REF169,LG 디오스 오브제컬렉션 냉장고 Fit & Max + LG 디오스 오브제컬렉션 김치톡톡 Fit & Max,https://www.lge.co.kr/kr/images/refrigerators/md10587832/gallery/medium01.jpg,5900000,2,32.9,Fit & Max,4,504,300,204,835,1860,685,136,오브제컬렉션 베이지 / 베이지,글라스,멀티냉각방식,1,1,https://gscs-b2c.lge.com/open/downloadFile?fileId=3qqiH6grIMMQpHIIwB4crw
REF170,LG 디오스 오브제컬렉션 냉장고 Fit & Max + LG 디오스 오브제컬렉션 김치톡톡 Fit & Max,https://www.lge.co.kr/kr/images/refrigerators/md10574848/gallery/medium01.jpg,5300000,2,32.9,Fit & Max,4,504,300,204,835,1860,685,133,오브제컬렉션 에센스 화이트 / 에센스 화이트,메탈,멀티냉각방식,1,1,https://gscs-b2c.lge.com/open/downloadFile?fileId=3qqiH6grIMMQpHIIwB4crw
REF171,LG 디오스 오브제컬렉션 STEM 베이직 냉장고 Fit & Max + LG 디오스 오브제컬렉션 김치톡톡 Fit & Max,https://www.lge.co.kr/kr/images/refrigerators/md10642843/gallery/medium01.jpg,7382000,2,38.0,Fit & Max,4,601,378,223,914,1860,698,146,오브제컬렉션 베이지 / 베이지,글라스,멀티냉각방식,1,1,https://gscs-b2c.lge.com/open/downloadFile?fileId=kd8hv78XA2gbcGZLcpnA
REF172,LG 디오스 오브제컬렉션 STEM 베이직 냉장고 Fit & Max (노크온) + LG 디오스 오브제컬렉션 김치톡톡 Fit & Max,https://www.lge.co.kr/kr/images/refrigerators/md10642842/gallery/medium01.jpg,7770000,2,38.0,Fit & Max,4,601,378,223,914,1860,698,147,오브제컬렉션 베이지 / 베이지,글라스,멀티냉각방식,1,1,
REF173,LG 디오스 오브제컬렉션 냉장고 Fit & Max + LG 디오스 오브제컬렉션 김치톡톡 Fit & Max,https://www.lge.co.kr/kr/images/refrigerators/md10642846/gallery/medium01.jpg,7049000,2,38.0,Fit & Max,4,613,384,229,914,1860,698,143,오브제컬렉션 베이지 / 베이지,글라스,멀티냉각방식,1,1,https://gscs-b2c.lge.com/open/downloadFile?fileId=Dcda4GSDyDAzSHJEoaNHAw
REF174,LG 디오스 오브제컬렉션 냉장고 Fit & Max + LG 디오스 오브제컬렉션 김치톡톡 Fit & Max,https://www.lge.co.kr/kr/images/refrigerators/md10642845/gallery/medium01.jpg,7049000,2,38.0,Fit & Max,4,613,384,229,914,1860,698,144,오브제컬렉션 베이지 / 베이지,글라스,멀티냉각방식,1,1,https://gscs-b2c.lge.com/open/downloadFile?fileId=Dcda4GSDyDAzSHJEoaNHAw
REF175,LG 디오스 오브제컬렉션 냉장고 Fit & Max (노크온) + LG 디오스 오브제컬렉션 김치톡톡 Fit & Max,https://www.lge.co.kr/kr/images/refrigerators/md10642844/gallery/medium01.jpg,7437000,2,38.0,Fit & Max,4,613,384,229,914,1860,698,151,오브제컬렉션 베이지 / 베이지,글라스,멀티냉각방식,1,1,https://gscs-b2c.lge.com/open/downloadFile?fileId=Dcda4GSDyDAzSHJEoaNHAw
REF176,LG 디오스 오브제컬렉션 냉장고 Fit & Max + LG 디오스 오브제컬렉션 김치톡톡 Fit & Max,https://www.lge.co.kr/kr/images/refrigerators/md10642847/gallery/medium01.jpg,7049000,2,38.0,Fit & Max,4,613,384,229,914,1860,698,143,오브제컬렉션 토프 / 아몬드,글라스,멀티냉각방식,1,1,https://gscs-b2c.lge.com/open/downloadFile?fileId=Dcda4GSDyDAzSHJEoaNHAw
REF177,LG 디오스 오브제컬렉션 냉장고 Fit & Max + LG 디오스 오브제컬렉션 김치톡톡 Fit & Max,https://www.lge.co.kr/kr/images/refrigerators/md10574846/gallery/medium01.jpg,6300000,2,32.9,Fit & Max,4,504,300,204,835,1860,685,136,오브제컬렉션 베이지 / 베이지,글라스,멀티냉각방식,1,1,https://gscs-b2c.lge.com/open/downloadFile?fileId=3qqiH6grIMMQpHIIwB4crw
REF178,LG 디오스 오브제컬렉션 냉장고 Fit & Max + LG 디오스 오브제컬렉션 김치톡톡 Fit & Max,https://www.lge.co.kr/kr/images/refrigerators/md10574847/gallery/medium01.jpg,6200000,2,32.9,Fit & Max,4,504,300,204,835,1860,685,136,오브제컬렉션 토프 / 아몬드,글라스,멀티냉각방식,1,1,https://gscs-b2c.lge.com/open/downloadFile?fileId=3qqiH6grIMMQpHIIwB4crw
REF179,"LG 디오스 AI 오브제컬렉션 냉장고 (양문형, 매직스페이스)",https://www.lge.co.kr/kr/images/refrigerators/md10559867/gallery/medium-interior01.jpg,2720000,3,52.5,프리스탠딩,2,652,413,239,913,1790,735,117,오브제컬렉션 베이지 / 베이지,글라스,멀티냉각방식,1,1,
REF180,"LG 디오스 AI 오브제컬렉션 냉장고 (양문형, 매직스페이스)",https://www.lge.co.kr/kr/images/refrigerators/md10559868/gallery/medium-interior01.jpg,2150000,3,52.5,프리스탠딩,2,652,413,239,913,1790,735,113,오브제컬렉션 에센스 화이트 / 에센스 화이트,메탈,멀티냉각방식,1,1,
REF181,LG 디오스 AI 오브제컬렉션 냉장고 (양문형),https://www.lge.co.kr/kr/images/refrigerators/md10559870/gallery/medium-interior01.jpg,1600000,3,52.5,프리스탠딩,2,661,421,240,913,1790,735,101,프라임 실버,메탈,멀티냉각방식,1,0,https://gscs-b2c.lge.com/open/downloadFile?fileId=e00FChgWxxEwQYKHzDntRA
REF182,LG 디오스 AI 오브제컬렉션 냉장고 (양문형),https://www.lge.co.kr/kr/images/refrigerators/md10559869/gallery/medium-interior01.jpg,1900000,3,52.5,프리스탠딩,2,652,413,239,913,1790,735,108,프라임 실버,메탈,멀티냉각방식,1,1,https://gscs-b2c.lge.com/open/downloadFile?fileId=khFdukaNknYj63k7BczIw
REF183,LG 디오스 오브제컬렉션 매직스페이스 냉장고,https://www.lge.co.kr/kr/images/refrigerators/md09084835/gallery/medium-interior01.jpg,2553000,2,46.7,,,832,524,308,913,1790,913,137,오브제컬렉션 베이지 / 베이지,미스트 (글라스),,1,0,https://gscs-b2c.lge.com/open/downloadFile?fileId=fyN8Fmbfo9ACt8EsWzImmg
REF184,"LG 디오스 AI 오브제컬렉션 냉장고 (양문형, 매직스페이스)",https://www.lge.co.kr/kr/images/refrigerators/md10635830/gallery/medium-interior01.jpg,2250000,1,40.2,프리스탠딩,2,832,524,308,913,1790,913,145,오브제컬렉션 베이지 베이지,메탈,멀티냉각방식,1,1,https://gscs-b2c.lge.com/open/downloadFile?fileId=fyN8Fmbfo9ACt8EsWzImmg
REF185,"LG 디오스 AI 오브제컬렉션 냉장고 (양문형, 매직스페이스)",https://www.lge.co.kr/kr/images/refrigerators/md10635828/gallery/medium-interior01.jpg,2609000,1,40.2,프리스탠딩,2,832,524,308,913,1790,913,145,오브제컬렉션 베이지 베이지,메탈,멀티냉각방식,1,1,https://gscs-b2c.lge.com/open/downloadFile?fileId=fyN8Fmbfo9ACt8EsWzImmg
REF186,LG 디오스 AI 오브제컬렉션 냉장고 (양문형),https://www.lge.co.kr/kr/images/refrigerators/md10635834/gallery/medium-interior01.jpg,2050000,1,40.2,프리스탠딩,2,832,524,308,913,1790,913,139,클레이 민트 / 베이지,메탈,멀티냉각방식,1,1,
REF187,"LG 디오스 AI 오브제컬렉션 냉장고 (양문형, 매직스페이스)",https://www.lge.co.kr/kr/images/refrigerators/md10559848/gallery/medium-interior01.jpg,2250000,2,51.5,프리스탠딩,2,832,524,308,913,1790,913,132,오브제컬렉션 베이지 / 베이지,글라스,멀티냉각방식,1,1,https://gscs-b2c.lge.com/open/downloadFile?fileId=ligy9hfMumSaMBuWNZFGrA
REF188,"LG 디오스 AI 오브제컬렉션 냉장고 (양문형, 매직스페이스)",https://www.lge.co.kr/kr/images/refrigerators/md10559847/gallery/medium-interior01.jpg,2350000,2,51.5,프리스탠딩,2,832,524,308,913,1790,913,132,오브제컬렉션 베이지 / 베이지,글라스,멀티냉각방식,1,1,https://gscs-b2c.lge.com/open/downloadFile?fileId=ligy9hfMumSaMBuWNZFGrA
REF189,"LG 디오스 AI 오브제컬렉션 냉장고 (양문형, 매직스페이스)",https://www.lge.co.kr/kr/images/refrigerators/md10559846/gallery/medium-interior01.jpg,2720000,2,51.5,프리스탠딩,2,832,524,308,913,1790,913,132,오브제컬렉션 베이지 / 베이지,글라스,멀티냉각방식,1,1,
REF190,"LG 디오스 AI 오브제컬렉션 STEM 베이직 냉장고 (양문형, 매직스페이스)",https://www.lge.co.kr/kr/images/refrigerators/md10741830/gallery/medium-interior01.jpg,2460000,2,51.8,프리스탠딩,2,827,524,303,913,1790,913,134,오브제컬렉션 베이지 / 베이지,글라스,멀티냉각방식,1,1,https://gscs-b2c.lge.com/open/downloadFile?fileId=GvHc3SwDCDn55YmZZcWoBg
REF191,"LG 디오스 AI 오브제컬렉션 STEM 베이직 냉장고 (양문형, 매직스페이스)",https://www.lge.co.kr/kr/images/refrigerators/md10741829/gallery/medium-interior01.jpg,2831000,2,51.8,프리스탠딩,2,827,524,303,913,1790,913,134,오브제컬렉션 베이지 / 베이지,글라스,멀티냉각방식,1,1,https://gscs-b2c.lge.com/open/downloadFile?fileId=GvHc3SwDCDn55YmZZcWoBg
REF192,LG 디오스 AI 오브제컬렉션 냉장고 (양문형),https://www.lge.co.kr/kr/images/refrigerators/md10559863/gallery/medium-interior01.jpg,1750000,2,49.0,프리스탠딩,2,832,524,308,913,1790,913,120,오브제컬렉션 베이지 / 베이지,메탈,멀티냉각방식,1,1,https://gscs-b2c.lge.com/open/downloadFile?fileId=ligy9hfMumSaMBuWNZFGrA
REF193,"LG 디오스 AI 오브제컬렉션 냉장고 (양문형, 매직스페이스)",https://www.lge.co.kr/kr/images/refrigerators/md10559852/gallery/medium-interior01.jpg,1950000,2,51.5,프리스탠딩,2,832,524,308,913,1790,913,126,오브제컬렉션 베이지 베이지,메탈,멀티냉각방식,1,1,https://gscs-b2c.lge.com/open/downloadFile?fileId=ligy9hfMumSaMBuWNZFGrA
REF194,LG 디오스 AI 오브제컬렉션 냉장고 (양문형),https://www.lge.co.kr/kr/images/refrigerators/md10559866/gallery/medium-interior01.jpg,1700000,2,49.0,프리스탠딩,2,832,524,308,913,1790,913,118,오브제컬렉션 에센스 화이트 / 에센스 화이트,메탈,멀티냉각방식,1,1,https://gscs-b2c.lge.com/open/downloadFile?fileId=ligy9hfMumSaMBuWNZFGrA
REF195,"LG 디오스 AI 오브제컬렉션 냉장고 (양문형, 매직스페이스)",https://www.lge.co.kr/kr/images/refrigerators/md10559849/gallery/medium-interior01.jpg,2387000,2,51.5,프리스탠딩,2,832,524,308,913,1790,913,126,오브제컬렉션 에센스 화이트 / 에센스 화이트,메탈,멀티냉각방식,1,1,https://gscs-b2c.lge.com/open/downloadFile?fileId=ligy9hfMumSaMBuWNZFGrA
REF196,"LG 디오스 AI 오브제컬렉션 STEM 베이직 냉장고 (양문형, 매직스페이스)",https://www.lge.co.kr/kr/images/refrigerators/md10741831/gallery/medium-interior01.jpg,2060000,2,51.8,프리스탠딩,2,827,524,303,913,1790,913,128,오브제컬렉션 에센스 화이트 / 에센스 화이트,메탈,멀티냉각방식,1,1,https://gscs-b2c.lge.com/open/downloadFile?fileId=GvHc3SwDCDn55YmZZcWoBg
REF197,"LG 디오스 AI 오브제컬렉션 냉장고 (양문형, 매직스페이스)",https://www.lge.co.kr/kr/images/refrigerators/md10559853/gallery/medium-interior01.jpg,1900000,2,51.5,프리스탠딩,2,832,524,308,913,1790,913,124,오브제컬렉션 크림 그레이 / 에센스 화이트,메탈,멀티냉각방식,1,1,https://gscs-b2c.lge.com/open/downloadFile?fileId=ligy9hfMumSaMBuWNZFGrA
REF198,LG 디오스 AI 오브제컬렉션 냉장고 (양문형),https://www.lge.co.kr/kr/images/refrigerators/md10559859/gallery/medium-interior01.jpg,1850000,2,49.0,프리스탠딩,2,832,524,308,913,1790,913,120,클레이 민트 / 베이지,메탈,멀티냉각방식,1,1,https://gscs-b2c.lge.com/open/downloadFile?fileId=ligy9hfMumSaMBuWNZFGrA
REF199,LG 디오스 오브제컬렉션 냉장고 (매직스페이스),https://www.lge.co.kr/kr/images/refrigerators/md09322826/gallery/medium-interior02.jpg,2750000,1,43.7,프리스탠딩,4,870,503,367,914,1787,918,146,오브제컬렉션 베이지 / 베이지,메탈,멀티냉각방식,1,1,https://gscs-b2c.lge.com/open/downloadFile?fileId=a8sdGu0vrerKMqWmu5nkQ
REF200,LG 디오스 AI 오브제컬렉션 베이직 냉장고,https://www.lge.co.kr/kr/images/refrigerators/md10645840/gallery/medium-interior01.jpg,2650000,1,43.7,프리스탠딩,4,870,503,367,914,1787,918,145,오브제컬렉션 베이지 / 베이지,메탈,멀티냉각방식,1,1,https://gscs-b2c.lge.com/open/downloadFile?fileId=LuQhmLf8ZMxg8pHShCqA
REF201,LG 디오스 오브제컬렉션 베이직 냉장고,https://www.lge.co.kr/kr/images/refrigerators/md10414838/gallery/medium-interior01.jpg,2500000,2,56.8,프리스탠딩,4,870,503,367,914,1787,918,125,오브제컬렉션 베이지 / 베이지,메탈,멀티냉각방식,1,1,https://gscs-b2c.lge.com/open/downloadFile?fileId=LuQhmLf8ZMxg8pHShCqA
REF202,LG 디오스 AI 오브제컬렉션 STEM 베이직 냉장고,https://www.lge.co.kr/kr/images/refrigerators/md10645838/gallery/medium-interior01.jpg,2950000,1,43.3,프리스탠딩,4,860,498,362,914,1787,918,156,오브제컬렉션 베이지 / 베이지,메탈,멀티냉각방식,1,1,https://gscs-b2c.lge.com/open/downloadFile?fileId=gBGkGEXhqsi8X5dtS66UpA
REF203,LG 디오스 오브제컬렉션 STEM 베이직 냉장고,https://www.lge.co.kr/kr/images/refrigerators/md10411842/gallery/medium-interior01.jpg,2800000,2,56.3,프리스탠딩,4,860,498,362,914,1787,918,132,오브제컬렉션 베이지 / 베이지,메탈,멀티냉각방식,1,1,https://gscs-b2c.lge.com/open/downloadFile?fileId=gBGkGEXhqsi8X5dtS66UpA
REF204,LG 디오스 오브제컬렉션 STEM 베이직 냉장고,https://www.lge.co.kr/kr/images/refrigerators/md10449874/gallery/medium-interior01.jpg,,2,56.3,프리스탠딩,4,860,498,362,914,1787,918,132,오브제컬렉션 베이지 / 베이지,메탈,멀티냉각방식,1,1,https://gscs-b2c.lge.com/open/downloadFile?fileId=gBGkGEXhqsi8X5dtS66UpA
REF205,LG 디오스 오브제컬렉션 냉장고 (매직스페이스),https://www.lge.co.kr/kr/images/refrigerators/md10411859/gallery/medium-interior01.jpg,2900000,1,43.7,프리스탠딩,4,870,503,367,914,1787,918,146,오브제컬렉션 베이지 / 베이지,메탈,멀티냉각방식,1,1,https://gscs-b2c.lge.com/open/downloadFile?fileId=LuQhmLf8ZMxg8pHShCqA
REF206,LG 디오스 오브제컬렉션 STEM 베이직 냉장고 (매직스페이스),https://www.lge.co.kr/kr/images/refrigerators/md10411838/gallery/medium-interior01.jpg,3150000,1,43.3,프리스탠딩,4,860,498,362,914,1787,918,157,오브제컬렉션 크림 화이트 / 크림 화이트,메탈,멀티냉각방식,1,1,https://gscs-b2c.lge.com/open/downloadFile?fileId=gBGkGEXhqsi8X5dtS66UpA
REF207,LG 디오스 오브제컬렉션 STEM 베이직 냉장고 (매직스페이스),https://www.lge.co.kr/kr/images/refrigerators/md10449870/gallery/medium-interior01.jpg,,1,43.3,프리스탠딩,4,860,498,362,914,1787,918,157,오브제컬렉션 크림 화이트 / 크림 화이트,메탈,멀티냉각방식,1,1,https://gscs-b2c.lge.com/open/downloadFile?fileId=gBGkGEXhqsi8X5dtS66UpA
REF208,LG 디오스 오브제컬렉션 냉장고 (노크온),https://www.lge.co.kr/kr/images/refrigerators/md10414835/gallery/medium-interior01.jpg,2750000,2,56.8,프리스탠딩,4,870,503,367,914,1787,918,135,오브제컬렉션 크림 화이트 / 크림 화이트,메탈,멀티냉각방식,1,1,https://gscs-b2c.lge.com/open/downloadFile?fileId=LuQhmLf8ZMxg8pHShCqA
REF209,LG 디오스 AI 오브제컬렉션 냉장고,https://www.lge.co.kr/kr/images/refrigerators/md10681855/gallery/medium-interior01.jpg,2800000,1,43.7,프리스탠딩,4,870,503,367,914,1787,918,145,오브제컬렉션 베이지 / 베이지,메탈,멀티냉각방식,1,1,
REF210,LG 디오스 AI 오브제컬렉션 냉장고,https://www.lge.co.kr/kr/images/refrigerators/md10681861/gallery/medium-interior01.jpg,2600000,2,56.8,프리스탠딩,4,870,503,367,914,1787,918,125,오브제컬렉션 베이지 / 베이지,메탈,멀티냉각방식,1,1,https://gscs-b2c.lge.com/open/downloadFile?fileId=LuQhmLf8ZMxg8pHShCqA
REF211,LG 디오스 AI 오브제컬렉션 냉장고 (매직스페이스),https://www.lge.co.kr/kr/images/refrigerators/md10681851/gallery/medium-interior01.jpg,3000000,1,43.7,프리스탠딩,4,870,503,367,914,1787,918,146,오브제컬렉션 베이지 / 베이지,메탈,멀티냉각방식,1,1,https://gscs-b2c.lge.com/open/downloadFile?fileId=LuQhmLf8ZMxg8pHShCqA
REF212,LG 디오스 AI 오브제컬렉션 냉장고 (매직스페이스),https://www.lge.co.kr/kr/images/refrigerators/md10758826/gallery/medium-interior01.jpg,3100000,1,43.7,프리스탠딩,4,870,503,367,914,1787,918,146,오브제컬렉션 베이지 / 베이지,메탈,멀티냉각방식,1,1,
REF213,LG 디오스 AI 오브제컬렉션 냉장고 (노크온),https://www.lge.co.kr/kr/images/refrigerators/md10681854/gallery/medium-interior01.jpg,2850000,2,56.8,프리스탠딩,4,870,503,367,914,1787,918,135,오브제컬렉션 베이지 / 베이지,메탈,멀티냉각방식,1,1,https://gscs-b2c.lge.com/open/downloadFile?fileId=LuQhmLf8ZMxg8pHShCqA
REF214,LG 디오스 AI 오브제컬렉션 냉장고 (노크온 매직스페이스),https://www.lge.co.kr/kr/images/refrigerators/md10681849/gallery/medium-interior01.jpg,3100000,2,56.3,프리스탠딩,4,865,498,367,914,1787,918,143,오브제컬렉션 베이지 / 베이지,메탈,멀티냉각방식,1,1,https://gscs-b2c.lge.com/open/downloadFile?fileId=LuQhmLf8ZMxg8pHShCqA
REF215,"LG 디오스 오브제컬렉션 STEM 얼음정수 냉장고 (노크온 매직스페이스,본체)",https://www.lge.co.kr/kr/images/refrigerators/md10364832/gallery/medium01.jpg,,2,54.4,프리스탠딩,4,817,457,360,914,1866,918,176,패널 선택 필요,,멀티냉각방식,1,1,
REF216,LG 디오스 오브제컬렉션 STEM 얼음정수 냉장고 (매직스페이스),https://www.lge.co.kr/kr/images/refrigerators/md10419831/gallery/medium-interior01.jpg,,2,54.4,프리스탠딩,4,817,457,360,914,1860,918,182,오브제컬렉션 베이지 / 베이지,글라스,멀티냉각방식,1,1,https://gscs-b2c.lge.com/open/downloadFile?fileId=qyFbenPpeJ0kzHxiHWoA
REF217,LG 디오스 오브제컬렉션 STEM 얼음정수 냉장고 (매직스페이스),https://www.lge.co.kr/kr/images/refrigerators/md10419828/gallery/medium-interior01.jpg,,2,54.4,프리스탠딩,4,817,457,360,914,1860,918,180,오브제컬렉션 실버 / 실버,스톤 (스테인리스),멀티냉각방식,1,1,https://gscs-b2c.lge.com/open/downloadFile?fileId=qyFbenPpeJ0kzHxiHWoA
REF218,"LG 디오스 AI 오브제컬렉션 STEM 얼음정수 냉장고 (매직스페이스, 본체)",https://www.lge.co.kr/kr/images/refrigerators/md10604854/gallery/medium01.jpg,,2,54.4,프리스탠딩,4,817,457,360,914,1860,918,172,패널 선택 필요,,멀티냉각방식,1,1,https://gscs-b2c.lge.com/open/downloadFile?fileId=SuxBkLRxdz1W2A8vSwdIaQ
REF219,"LG 디오스 AI 오브제컬렉션 STEM 얼음정수 냉장고 (노크온 매직스페이스, 본체)",https://www.lge.co.kr/kr/images/refrigerators/md10574850/gallery/medium01.jpg,,2,54.4,프리스탠딩,4,817,457,360,914,1860,918,178,패널 선택 필요,,멀티냉각방식,1,1,https://gscs-b2c.lge.com/open/downloadFile?fileId=SuxBkLRxdz1W2A8vSwdIaQ
REF220,"LG 디오스 AI 오브제컬렉션 STEM 얼음정수 냉장고 (노크온 매직스페이스, 본체)",https://www.lge.co.kr/kr/images/refrigerators/md10574849/gallery/medium01.jpg,,2,54.4,프리스탠딩,4,817,457,360,914,1866,918,178,패널 선택 필요,,멀티냉각방식,1,1,https://gscs-b2c.lge.com/open/downloadFile?fileId=SuxBkLRxdz1W2A8vSwdIaQ
REF221,LG 디오스 AI 오브제컬렉션 STEM 얼음정수 냉장고 (매직스페이스),https://www.lge.co.kr/kr/images/refrigerators/md10604855/gallery/medium-interior01.jpg,,2,54.4,프리스탠딩,4,817,457,360,914,1860,918,185,오브제컬렉션 베이지 / 베이지,글라스,멀티냉각방식,1,1,
REF222,LG 디오스 AI 오브제컬렉션 STEM 얼음정수 냉장고 (노크온 매직스페이스),https://www.lge.co.kr/kr/images/refrigerators/md10597854/gallery/medium-interior01.jpg,,2,54.4,프리스탠딩,4,817,457,360,914,1860,918,188,오브제컬렉션 베이지 / 베이지,글라스,멀티냉각방식,1,1,https://gscs-b2c.lge.com/open/downloadFile?fileId=SuxBkLRxdz1W2A8vSwdIaQ
REF223,LG 디오스 AI 오브제컬렉션 STEM 얼음정수 냉장고 (노크온 매직스페이스),https://www.lge.co.kr/kr/images/refrigerators/md10602833/gallery/medium-interior01.jpg,,2,54.4,프리스탠딩,4,817,457,360,914,1866,918,188,오브제컬렉션 베이지 / 베이지,글라스,멀티냉각방식,1,1,
REF224,LG 디오스 AI 오브제컬렉션 STEM 얼음정수 냉장고 (노크온 매직스페이스),https://www.lge.co.kr/kr/images/refrigerators/md10602833/gallery/medium-interior01.jpg,,2,54.4,프리스탠딩,4,817,457,360,914,1866,918,188,오브제컬렉션 베이지 / 베이지,글라스,멀티냉각방식,1,1,https://gscs-b2c.lge.com/open/downloadFile?fileId=SuxBkLRxdz1W2A8vSwdIaQ
REF225,LG 디오스 AI 오브제컬렉션 STEM 얼음정수 냉장고 (노크온 매직스페이스),https://www.lge.co.kr/kr/images/refrigerators/md10615838/gallery/medium-interior01.jpg,,2,54.4,프리스탠딩,4,817,457,360,914,1860,918,185,오브제컬렉션 에센스 화이트 / 에센스 화이트,메탈,멀티냉각방식,1,1,https://gscs-b2c.lge.com/open/downloadFile?fileId=SuxBkLRxdz1W2A8vSwdIaQ
REF226,LG 디오스 AI 오브제컬렉션 STEM 얼음정수 냉장고 (노크온 매직스페이스),https://www.lge.co.kr/kr/images/refrigerators/md10615831/gallery/medium-interior01.jpg,,2,54.4,프리스탠딩,4,817,457,360,914,1866,918,185,오브제컬렉션 에센스 화이트 / 에센스 화이트,메탈,멀티냉각방식,1,1,https://gscs-b2c.lge.com/open/downloadFile?fileId=SuxBkLRxdz1W2A8vSwdIaQ
REF227,LG 디오스 AI 오브제컬렉션 STEM 얼음정수 냉장고 (노크온 매직스페이스),https://www.lge.co.kr/kr/images/refrigerators/md10615831/gallery/medium-interior01.jpg,,2,54.4,프리스탠딩,4,817,457,360,914,1866,918,185,오브제컬렉션 에센스 화이트 / 에센스 화이트,메탈,멀티냉각방식,1,1,https://gscs-b2c.lge.com/open/downloadFile?fileId=SuxBkLRxdz1W2A8vSwdIaQ
REF228,LG 디오스 AI 오브제컬렉션 STEM 얼음정수 냉장고 (매직스페이스),https://www.lge.co.kr/kr/images/refrigerators/md10615840/gallery/medium-interior01.jpg,,2,54.4,프리스탠딩,4,817,457,360,914,1860,918,182,오브제컬렉션 실버 / 실버,스톤 (스테인리스),멀티냉각방식,1,1,https://gscs-b2c.lge.com/open/downloadFile?fileId=SuxBkLRxdz1W2A8vSwdIaQ
REF229,LG 디오스 AI 오브제컬렉션 STEM 얼음정수 냉장고 (노크온 매직스페이스),https://www.lge.co.kr/kr/images/refrigerators/md10615833/gallery/medium-interior01.jpg,,2,54.4,프리스탠딩,4,817,457,360,914,1860,918,185,오브제컬렉션 실버 / 실버,스톤 (스테인리스),멀티냉각방식,1,1,https://gscs-b2c.lge.com/open/downloadFile?fileId=SuxBkLRxdz1W2A8vSwdIaQ
REF230,LG 디오스 AI 오브제컬렉션 STEM 얼음정수 냉장고 (노크온 매직스페이스),https://www.lge.co.kr/kr/images/refrigerators/md10615826/gallery/medium-interior01.jpg,,2,54.4,프리스탠딩,4,817,457,360,914,1866,918,185,오브제컬렉션 실버 / 실버,스톤 (스테인리스),멀티냉각방식,1,1,https://gscs-b2c.lge.com/open/downloadFile?fileId=SuxBkLRxdz1W2A8vSwdIaQ
REF231,LG 디오스 AI 오브제컬렉션 STEM 얼음정수 냉장고 (노크온 매직스페이스),https://www.lge.co.kr/kr/images/refrigerators/md10615826/gallery/medium-interior01.jpg,,2,54.4,프리스탠딩,4,817,457,360,914,1866,918,185,오브제컬렉션 실버 / 실버,스톤 (스테인리스),멀티냉각방식,1,1,https://gscs-b2c.lge.com/open/downloadFile?fileId=SuxBkLRxdz1W2A8vSwdIaQ
